商品编码,品名,监管条件,检验检疫类别,法定单位,政策依据
01012100,改良种用,AFEB,PQ,千克/头,税委会公告2026年第5号
01012900,其他,AFEB,PQ,千克/头,税委会公告2026年第5号
01013010,改良种用,AFEB,PQ,千克/头,税委会公告2026年第5号
01013090,其他,AFEB,PQ,千克/头,税委会公告2026年第5号
01019000,其他,AB,PQ,千克/头,税委会公告2026年第5号
01022100,改良种用,AB,PQ,千克/头,税委会公告2026年第5号
01022900,其他,4xAB,PQ,千克/头,税委会公告2026年第5号
01023100,改良种用,ABEF,PQ,千克/头,税委会公告2026年第5号
01023900,其他,4ABEFx,PQ,千克/头,税委会公告2026年第5号
01029010,改良种用,AFEB,PQ,千克/头,税委会公告2026年第5号
01029090,其他,4xABFE,PQ,千克/头,税委会公告2026年第5号
01031000,改良种用,AFEB,PQ,千克/头,税委会公告2026年第5号
01039110,重量在10千克以下,4xABFE,PRQ,千克/头,税委会公告2026年第5号
01039120,重量在10千克及以上，但在50千克以下,4xABFE,PRQ,千克/头,税委会公告2026年第5号
01039200,重量在50千克及以上,4xABFE,PRQ,千克/头,税委会公告2026年第5号
01041010,改良种用,AB,PQ,千克/头,税委会公告2026年第5号
01041090,其他,AB,PRQ,千克/头,税委会公告2026年第5号
01042010,改良种用,AB,PQ,千克/头,税委会公告2026年第5号
01042090,其他,AB,PQ,千克/头,税委会公告2026年第5号
01051110,改良种用,AB,PQ,千克/只,税委会公告2026年第5号
01051190,其他,AB,PRQ,千克/只,税委会公告2026年第5号
01051210,改良种用,AB,PQ,千克/只,税委会公告2026年第5号
01051290,其他,AB,PRQ,千克/只,税委会公告2026年第5号
01051310,改良种用,AB,PQ,千克/只,税委会公告2026年第5号
01051390,其他,AB,PRQ,千克/只,税委会公告2026年第5号
01051410,改良种用,AB,PQ,千克/只,税委会公告2026年第5号
01051490,其他,AB,PRQ,千克/只,税委会公告2026年第5号
01051510,改良种用,AB,PQ,千克/只,税委会公告2026年第5号
01051590,其他,AB,PRQ,千克/只,税委会公告2026年第5号
01059410,改良种用,4ABxxy,PQ,千克/只,税委会公告2026年第5号
01059490,其他,4xAB,PRQ,千克/只,税委会公告2026年第5号
01059910,改良种用,AB,PQ,千克/只,税委会公告2026年第5号
01059991,鸭,AB,PQ,千克/只,税委会公告2026年第5号
01059992,鹅,AB,PQ,千克/只,税委会公告2026年第5号
01059993,珍珠鸡,4xAB,PQ,千克/只,税委会公告2026年第5号
01059994,火鸡,AB,PQ,千克/只,税委会公告2026年第5号
01061110,改良种用,AFEB,PQ,千克/只,税委会公告2026年第5号
01061190,其他,AFEB,PQ,千克/只,税委会公告2026年第5号
01061211,改良种用,AFEB,PQ,千克/只,税委会公告2026年第5号
01061219,其他,AFEB,PQ,千克/只,税委会公告2026年第5号
01061221,改良种用,AFEB,PQ,千克/只,税委会公告2026年第5号
01061229,其他,ABEF,PQ,千克/只,税委会公告2026年第5号
01061310,改良种用,ABFE,PQ,千克/只,税委会公告2026年第5号
01061390,其他,AFEB,PRQ,千克/只,税委会公告2026年第5号
01061410,改良种用,ABEF,PQ,千克/只,税委会公告2026年第5号
01061490,其他,AFEB,PRQ,千克/只,税委会公告2026年第5号
01061910,改良种用,ABFE,PQ,千克/只,税委会公告2026年第5号
01061990,其他,AFEB,PRQ,千克/只,税委会公告2026年第5号
01062011,鳄鱼苗,AFEB,PQ,千克/只,税委会公告2026年第5号
01062019,其他,FEAB,PQ,千克/只,税委会公告2026年第5号
01062020,食用,AB,PRQ,千克/只,税委会公告2026年第5号
01062090,其他,FEAB,PQ,千克/只,税委会公告2026年第5号
01063110,改良种用,AFEB,PQ,千克/只,税委会公告2026年第5号
01063190,其他,ABFE,PQ,千克/只,税委会公告2026年第5号
01063210,改良种用,ABFE,PQ,千克/只,税委会公告2026年第5号
01063290,其他,ABFE,PQ,千克/只,税委会公告2026年第5号
01063310,改良种用,ABFE,PQ,千克/只,税委会公告2026年第5号
01063390,其他,ABFE,PRQ,千克/只,税委会公告2026年第5号
01063910,改良种用,ABFE,PQ,千克/只,税委会公告2026年第5号
01063921,乳鸽,AB,PRQ,千克/只,税委会公告2026年第5号
01063923,野鸭,FEAB,PRQ,千克/只,税委会公告2026年第5号
01063929,其他,ABFE,PRQ,千克/只,税委会公告2026年第5号
01063990,其他,ABFE,PRQ,千克/只,税委会公告2026年第5号
01064110,改良种用,AB,PQ,千克/只,税委会公告2026年第5号
01064190,其他,AB,PQ,千克/只,税委会公告2026年第5号
01064910,改良种用,ABFE,PQ,千克/只,税委会公告2026年第5号
01064990,其他,ABFE,PQ,千克/只,税委会公告2026年第5号
01069011,蛙苗,ABFE,PQ,千克/只,税委会公告2026年第5号
01069019,其他,ABFE,PQ,千克/只,税委会公告2026年第5号
01069090,其他,ABFE,PQ,千克/只,税委会公告2026年第5号
02011000,整头及半头,4ABEFx,PRQS,千克,税委会公告2026年第5号
02012000,带骨肉,47ABEFxxy,PRQ,千克,税委会公告2026年第5号
02013000,去骨肉,47ABEFxy,PRQS,千克,税委会公告2026年第5号
02021000,整头及半头,4ABEFx,PRQS,千克,税委会公告2026年第5号
02022000,带骨肉,47ABEFxy,PRQS,千克,税委会公告2026年第5号
02023000,去骨肉,47ABEFxy,PRQS,千克,税委会公告2026年第5号
02031110,乳猪,4ABEFx,PRQS,千克,税委会公告2026年第5号
02031190,其他,4ABEFx,PRQS,千克,税委会公告2026年第5号
02031200,带骨的前腿、后腿及其肉块,47ABEFx,PRQS,千克,税委会公告2026年第5号
02031900,其他,47ABEFx,PRQS,千克,税委会公告2026年第5号
02032110,乳猪,4ABEFx,PRQS,千克,税委会公告2026年第5号
02032190,其他,47ABEFx,PRQS,千克,税委会公告2026年第5号
02032200,带骨的前腿、后腿及其肉块,47ABEFx,PRQS,千克,税委会公告2026年第5号
02032900,其他,47ABEFx,PRQS,千克,税委会公告2026年第5号
02041000,鲜或冷的整头及半头羔羊,7AB,PRQS,千克,税委会公告2026年第5号
02042100,整头及半头,7AB,PRQ,千克,税委会公告2026年第5号
02042200,带骨肉,7AB,PRQS,千克,税委会公告2026年第5号
02042300,去骨肉,7AB,PRQS,千克,税委会公告2026年第5号
02043000,冻的整头及半头羔羊,7AB,PRQS,千克,税委会公告2026年第5号
02044100,整头及半头,7AB,PRQS,千克,税委会公告2026年第5号
02044200,带骨肉,7AB,PRQS,千克,税委会公告2026年第5号
02044300,去骨肉,7AB,PRQS,千克,税委会公告2026年第5号
02045000,山羊肉,7AB,PRQS,千克,税委会公告2026年第5号
02050000,鲜、冷、冻马、驴、骡肉,ABFE,PRQS,千克,税委会公告2026年第5号
02061000,鲜、冷牛杂碎,4ABx,PRQS,千克,税委会公告2026年第5号
02062100,舌,47ABx,PRQS,千克,税委会公告2026年第5号
02062200,肝,47ABx,PRQS,千克,税委会公告2026年第5号
02062900,其他,47ABx,PRQS,千克,税委会公告2026年第5号
02063000,鲜、冷猪杂碎,4ABx,PRQS,千克,税委会公告2026年第5号
02064100,肝,47ABx,PRQS,千克,税委会公告2026年第5号
02064900,其他,47ABx,PRQS,千克,税委会公告2026年第5号
02068000,其他鲜或冷杂碎,AB,PRQS,千克,税委会公告2026年第5号
02069000,其他冻杂碎,7AB,PRQS,千克,税委会公告2026年第5号
02071100,整只，鲜或冷的,4xAB,PRQS,千克,税委会公告2026年第5号
02071200,整只，冻的,4x7AB,PRQS,千克,税委会公告2026年第5号
02071311,带骨的,4xAB,PRQS,千克,税委会公告2026年第5号
02071319,其他,4xAB,PRQS,千克,税委会公告2026年第5号
02071321,翼（不包括翼尖）,4xAB,PRQS,千克,税委会公告2026年第5号
02071329,其他,AB4x,PRQS,千克,税委会公告2026年第5号
02071411,带骨的,7AB4x,PRQS,千克,税委会公告2026年第5号
02071419,其他,7AB4x,PRQS,千克,税委会公告2026年第5号
02071421,翼（不包括翼尖）,7AB4x,PRQS,千克,税委会公告2026年第5号
02071422,鸡爪,7AB4x,PRQS,千克,税委会公告2026年第5号
02071429,其他,7AB4x,PRQS,千克,税委会公告2026年第5号
02072400,整只，鲜或冷的,AB,PRQS,千克,税委会公告2026年第5号
02072500,整只，冻的,AB,PRQS,千克,税委会公告2026年第5号
02072600,块及杂碎，鲜或冷的,AB,PRQS,千克,税委会公告2026年第5号
02072700,块及杂碎，冻的,AB,PRQS,千克,税委会公告2026年第5号
02074100,整只，鲜或冷的,AB,PRQS,千克,税委会公告2026年第5号
02074200,整只，冻的,AB,PRQS,千克,税委会公告2026年第5号
02074300,肥肝，鲜或冷的,AB,PRQS,千克,税委会公告2026年第5号
02074400,其他，鲜或冷的,AB,PRQS,千克,税委会公告2026年第5号
02074500,其他，冻的,AB,PRQS,千克,税委会公告2026年第5号
02075100,整只，鲜或冷的,AB,PRQS,千克,税委会公告2026年第5号
02075200,整只，冻的,AB,PRQS,千克,税委会公告2026年第5号
02075300,肥肝，鲜或冷的,AB,PRQS,千克,税委会公告2026年第5号
02075400,其他，鲜或冷的,AB,PRQS,千克,税委会公告2026年第5号
02075500,其他，冻的,AB,PRQS,千克,税委会公告2026年第5号
02076000,珍珠鸡,AB,PRQS,千克,税委会公告2026年第5号
02081010,鲜、冷兔肉，兔头除外,AB,PRQS,千克,税委会公告2026年第5号
02081020,冻兔肉，兔头除外,AB,PRQS,千克,税委会公告2026年第5号
02081090,其他,ABFE,PRQS,千克,税委会公告2026年第5号
02083000,灵长目的,ABFE,PRQS,千克,税委会公告2026年第5号
02084000,鲸、海豚及鼠海豚（鲸目哺乳动物）的；海牛及儒艮（海牛目哺乳动物）的；海豹、海狮及海象（鳍足亚目哺乳动物）的,ABFE,PRQS,千克,税委会公告2026年第5号
02085000,爬行动物（包括蛇及龟鳖）的,ABFE,PRQS,千克,税委会公告2026年第5号
02086000,骆驼及其他骆驼科动物的,ABFE,PRQS,千克,税委会公告2026年第5号
02089010,乳鸽的,AB,PRQS,千克,税委会公告2026年第5号
02089090,其他,ABFE,PRQS,千克,税委会公告2026年第5号
02091000,猪的,AB,PRQ,千克,税委会公告2026年第5号
02099000,其他,AB,PRQ,千克,税委会公告2026年第5号
02101110,带骨的腿,ABFE,PRQS,千克,税委会公告2026年第5号
02101190,其他,ABFE,PRQS,千克,税委会公告2026年第5号
02101200,腹肉（五花肉）,ABFE,PRQS,千克,税委会公告2026年第5号
02101900,其他,ABFE,PRQS,千克,税委会公告2026年第5号
02102000,牛肉,ABFE,PRQS,千克,税委会公告2026年第5号
02109100,灵长目的,ABFE,PRQS,千克,税委会公告2026年第5号
02109200,鲸、海豚及鼠海豚（鲸目哺乳动物）的；海牛及儒艮（海牛目哺乳动物）的；海豹、海狮及海象（鳍足亚目哺乳动物）的,ABFE,PRQS,千克,税委会公告2026年第5号
02109300,爬行动物（包括蛇及龟鳖）的,ABFE,PRQS,千克,税委会公告2026年第5号
02109900,其他,ABFE,PRQS,千克,税委会公告2026年第5号
03011100,淡水鱼,ABFE,PQ,千克,税委会公告2026年第5号
03011900,其他,ABFE,PQ,千克,税委会公告2026年第5号
03019110,鱼苗,AB,PQ,千克,税委会公告2026年第5号
03019190,其他,AB,PRQ,千克,税委会公告2026年第5号
03019210,鱼苗,ABE,PNQ,千克,税委会公告2026年第5号
03019290,其他,ABE,PRQS,千克,税委会公告2026年第5号
03019310,鱼苗,AB,PQ,千克,税委会公告2026年第5号
03019390,其他,AB,PRQS,千克,税委会公告2026年第5号
03019410,鱼苗,AB,PQ,千克,税委会公告2026年第5号
03019491,大西洋蓝鳍金枪鱼,AB,PNQ,千克,税委会公告2026年第5号
03019492,太平洋蓝鳍金枪鱼,AB,PNQ,千克,税委会公告2026年第5号
03019510,鱼苗,AB,PQ,千克,税委会公告2026年第5号
03019590,其他,AB,PNQ,千克,税委会公告2026年第5号
03019911,鲈鱼,AB,PQ,千克,税委会公告2026年第5号
03019912,鲟鱼,ABFE,PQ,千克,税委会公告2026年第5号
03019919,其他,ABFE,PQ,千克,税委会公告2026年第5号
03019991,罗非鱼,AB,PRQS,千克,税委会公告2026年第5号
03019992,鲀,AB,PNQ,千克,税委会公告2026年第5号
03019993,其他鲤科鱼,ABFE,PNQ,千克,税委会公告2026年第5号
03019999,其他,ABFE,PNQ,千克,税委会公告2026年第5号
03021100,鳟鱼（河鳟、虹鳟、克拉克大麻哈鱼、阿瓜大麻哈鱼、吉雨大麻哈鱼、亚利桑那大麻哈鱼、金腹大麻哈鱼）,AB,PRQS,千克,税委会公告2026年第5号
03021300,大麻哈鱼［红大麻哈鱼、细鳞大麻哈鱼、大麻哈鱼（种）、大鳞大麻哈鱼、银大麻哈鱼、马苏大麻哈鱼、玫瑰大麻哈鱼］,ABU,PRQS,千克,税委会公告2026年第5号
03021410,大西洋鲑鱼,AB,PRQS,千克,税委会公告2026年第5号
03021420,多瑙哲罗鱼,AB,PRQS,千克,税委会公告2026年第5号
03021900,其他,AB,PRQS,千克,税委会公告2026年第5号
03022100,庸鲽鱼（马舌鲽、庸鲽、狭鳞庸鲽）,ABU,PRQS,千克,税委会公告2026年第5号
03022200,鲽鱼（鲽）,AB,PRQS,千克,税委会公告2026年第5号
03022300,鳎鱼（鳎属）,AB,PRQS,千克,税委会公告2026年第5号
03022400,大菱鲆（瘤棘鲆）,AB,PRQS,千克,税委会公告2026年第5号
03022900,其他,ABU,PRQS,千克,税委会公告2026年第5号
03023100,长鳍金枪鱼,AB,PRQS,千克,税委会公告2026年第5号
03023200,黄鳍金枪鱼,AB,PRQS,千克,税委会公告2026年第5号
03023300,鲣,AB,PRQS,千克,税委会公告2026年第5号
03023400,大眼金枪鱼,AB,PRQS,千克,税委会公告2026年第5号
03023510,大西洋蓝鳍金枪鱼,ABU,PRQS,千克,税委会公告2026年第5号
03023520,太平洋蓝鳍金枪鱼,AB,PRQS,千克,税委会公告2026年第5号
03023600,南方蓝鳍金枪鱼,AB,PRQS,千克,税委会公告2026年第5号
03023900,其他,AB,PRQS,千克,税委会公告2026年第5号
03024100,鲱鱼（大西洋鲱鱼、太平洋鲱鱼）,ABU,PRQS,千克,税委会公告2026年第5号
03024200,鳀鱼（鳀属）,AB,PRQS,千克,税委会公告2026年第5号
03024300,沙丁鱼（沙丁鱼、沙瑙鱼属）、小沙丁鱼属、黍鲱或西鲱,AB,PRQS,千克,税委会公告2026年第5号
03024400,鲭鱼［大西洋鲭、澳洲鲭（鲐）、日本鲭（鲐）］,AB,PRQS,千克,税委会公告2026年第5号
03024500,对称竹荚鱼、新西兰竹荚鱼及竹荚鱼（竹荚鱼属）,AB,PRQS,千克,税委会公告2026年第5号
03024600,军曹鱼,AB,PRQS,千克,税委会公告2026年第5号
03024700,剑鱼,ABU,PRQS,千克,税委会公告2026年第5号
03024910,银鲳（鲳属）,AB,PRQS,千克,税委会公告2026年第5号
03024990,其他,AB,PRQS,千克,税委会公告2026年第5号
03025100,鳕鱼（大西洋鳕鱼、格陵兰鳕鱼、太平洋鳕鱼）,AB,PRQS,千克,税委会公告2026年第5号
03025200,黑线鳕鱼（黑线鳕）,AB,PRQS,千克,税委会公告2026年第5号
03025300,绿青鳕鱼,AB,PRQS,千克,税委会公告2026年第5号
03025400,狗鳕鱼（无须鳕属、长鳍鳕属）,AB,PRQS,千克,税委会公告2026年第5号
03025500,阿拉斯加狭鳕鱼,ABU,PRQS,千克,税委会公告2026年第5号
03025600,蓝鳕鱼（小鳍鳕、南蓝鳕）,AB,PRQS,千克,税委会公告2026年第5号
03025900,其他,AB,PRQS,千克,税委会公告2026年第5号
03027100,罗非鱼（口孵非鲫属）,AB,PRQS,千克,税委会公告2026年第5号
03027200,鲶鱼[（鱼芒）鲶属、鲶属、胡鲶属、真鮰属],AB,PRQS,千克,税委会公告2026年第5号
03027300,鲤科鱼（鲤属、鲫属、草鱼、鲢属、鲮属、青鱼、卡特拉鲃、野鲮属、哈氏纹唇鱼、何氏细须鲃、鲂属）,AB,PRQS,千克,税委会公告2026年第5号
03027400,鳗鱼（鳗鲡属）,ABE,PRQS,千克,税委会公告2026年第5号
03027900,其他,AB,PRQS,千克,税委会公告2026年第5号
03028100,角鲨及其他鲨鱼,ABEF,PRQS,千克,税委会公告2026年第5号
03028200,魟鱼及鳐鱼（鳐科）,AB,PRQS,千克,税委会公告2026年第5号
03028300,南极犬牙鱼（南极犬牙鱼属）,ABU,PRQS,千克,税委会公告2026年第5号
03028400,尖吻鲈鱼（舌齿鲈属）,AB,PRQS,千克,税委会公告2026年第5号
03028500,菱羊鲷（鲷科）,AB,PRQS,千克,税委会公告2026年第5号
03028910,带鱼,AB,PRQS,千克,税委会公告2026年第5号
03028920,黄鱼,AB,PRQS,千克,税委会公告2026年第5号
03028930,鲳鱼（银鲳除外）,AB,PRQS,千克,税委会公告2026年第5号
03028940,鲀,AB,PRQS,千克,税委会公告2026年第5号
03028990,其他,ABFE,PRQS,千克,税委会公告2026年第5号
03029100,鱼肝、鱼卵及鱼精,ABFE,PRQS,千克,税委会公告2026年第5号
03029200,鲨鱼翅,ABFE,PRQS,千克,税委会公告2026年第5号
03029900,其他,ABFE,PRQS,千克,税委会公告2026年第5号
03031100,红大麻哈鱼,ABU,PRQS,千克,税委会公告2026年第5号
03031200,其他大麻哈鱼［细鳞大麻哈鱼、大麻哈鱼（种）、大鳞大麻哈鱼、银大麻哈鱼、马苏大麻哈鱼、玫瑰大麻哈鱼］,ABU,PRQS,千克,税委会公告2026年第5号
03031310,大西洋鲑鱼,AB,PRQS,千克,税委会公告2026年第5号
03031320,多瑙哲罗鱼,AB,PRQS,千克,税委会公告2026年第5号
03031400,鳟鱼（河鳟、虹鳟、克拉克大麻哈鱼、阿瓜大麻哈鱼、吉雨大麻哈鱼、亚利桑那大麻哈鱼、金腹大麻哈鱼）,AB,PRQS,千克,税委会公告2026年第5号
03031900,其他,AB,PRQS,千克,税委会公告2026年第5号
03032300,罗非鱼（口孵非鲫属）,AB,PRQS,千克,税委会公告2026年第5号
03032400,鲶鱼[（鱼芒）鲶属、鲶属、胡鲶属、真鮰属],AB,PRQS,千克,税委会公告2026年第5号
03032500,鲤科鱼（鲤属、鲫属、草鱼、鲢属、鲮属、青鱼、卡特拉鲃、野鲮属、哈氏纹唇鱼、何氏细须鲃、鲂属）,AB,PRQS,千克,税委会公告2026年第5号
03032600,鳗鱼（鳗鲡属）,ABE,PRQS,千克,税委会公告2026年第5号
03032900,其他,AB,PRQS,千克,税委会公告2026年第5号
03033110,马舌鲽（格陵兰庸鲽鱼）,ABU,PRQS,千克,税委会公告2026年第5号
03033190,其他,ABU,PRQS,千克,税委会公告2026年第5号
03033200,鲽鱼（鲽）,AB,PRQS,千克,税委会公告2026年第5号
03033300,鳎鱼（鳎属）,AB,PRQS,千克,税委会公告2026年第5号
03033400,大菱鲆（瘤棘鲆）,AB,PRQS,千克,税委会公告2026年第5号
03033900,其他,ABU,PRQS,千克,税委会公告2026年第5号
03034100,长鳍金枪鱼,AB,PRQS,千克,税委会公告2026年第5号
03034200,黄鳍金枪鱼,AB,PRQS,千克,税委会公告2026年第5号
03034300,鲣,AB,PRQS,千克,税委会公告2026年第5号
03034400,大眼金枪鱼,ABU,PRQS,千克,税委会公告2026年第5号
03034510,大西洋蓝鳍金枪鱼,ABU,PRQS,千克,税委会公告2026年第5号
03034520,太平洋蓝鳍金枪鱼,AB,PRQS,千克,税委会公告2026年第5号
03034600,南方蓝鳍金枪鱼,AB,PRQS,千克,税委会公告2026年第5号
03034900,其他,AB,PRQS,千克,税委会公告2026年第5号
03035100,鲱鱼（大西洋鲱鱼、太平洋鲱鱼）,ABU,PRQS,千克,税委会公告2026年第5号
03035300,沙丁鱼（沙丁鱼、沙瑙鱼属）、小沙丁鱼属、黍鲱或西鲱,AB,PRQS,千克,税委会公告2026年第5号
03035400,鲭鱼［大西洋鲭、澳洲鲭（鲐）、日本鲭（鲐）］,AB,PRQS,千克,税委会公告2026年第5号
03035500,对称竹荚鱼、新西兰竹荚鱼及竹荚鱼（竹荚鱼属）,AB,PRQS,千克,税委会公告2026年第5号
03035600,军曹鱼,AB,PRQS,千克,税委会公告2026年第5号
03035700,剑鱼,ABU,PRQS,千克,税委会公告2026年第5号
03035910,银鲳（鲳属）,AB,PRQS,千克,税委会公告2026年第5号
03035990,其他冻毛鳞鱼，但食用杂碎除外,AB,PRQS,千克,税委会公告2026年第5号
03036300,鳕鱼（大西洋鳕鱼、格陵兰鳕鱼、太平洋鳕鱼）,AB,PRQS,千克,税委会公告2026年第5号
03036400,黑线鳕鱼（黑线鳕）,AB,PRQS,千克,税委会公告2026年第5号
03036500,绿青鳕鱼,AB,PRQS,千克,税委会公告2026年第5号
03036600,狗鳕鱼（无须鳕属、长鳍鳕属）,AB,PRQS,千克,税委会公告2026年第5号
03036700,阿拉斯加狭鳕鱼,ABU,PRQS,千克,税委会公告2026年第5号
03036800,蓝鳕鱼（小鳍鳕、南蓝鳕）,AB,PRQS,千克,税委会公告2026年第5号
03036900,其他,AB,PRQS,千克,税委会公告2026年第5号
03038100,角鲨及其他鲨鱼,ABFE,PRQS,千克,税委会公告2026年第5号
03038200,魟鱼及鳐鱼（鳐科）,AB,PRQS,千克,税委会公告2026年第5号
03038300,南极犬牙鱼（南极犬牙鱼属）,ABU,PRQS,千克,税委会公告2026年第5号
03038400,尖吻鲈鱼（舌齿鲈属）,AB,PRQS,千克,税委会公告2026年第5号
03038910,带鱼,AB,PRQS,千克,税委会公告2026年第5号
03038920,黄鱼,AB,PRQS,千克,税委会公告2026年第5号
03038930,鲳鱼（银鲳除外）,AB,PRQS,千克,税委会公告2026年第5号
03038990,其他冻平鲉属鱼,ABFE,PRQS,千克,税委会公告2026年第5号
03039100,鱼肝、鱼卵及鱼精,ABFE,PRQS,千克,税委会公告2026年第5号
03039200,鲨鱼翅,ABFE,PRQS,千克,税委会公告2026年第5号
03039900,其他,ABFE,PRQS,千克,税委会公告2026年第5号
03043100,罗非鱼（口孵非鲫属）,AB,PRQS,千克,税委会公告2026年第5号
03043200,鲶鱼[（鱼芒）鲶属、鲶属、胡鲶属、真鮰属],AB,PRQS,千克,税委会公告2026年第5号
03043300,尼罗河鲈鱼（尼罗尖吻鲈）,AB,PRQS,千克,税委会公告2026年第5号
03043900,其他,ABE,PRQS,千克,税委会公告2026年第5号
03044100,大麻哈鱼［红大麻哈鱼、细鳞大麻哈鱼、大麻哈鱼（种）、大鳞大麻哈鱼、银大麻哈鱼、马苏大麻哈鱼、玫瑰大麻哈鱼］、大西洋鲑鱼及多瑙哲罗鱼,AB,PRQS,千克,税委会公告2026年第5号
03044200,鳟鱼（河鳟、虹鳟、克拉克大麻哈鱼、阿瓜大麻哈鱼、吉雨大麻哈鱼、亚利桑那大麻哈鱼、金腹大麻哈鱼）,AB,PRQS,千克,税委会公告2026年第5号
03044300,比目鱼（鲽科、鲆科、舌鳎科、鳎科、菱鲆科、刺鲆科）,AB,PRQS,千克,税委会公告2026年第5号
03044400,犀鳕科、多丝真鳕科、鳕科、长尾鳕科、黑鳕科、无须鳕科、深海鳕科及南极鳕科鱼,AB,PRQS,千克,税委会公告2026年第5号
03044500,剑鱼,ABU,PRQS,千克,税委会公告2026年第5号
03044600,南极犬牙鱼（南极犬牙鱼属）,ABU,PRQS,千克,税委会公告2026年第5号
03044700,角鲨及其他鲨鱼,ABFE,PRQS,千克,税委会公告2026年第5号
03044800,魟鱼及鳐鱼（鳐科）,ABFE,PRQS,千克,税委会公告2026年第5号
03044900,其他,ABFE,PRQS,千克,税委会公告2026年第5号
03045100,罗非鱼（口孵非鲫属）、鲶鱼[（鱼芒）鲶属、鲶属、胡鲶属、真鮰属]、鲤科鱼（鲤属、鲫属、草鱼、鲢属、鲮属、青鱼、卡特拉鲃、野鲮属、哈氏纹唇鱼、何氏细须鲃、鲂属）、鳗鱼（鳗鲡属）、尼罗河鲈鱼（尼罗尖吻鲈）及黑鱼（鳢属）,ABE,PRQS,千克,税委会公告2026年第5号
03045200,鲑科鱼,AB,PRQS,千克,税委会公告2026年第5号
03045300,犀鳕科、多丝真鳕科、鳕科、长尾鳕科、黑鳕科、无须鳕科、深海鳕科及南极鳕科鱼,AB,PRQS,千克,税委会公告2026年第5号
03045400,剑鱼,ABU,PRQS,千克,税委会公告2026年第5号
03045500,南极犬牙鱼（南极犬牙鱼属）,ABU,PRQS,千克,税委会公告2026年第5号
03045600,角鲨及其他鲨鱼,ABEF,PRQS,千克,税委会公告2026年第5号
03045700,魟鱼及鳐鱼（鳐科）,ABEF,PRQS,千克,税委会公告2026年第5号
03045900,其他,ABEF,PRQS,千克,税委会公告2026年第5号
03046100,罗非鱼（口孵非鲫属）,AB,PRQS,千克,税委会公告2026年第5号
03046211,斑点叉尾鮰鱼,AB,PRQS,千克,税委会公告2026年第5号
03046219,其他,AB,PRQS,千克,税委会公告2026年第5号
03046290,其他,AB,PRQS,千克,税委会公告2026年第5号
03046300,尼罗河鲈鱼（尼罗尖吻鲈）,AB,PRQS,千克,税委会公告2026年第5号
03046900,其他,ABE,PRQS,千克,税委会公告2026年第5号
03047100,鳕鱼（大西洋鳕鱼、格陵兰鳕鱼、太平洋鳕鱼）,AB,PRQS,千克,税委会公告2026年第5号
03047200,黑线鳕鱼（黑线鳕）,AB,PRQS,千克,税委会公告2026年第5号
03047300,绿青鳕鱼,AB,PRQS,千克,税委会公告2026年第5号
03047400,狗鳕鱼（无须鳕属、长鳍鳕属）,AB,PRQS,千克,税委会公告2026年第5号
03047500,阿拉斯加狭鳕鱼,AB,PRQS,千克,税委会公告2026年第5号
03047900,其他,AB,PRQS,千克,税委会公告2026年第5号
03048100,大麻哈鱼［红大麻哈鱼、细鳞大麻哈鱼、大麻哈鱼（种）、大鳞大麻哈鱼、银大麻哈鱼、马苏大麻哈鱼、玫瑰大麻哈鱼］、大西洋鲑鱼及多瑙哲罗鱼,AB,PRQS,千克,税委会公告2026年第5号
03048200,鳟鱼（河鳟、虹鳟、克拉克大麻哈鱼、阿瓜大麻哈鱼、吉雨大麻哈鱼、亚利桑那大麻哈鱼、金腹大麻哈鱼）,AB,PRQS,千克,税委会公告2026年第5号
03048300,比目鱼（鲽科、鲆科、舌鳎科、鳎科、菱鲆科、刺鲆科）,AB,PRQS,千克,税委会公告2026年第5号
03048400,剑鱼,ABU,PRQS,千克,税委会公告2026年第5号
03048500,南极犬牙鱼（南极犬牙鱼属）,ABU,PRQS,千克,税委会公告2026年第5号
03048600,鲱鱼（大西洋鲱鱼、太平洋鲱鱼）,AB,PRQS,千克,税委会公告2026年第5号
03048700,金枪鱼（金枪鱼属）、鲣,AB,PRQS,千克,税委会公告2026年第5号
03048800,角鲨、其他鲨鱼、魟鱼及鳐鱼（鳐科）,ABEF,PRQS,千克,税委会公告2026年第5号
03048900,其他,ABEF,PRQS,千克,税委会公告2026年第5号
03049100,剑鱼,ABU,PRQS,千克,税委会公告2026年第5号
03049200,南极犬牙鱼（南极犬牙鱼属）,ABU,PRQS,千克,税委会公告2026年第5号
03049300,罗非鱼（口孵非鲫属）、鲶鱼[（鱼芒）鲶属、鲶属、胡鲶属、真鮰属]、鲤科鱼（鲤属、鲫属、草鱼、鲢属、鲮属、青鱼、卡特拉鲃、野鲮属、哈氏纹唇鱼、何氏细须鲃、鲂属）、鳗鱼（鳗鲡属）、尼罗河鲈鱼（尼罗尖吻鲈）及黑鱼（鳢属）,ABE,PRQS,千克,税委会公告2026年第5号
03049400,阿拉斯加狭鳕鱼,AB,PRQS,千克,税委会公告2026年第5号
03049500,犀鳕科、多丝真鳕科、鳕科、长尾鳕科、黑鳕科、无须鳕科、深海鳕科及南极鳕科鱼，阿拉斯加狭鳕鱼除外,AB,PRQS,千克,税委会公告2026年第5号
03049600,角鲨及其他鲨鱼,ABFE,PRQS,千克,税委会公告2026年第5号
03049700,魟鱼及鳐鱼（鳐科）,ABFE,PRQS,千克,税委会公告2026年第5号
03049900,其他,ABFE,PRQS,千克,税委会公告2026年第5号
03052000,干、熏、盐腌或盐渍的鱼肝、鱼卵及鱼精,ABFE,PRQS,千克,税委会公告2026年第5号
03053100,罗非鱼（口孵非鲫属）、鲶鱼[（鱼芒）鲶属、鲶属、胡鲶属、真鮰属]、鲤科鱼（鲤属、鲫属、草鱼、鲢属、鲮属、青鱼、卡特拉鲃、野鲮属、哈氏纹唇鱼、何氏细须鲃、鲂属）、鳗鱼（鳗鲡属）、尼罗河鲈鱼（尼罗尖吻鲈）及黑鱼（鳢属）,ABE,PRQS,千克,税委会公告2026年第5号
03053200,犀鳕科、多丝真鳕科、鳕科、长尾鳕科、黑鳕科、无须鳕科、深海鳕科及南极鳕科鱼,AB,PRQS,千克,税委会公告2026年第5号
03053900,其他,ABEF,PRQS,千克,税委会公告2026年第5号
03054110,大西洋鲑鱼,AB,PRQ,千克,税委会公告2026年第5号
03054120,大麻哈鱼及多瑙哲罗鱼,AB,PRQ,千克,税委会公告2026年第5号
03054200,鲱鱼（大西洋鲱鱼、太平洋鲱鱼）,AB,PRQ,千克,税委会公告2026年第5号
03054300,鳟鱼（河鳟、虹鳟、克拉克大麻哈鱼、阿瓜大麻哈鱼、吉雨大麻哈鱼、亚利桑那大麻哈鱼、金腹大麻哈鱼）,AB,PRQS,千克,税委会公告2026年第5号
03054400,罗非鱼（口孵非鲫属）、鲶鱼[（鱼芒）鲶属、鲶属、胡鲶属、真鮰属]、鲤科鱼（鲤属、鲫属、草鱼、鲢属、鲮属、青鱼、卡特拉鲃、野鲮属、哈氏纹唇鱼、何氏细须鲃、鲂属）、鳗鱼（鳗鲡属）、尼罗河鲈鱼（尼罗尖吻鲈）及黑鱼（鳢属）,ABE,PRQS,千克,税委会公告2026年第5号
03054900,其他,AB,PRQS,千克,税委会公告2026年第5号
03055100,鳕鱼（大西洋鳕鱼、格陵兰鳕鱼、太平洋鳕鱼）,AB,PRQS,千克,税委会公告2026年第5号
03055200,罗非鱼（口孵非鲫属）、鲶鱼[（鱼芒）鲶属、鲶属、胡鲶属、真鮰属]、鲤科鱼（鲤属、鲫属、草鱼、鲢属、鲮属、青鱼、卡特拉鲃、野鲮属、哈氏纹唇鱼、何氏细须鲃、鲂属）、鳗鱼（鳗鲡属）、尼罗河鲈鱼（尼罗尖吻鲈）及黑鱼（鳢属）,AB,PRQS,千克,税委会公告2026年第5号
03055300,犀鳕科、多丝真鳕科、鳕科、长尾鳕科、黑鳕科、无须鳕科、深海鳕科及南极鳕科鱼，鳕鱼（大西洋鳕鱼、格陵兰鳕鱼、太平洋鳕鱼）除外,AB,PRQS,千克,税委会公告2026年第5号
03055410,银鲳（鲳属）,AB,PRQS,千克,税委会公告2026年第5号
03055490,其他,AB,PRQS,千克,税委会公告2026年第5号
03055910,海龙、海马,FEAB,PRQ,千克,税委会公告2026年第5号
03055990,其他,AFEB,PRQS,千克,税委会公告2026年第5号
03056100,鲱鱼（大西洋鲱鱼、太平洋鲱鱼）,AB,PRQ,千克,税委会公告2026年第5号
03056200,鳕鱼（大西洋鳕鱼、格陵兰鳕鱼、太平洋鳕鱼）,AB,PRQS,千克,税委会公告2026年第5号
03056300,鳀鱼（鳀属）,AB,PRQ,千克,税委会公告2026年第5号
03056400,罗非鱼（口孵非鲫属）、鲶鱼[（鱼芒）鲶属、鲶属、胡鲶属、真鮰属]、鲤科鱼（鲤属、鲫属、草鱼、鲢属、鲮属、青鱼、卡特拉鲃、野鲮属、哈氏纹唇鱼、何氏细须鲃、鲂属）、鳗鱼（鳗鲡属）、尼罗河鲈鱼（尼罗尖吻鲈）及黑鱼（鳢属）,ABE,PRQS,千克,税委会公告2026年第5号
03056910,带鱼,AB,PRQS,千克,税委会公告2026年第5号
03056920,黄鱼,AB,PRQS,千克,税委会公告2026年第5号
03056930,鲳鱼（银鲳除外）,AB,PRQS,千克,税委会公告2026年第5号
03056990,其他,ABFE,PRQS,千克,税委会公告2026年第5号
03057100,鲨鱼翅,ABEF,PRQS,千克,税委会公告2026年第5号
03057200,鱼头、鱼尾、鱼鳔,ABEF,PRQS,千克,税委会公告2026年第5号
03057900,其他,ABEF,PRQS,千克,税委会公告2026年第5号
03061100,岩礁虾和其他龙虾（真龙虾属、龙虾属、岩龙虾属）,AB,PRQS,千克,税委会公告2026年第5号
03061200,螯龙虾(螯龙虾属),AB,PRQS,千克,税委会公告2026年第5号
03061410,梭子蟹,AB,PRQS,千克,税委会公告2026年第5号
03061490,其他,ABU,PRQS,千克,税委会公告2026年第5号
03061500,挪威海螯虾,AB,PRQS,千克,税委会公告2026年第5号
03061630,虾仁,AB,PRQS,千克,税委会公告2026年第5号
03061640,其他，北方长额虾,AB,PRQS,千克,税委会公告2026年第5号
03061690,其他,AB,PRQS,千克,税委会公告2026年第5号
03061730,虾仁,AB,PRQS,千克,税委会公告2026年第5号
03061790,其他,AB,PRQS,千克,税委会公告2026年第5号
03061911,虾仁,AB,PRQS,千克,税委会公告2026年第5号
03061919,其他,AB,PRQS,千克,税委会公告2026年第5号
03061990,其他,AB,PRQS,千克,税委会公告2026年第5号
03063110,种苗,AB,PQ,千克,税委会公告2026年第5号
03063190,其他,AB,PRQS,千克,税委会公告2026年第5号
03063210,种苗,AB,PQ,千克,税委会公告2026年第5号
03063290,其他,AB,PRQS,千克,税委会公告2026年第5号
03063310,种苗,AB,PQ,千克,税委会公告2026年第5号
03063391,中华绒螯蟹,AB,PRQS,千克,税委会公告2026年第5号
03063392,梭子蟹,AB,PRQS,千克,税委会公告2026年第5号
03063399,其他,ABU,PRQS,千克,税委会公告2026年第5号
03063410,种苗,AB,PQ,千克,税委会公告2026年第5号
03063490,其他,AB,PRQS,千克,税委会公告2026年第5号
03063510,种苗,AB,PQ,千克,税委会公告2026年第5号
03063590,其他,AB,PRQS,千克,税委会公告2026年第5号
03063610,种苗,AB,PQ,千克,税委会公告2026年第5号
03063690,其他,AB,PRQS,千克,税委会公告2026年第5号
03063910,种苗,AB,PQ,千克,税委会公告2026年第5号
03063990,其他,AB,PRQS,千克,税委会公告2026年第5号
03069100,岩礁虾及其他龙虾（真龙虾属、龙虾属、岩龙虾属）,AB,PRQS,千克,税委会公告2026年第5号
03069200,螯龙虾（螯龙虾属）,AB,PRQS,千克,税委会公告2026年第5号
03069310,中华绒螯蟹,AB,PRQS,千克,税委会公告2026年第5号
03069320,梭子蟹,AB,PRQS,千克,税委会公告2026年第5号
03069390,其他,AB,PRQS,千克,税委会公告2026年第5号
03069400,挪威海螯虾,AB,PRQS,千克,税委会公告2026年第5号
03069510,冷水小虾及对虾（长额虾属、褐虾）,AB,PRQS,千克,税委会公告2026年第5号
03069590,其他小虾及对虾,AB,PRQS,千克,税委会公告2026年第5号
03069900,其他,AB,PRQS,千克,税委会公告2026年第5号
03071110,种苗,AB,PQ,千克,税委会公告2026年第5号
03071190,其他,AB,PRQS,千克,税委会公告2026年第5号
03071200,冻的,AB,PRQS,千克,税委会公告2026年第5号
03071900,其他,AB,PRQS,千克,税委会公告2026年第5号
03072110,种苗,AB,PQ,千克,税委会公告2026年第5号
03072191,扇贝(扇贝属、栉孔扇贝属、巨扇贝属）,AB,PRQS,千克,税委会公告2026年第5号
03072199,其他,AB,PRQS,千克,税委会公告2026年第5号
03072210,扇贝(扇贝属、栉孔扇贝属、巨扇贝属）,AB,PRQS,千克,税委会公告2026年第5号
03072290,其他,AB,PRQS,千克,税委会公告2026年第5号
03072910,扇贝(扇贝属、栉孔扇贝属、巨扇贝属）,AB,PRQS,千克,税委会公告2026年第5号
03072990,其他,AB,PRQS,千克,税委会公告2026年第5号
03073110,种苗,AB,PQ,千克,税委会公告2026年第5号
03073190,其他,AB,PRQS,千克,税委会公告2026年第5号
03073200,冻的,AB,PRQS,千克,税委会公告2026年第5号
03073900,其他,AB,PRQS,千克,税委会公告2026年第5号
03074210,种苗,AB,PQ,千克,税委会公告2026年第5号
03074291,墨鱼（乌贼属、巨粒僧头乌贼、耳乌贼属）及鱿鱼（柔鱼属、枪乌贼属、双柔鱼属、拟乌贼属）,AB,PRQS,千克,税委会公告2026年第5号
03074299,其他,AB,PRQS,千克,税委会公告2026年第5号
03074310,墨鱼（乌贼属、巨粒僧头乌贼、耳乌贼属）及鱿鱼（柔鱼属、枪乌贼属、双柔鱼属、拟乌贼属）,AB,PRQS,千克,税委会公告2026年第5号
03074390,其他,AB,PRQS,千克,税委会公告2026年第5号
03074910,墨鱼（乌贼属、巨粒僧头乌贼、耳乌贼属）及鱿鱼（柔鱼属、枪乌贼属、双柔鱼属、拟乌贼属）,AB,PRQS,千克,税委会公告2026年第5号
03074990,其他,AB,PRQS,千克,税委会公告2026年第5号
03075100,活、鲜或冷的,AB,PRQS,千克,税委会公告2026年第5号
03075200,冻的,AB,PRQS,千克,税委会公告2026年第5号
03075900,其他,AB,PRQS,千克,税委会公告2026年第5号
03076010,种苗,ABFE,PQ,千克,税委会公告2026年第5号
03076090,其他,ABFE,PRQS,千克,税委会公告2026年第5号
03077110,种苗,ABEF,PQ,千克,税委会公告2026年第5号
03077191,蛤,AB,PRQS,千克,税委会公告2026年第5号
03077199,其他,ABEF,PRQS,千克,税委会公告2026年第5号
03077200,冻的,ABEF,PRQS,千克,税委会公告2026年第5号
03077900,其他,ABEF,PRQS,千克,税委会公告2026年第5号
03078110,种苗,AB,PQ,千克,税委会公告2026年第5号
03078190,其他,AB,PRQS,千克,税委会公告2026年第5号
03078210,种苗,AB,PQ,千克,税委会公告2026年第5号
03078290,其他,AB,PRQS,千克,税委会公告2026年第5号
03078300,冻的鲍鱼（鲍属）,AB,PRQS,千克,税委会公告2026年第5号
03078400,冻的凤螺（凤螺属）,AB,PRQS,千克,税委会公告2026年第5号
03078700,其他鲍鱼（鲍属）,AB,PRQS,千克,税委会公告2026年第5号
03078800,其他凤螺（凤螺属）,AB,PRQS,千克,税委会公告2026年第5号
03079110,种苗,AB,PQ,千克,税委会公告2026年第5号
03079190,其他,AB,PRQS,千克,税委会公告2026年第5号
03079200,冻的,AB,PRQS,千克,税委会公告2026年第5号
03079900,其他,AB,PRQS,千克,税委会公告2026年第5号
03081110,种苗,ABEF,PQ,千克,税委会公告2026年第5号
03081190,其他,ABEF,PRQS,千克,税委会公告2026年第5号
03081200,冻的,ABEF,PRQS,千克,税委会公告2026年第5号
03081900,其他,ABEF,PRQS,千克,税委会公告2026年第5号
03082110,种苗,AB,PQ,千克,税委会公告2026年第5号
03082190,其他,ABU,PRQS,千克,税委会公告2026年第5号
03082200,冻的,ABU,PRQS,千克,税委会公告2026年第5号
03082900,其他,ABU,PRQS,千克,税委会公告2026年第5号
03083011,种苗,AB,PQ,千克,税委会公告2026年第5号
03083019,其他,AB,PRQS,千克,税委会公告2026年第5号
03083090,其他,AB,PRQS,千克,税委会公告2026年第5号
03089011,种苗,ABFE,PQ,千克,税委会公告2026年第5号
03089012,沙蚕，种苗除外,AB,PRQS,千克,税委会公告2026年第5号
03089019,其他,ABFE,PRQS,千克,税委会公告2026年第5号
03089090,其他,ABFE,PRQS,千克,税委会公告2026年第5号
03091000,鱼的,ABEF,PRQS,千克,税委会公告2026年第5号
03099000,其他,ABEF,PRQS,千克,税委会公告2026年第5号
04011000,按重量计脂肪含量不超过1％,7AB,PRQS,千克,税委会公告2026年第5号
04012000,按重量计脂肪含量超过1％，但不超过6％,7AB,PRQS,千克,税委会公告2026年第5号
04014000,按重量计脂肪含量超过6％，但不超过10％,7AB,PRQS,千克,税委会公告2026年第5号
04015000,按重量计脂肪含量超过10％,7AB,PRQS,千克,税委会公告2026年第5号
04021000,粉状、粒状或其他固体形状，按重量计脂肪含量不超过1.5％,7AB,MPRQS,千克,税委会公告2026年第5号
04022100,未加糖或其他甜物质,7AB,MPRQS,千克,税委会公告2026年第5号
04022900,其他,7AB,PRQS,千克,税委会公告2026年第5号
04029100,未加糖或其他甜物质,AB,PRQS,千克,税委会公告2026年第5号
04029900,其他,AB,PRQS,千克,税委会公告2026年第5号
04032010,不论是否浓缩，除允许添加的添加剂外，仅可含糖或其他甜味物质、香料、水果、坚果、可可,AB,PRQS,千克,税委会公告2026年第5号
04032090,其他,AB,PRQS,千克,税委会公告2026年第5号
04039000,其他,AB,PRQ,千克,税委会公告2026年第5号
04041000,乳清及改性乳清，不论是否浓缩、加糖或其他甜物质,7AB,PRQ,千克,税委会公告2026年第5号
04049000,其他,AB,PRQ,千克,税委会公告2026年第5号
04051000,黄油,AB,PRQS,千克,税委会公告2026年第5号
04052000,乳酱,AB,PRQS,千克,税委会公告2026年第5号
04059000,其他,AB,PRQS,千克,税委会公告2026年第5号
04061000,鲜乳酪（未熟化或未固化的），包括乳清乳酪；凝乳,AB,PRQ,千克,税委会公告2026年第5号
04062000,各种磨碎或粉化的乳酪,AB,PRQS,千克,税委会公告2026年第5号
04063000,经加工的乳酪，但磨碎或粉化的除外,AB,PRQ,千克,税委会公告2026年第5号
04064000,蓝纹乳酪和娄地青霉生产的带有纹理的其他乳酪,AB,PRQ,千克,税委会公告2026年第5号
04069000,其他酪,AB,PRQ,千克,税委会公告2026年第5号
04071100,鸡的,AB,PQ,千克/个,税委会公告2026年第5号
04071900,其他,AFEB,PQ,千克/个,税委会公告2026年第5号
04072100,鸡的,AB,PRQS,千克/个,税委会公告2026年第5号
04072900,其他,ABFE,PRQS,千克/个,税委会公告2026年第5号
04079010,咸蛋,AB,PRQS,千克/个,税委会公告2026年第5号
04079020,皮蛋,AB,PRQS,千克/个,税委会公告2026年第5号
04079090,其他,ABFE,PRQS,千克/个,税委会公告2026年第5号
04081100,干的,AB,PRQS,千克,税委会公告2026年第5号
04081900,其他,AB,PRQS,千克,税委会公告2026年第5号
04089100,干的,AB,PRQS,千克,税委会公告2026年第5号
04089900,其他,AB,PRQS,千克,税委会公告2026年第5号
04090000,天然蜂蜜,AB,PRQS,千克,税委会公告2026年第5号
04101000,昆虫,ABFE,PRQS,千克,税委会公告2026年第5号
04109010,燕窝,AB,PRQS,千克,税委会公告2026年第5号
04109021,鲜蜂王浆,AB,PRQS,千克,税委会公告2026年第5号
04109022,鲜蜂王浆粉,AB,PRQS,千克,税委会公告2026年第5号
04109023,蜂花粉,AB,PRQS,千克,税委会公告2026年第5号
04109029,其他,AB,PRQS,千克,税委会公告2026年第5号
04109090,其他,ABFE,PRQS,千克,税委会公告2026年第5号
05010000,未经加工的人发，不论是否洗涤；废人发,9B,VW,千克,税委会公告2026年第5号
05021010,猪鬃,AB,PQ,千克,税委会公告2026年第5号
05021020,猪毛,AB,PQ,千克,税委会公告2026年第5号
05021030,废料,9B,PQ,千克,税委会公告2026年第5号
05029011,山羊毛,AB,PQ,千克,税委会公告2026年第5号
05029012,黄鼠狼尾毛,ABEF,PQ,千克,税委会公告2026年第5号
05029019,其他,ABFE,PQ,千克,税委会公告2026年第5号
05029020,废料,BEF,PQ,千克,税委会公告2026年第5号
05040011,盐渍猪肠衣（猪大肠头除外）,AB,PRQS,千克,税委会公告2026年第5号
05040012,盐渍绵羊肠衣,AB,PRQS,千克,税委会公告2026年第5号
05040013,盐渍山羊肠衣,AB,PRQS,千克,税委会公告2026年第5号
05040014,盐渍猪大肠头,AB,PRQS,千克,税委会公告2026年第5号
05040019,其他,AB,PRQS,千克,税委会公告2026年第5号
05040021,冷、冻的鸡胗,7AB,PRQS,千克,税委会公告2026年第5号
05040029,其他,AB,PRQS,千克,税委会公告2026年第5号
05040090,其他,AB,PRQS,千克,税委会公告2026年第5号
05051000,填充用羽毛；羽绒,ABFE,PQ,千克,税委会公告2026年第5号
05059010,羽毛或不完整羽毛的粉末及废料,9AB,PQ,千克,税委会公告2026年第5号
05059090,其他,AFEB,PQ,千克,税委会公告2026年第5号
05061000,经酸处理的骨胶原及骨,AB,PQ,千克,税委会公告2026年第5号
05069011,含牛羊成分的,9AB,PQ,千克,税委会公告2026年第5号
05069019,其他,9AB,PQ,千克,税委会公告2026年第5号
05069090,其他,89AB,PQ,千克,税委会公告2026年第5号
05071000,兽牙；兽牙粉末及废料,89AB,PQ,千克,税委会公告2026年第5号
05079010,羚羊角及其粉末和废料,ABFE,PQ,千克,税委会公告2026年第5号
05079020,鹿茸及其粉末,ABFE,PQ,千克,税委会公告2026年第5号
05079090,其他,AB,PQ,千克,税委会公告2026年第5号
05080010,粉末及废料,AFEB,PQ,千克,税委会公告2026年第5号
05080090,其他,AFEB,PQ,千克,税委会公告2026年第5号
05100010,黄药,8AQ,PQ,千克,税委会公告2026年第5号
05100020,龙涎香、海狸香、灵猫香,AEB,PQ,千克,税委会公告2026年第5号
05100030,麝香,8AEF,PQ,千克,税委会公告2026年第5号
05100040,斑蝥,QAB,PQ,千克,税委会公告2026年第5号
05100090,其他,AFEB,PQ,千克,税委会公告2026年第5号
05111000,牛的精液,ABFE,PQ,千克/支,税委会公告2026年第5号
05119111,受精鱼卵,ABFE,PQ,千克,税委会公告2026年第5号
05119119,其他,ABFE,PQ,千克,税委会公告2026年第5号
05119190,其他丰年虫卵（丰年虾卵）,ABFE,PQ,千克,税委会公告2026年第5号
05119910,动物精液（牛的精液除外）,AFEB,PQ,千克,税委会公告2026年第5号
05119920,动物胚胎,AFEB,PQ,千克,税委会公告2026年第5号
05119930,蚕种,AB,PQ,千克,税委会公告2026年第5号
05119940,马毛及废马毛，不论是否制成有或无衬垫的毛片,9B,PQ,千克,税委会公告2026年第5号
05119990,其他,AFEB,PQ,千克,年初维护
06011010,番红花球茎,AB,PQ,个/千克,税委会公告2026年第5号
06011021,种用,ABE,PQ,个/千克,税委会公告2026年第5号
06011029,其他,ABE,PQ,个/千克,税委会公告2026年第5号
06011091,种用,AFEB,PQ,个/千克,税委会公告2026年第5号
06011099,其他,AFEB,PQ,个/千克,税委会公告2026年第5号
06012000,生长或开花的鳞茎、块茎、块根、球茎、根颈及根茎；菊苣植物及其根,AFEB,PQ,个/千克,税委会公告2026年第5号
06021000,无根插枝及接穗,ABFE,PQ,株/千克,税委会公告2026年第5号
06022010,种用苗木,AB,PQ,株/千克,税委会公告2026年第5号
06022090,其他,AB,PQ,株/千克,税委会公告2026年第5号
06023010,种用,ABE,PQ,株/千克,税委会公告2026年第5号
06023090,其他,ABE,PQ,株/千克,税委会公告2026年第5号
06024010,种用,ABE,PQ,株/千克,税委会公告2026年第5号
06024090,其他,ABE,PQ,株/千克,税委会公告2026年第5号
06029010,蘑菇菌丝,AB,PQ,千克,税委会公告2026年第5号
06029091,种用苗木,AFEB,PQ,株/千克,税委会公告2026年第5号
06029092,兰花,ABFE,PQ,株/千克,税委会公告2026年第5号
06029093,菊花,AB,PQ,株/千克,税委会公告2026年第5号
06029094,百合,ABQ,PQ,株/千克,税委会公告2026年第5号
06029095,康乃馨,AB,PQ,株/千克,税委会公告2026年第5号
06029099,其他,ABFE,PQ,株/千克,税委会公告2026年第5号
06031100,玫瑰,AB,PQ,千克/枝,税委会公告2026年第5号
06031200,康乃馨,AB,PQ,千克/枝,税委会公告2026年第5号
06031300,兰花,ABEF,PQ,千克/枝,税委会公告2026年第5号
06031400,菊花,AB,PQ,千克/枝,税委会公告2026年第5号
06031500,百合花（百合属）,AB,PQ,千克/枝,税委会公告2026年第5号
06031900,其他,ABFE,PQ,千克/枝,税委会公告2026年第5号
06039000,其他,ABFE,PQ,千克/枝,税委会公告2026年第5号
06042010,苔藓及地衣,ABE,PQ,千克,税委会公告2026年第5号
06042090,其他,ABFE,PQ,千克,税委会公告2026年第5号
06049010,苔藓及地衣,ABE,PQ,千克,税委会公告2026年第5号
06049090,其他,ABFE,PQ,千克,税委会公告2026年第5号
07011000,种用,AB,PQ,千克,税委会公告2026年第5号
07019000,其他,AB,PRQS,千克,税委会公告2026年第5号
07020000,鲜或冷藏的番茄,AB,PRQS,千克,税委会公告2026年第5号
07031010,洋葱,AB,PRQS,千克,税委会公告2026年第5号
07031020,青葱,AB,PRQS,千克,税委会公告2026年第5号
07032010,蒜头,AB,PRQS,千克,税委会公告2026年第5号
07032020,蒜苔及蒜苗（青蒜）,AB,PRQS,千克,税委会公告2026年第5号
07032090,其他,AB,PRQS,千克,税委会公告2026年第5号
07039010,韭葱,AB,PRQS,千克,税委会公告2026年第5号
07039020,大葱,AB,PRQS,千克,税委会公告2026年第5号
07039090,其他,AB,PRQS,千克,税委会公告2026年第5号
07041010,菜花,AB,PRQS,千克,税委会公告2026年第5号
07041090,其他,AB,PRQS,千克,税委会公告2026年第5号
07042000,抱子甘蓝,AB,PRQS,千克,税委会公告2026年第5号
07049010,卷心菜,AB,PRQS,千克,税委会公告2026年第5号
07049090,其他,AB,PRQS,千克,税委会公告2026年第5号
07051100,结球莴苣（包心生菜）,AB,PRQS,千克,税委会公告2026年第5号
07051900,其他,AB,PRQS,千克,税委会公告2026年第5号
07052100,维特罗夫菊苣,AB,PRQ,千克,税委会公告2026年第5号
07052900,其他,AB,PRQ,千克,税委会公告2026年第5号
07061000,胡萝卜及芜菁,AB,PRQS,千克,税委会公告2026年第5号
07069000,其他,AB,PRQS,千克,税委会公告2026年第5号
07070000,鲜或冷藏的黄瓜及小黄瓜,AB,PRQS,千克,税委会公告2026年第5号
07081000,豌豆,AB,PRQS,千克,税委会公告2026年第5号
07082000,豇豆及菜豆,AB,PRQS,千克,税委会公告2026年第5号
07089000,其他豆类蔬菜,AB,PRQS,千克,税委会公告2026年第5号
07092000,芦笋,AB,PRQS,千克,税委会公告2026年第5号
07093000,茄子,AB,PRQS,千克,税委会公告2026年第5号
07094000,芹菜，但块根芹除外,AB,PRQS,千克,税委会公告2026年第5号
07095100,伞菌属蘑菇,AB,PRQS,千克,税委会公告2026年第5号
07095200,牛肝菌属蘑菇,AB,PRQS,千克,税委会公告2026年第5号
07095300,鸡油菌属蘑菇,AB,PRQS,千克,税委会公告2026年第5号
07095400,香菇,AB,PRQS,千克,税委会公告2026年第5号
07095500,松茸（松口蘑、美洲松口蘑、雪松口蘑、甜味松口蘑、欧洲松口蘑）,ABE,PRQS,千克,税委会公告2026年第5号
07095600,块菌（松露属）,ABE,PRQS,千克,税委会公告2026年第5号
07095910,其他松茸,AB,PRQS,千克,税委会公告2026年第5号
07095930,金针菇,AB,PRQS,千克,税委会公告2026年第5号
07095940,草菇,AB,PRQS,千克,税委会公告2026年第5号
07095950,口蘑,ABE,PRQS,千克,税委会公告2026年第5号
07095960,其他块菌,AB,PRQS,千克,税委会公告2026年第5号
07095990,其他,AB,PRQS,千克,税委会公告2026年第5号
07096000,辣椒属及多香果属的果实,AB,PRQS,千克,税委会公告2026年第5号
07097000,菠菜,AB,PRQS,千克,税委会公告2026年第5号
07099100,洋蓟,AB,PRQS,千克,税委会公告2026年第5号
07099200,油橄榄,AB,PRQS,千克,税委会公告2026年第5号
07099300,南瓜、笋瓜及瓠瓜（南瓜属）,AB,PRQS,千克,税委会公告2026年第5号
07099910,竹笋,AB,PRQS,千克,税委会公告2026年第5号
07099990,其他,ABE,PRQS,千克,税委会公告2026年第5号
07101000,马铃薯,AB,RS,千克,税委会公告2026年第5号
07102100,豌豆,AB,RS,千克,税委会公告2026年第5号
07102210,红小豆（赤豆）,AB,RS,千克,税委会公告2026年第5号
07102290,其他,AB,RS,千克,税委会公告2026年第5号
07102900,其他,AB,RS,千克,税委会公告2026年第5号
07103000,菠菜,AB,RS,千克,税委会公告2026年第5号
07104000,甜玉米,AB,RS,千克,税委会公告2026年第5号
07108010,松茸,ABE,RS,千克,税委会公告2026年第5号
07108020,蒜苔及蒜苗（青蒜）,AB,RS,千克,税委会公告2026年第5号
07108030,蒜头,AB,RS,千克,税委会公告2026年第5号
07108040,牛肝菌,AB,RS,千克,税委会公告2026年第5号
07108090,其他,AB,RS,千克,税委会公告2026年第5号
07109000,什锦蔬菜,AB,RS,千克,税委会公告2026年第5号
07112000,油橄榄,AB,PRQS,千克,税委会公告2026年第5号
07114000,黄瓜及小黄瓜,AB,PRQS,千克,税委会公告2026年第5号
07115112,白蘑菇,AB,RS,千克,税委会公告2026年第5号
07115119,其他,AB,RS,千克,税委会公告2026年第5号
07115190,其他,AB,PRQS,千克,税委会公告2026年第5号
07115911,松茸,EAB,RS,千克,税委会公告2026年第5号
07115919,其他,AB,RS,千克,税委会公告2026年第5号
07115990,其他,AB,PRQS,千克,税委会公告2026年第5号
07119031,竹笋,AB,RS,千克,税委会公告2026年第5号
07119034,大蒜,AB,RS,千克,税委会公告2026年第5号
07119039,其他,AB,RS,千克,税委会公告2026年第5号
07119090,其他,AB,PRQS,千克,税委会公告2026年第5号
07122000,洋葱,AB,PRQS,千克,税委会公告2026年第5号
07123100,伞菌属蘑菇,AB,PRQS,千克,税委会公告2026年第5号
07123200,木耳,AB,PRQS,千克,税委会公告2026年第5号
07123300,银耳,AB,PRQS,千克,税委会公告2026年第5号
07123400,香菇,AB,PRQS,千克,税委会公告2026年第5号
07123920,金针菇,AB,PRQS,千克,税委会公告2026年第5号
07123950,牛肝菌,AB,PRQS,千克,税委会公告2026年第5号
07123991,羊肚菌,AB,PRQS,千克,税委会公告2026年第5号
07123999,其他,ABE,PRQS,千克,税委会公告2026年第5号
07129010,笋干丝,AB,PRQS,千克,税委会公告2026年第5号
07129020,紫萁（薇菜干）,AB,PRQS,千克,税委会公告2026年第5号
07129030,金针菜（黄花菜）,AB,PRQS,千克,税委会公告2026年第5号
07129040,蕨菜,AB,PRQS,千克,税委会公告2026年第5号
07129050,大蒜,AB,PRQS,千克,税委会公告2026年第5号
07129091,辣根,AB,PRQS,千克,税委会公告2026年第5号
07129099,其他种用甜玉米,ABE,PRQS,千克,税委会公告2026年第5号
07131010,种用,AB,PNQ,千克,税委会公告2026年第5号
07131090,其他,AB,PRQS,千克,税委会公告2026年第5号
07132010,种用,AB,PNQ,千克,税委会公告2026年第5号
07132090,其他,AB,PRQS,千克,税委会公告2026年第5号
07133110,种用,AB,PNQ,千克,税委会公告2026年第5号
07133190,其他,AB,PRQS,千克,税委会公告2026年第5号
07133210,种用,AB,PNQ,千克,税委会公告2026年第5号
07133290,其他,AB,PRQS,千克,税委会公告2026年第5号
07133310,种用,AB,PNQ,千克,税委会公告2026年第5号
07133390,其他,AB,PRQS,千克,税委会公告2026年第5号
07133400,巴姆巴拉豆,AB,PRQS,千克,税委会公告2026年第5号
07133500,牛豆（豇豆）,AB,PRQS,千克,税委会公告2026年第5号
07133900,其他,AB,PRQS,千克,税委会公告2026年第5号
07134010,种用,AB,PNQ,千克,税委会公告2026年第5号
07134090,其他,AB,PRQS,千克,税委会公告2026年第5号
07135010,种用,AB,PNQ,千克,税委会公告2026年第5号
07135090,其他,AB,PRQS,千克,税委会公告2026年第5号
07136010,种用,AB,PNQ,千克,税委会公告2026年第5号
07136090,其他,AB,PRQS,千克,税委会公告2026年第5号
07139010,种用干豆,AB,PNQ,千克,税委会公告2026年第5号
07139090,其他,AB,PRQS,千克,税委会公告2026年第5号
07141010,鲜的,7AB,PRQS,千克,税委会公告2026年第5号
07141020,干的,7AB,PRQS,千克,税委会公告2026年第5号
07141030,冷或冻的,7AB,PRQ,千克,税委会公告2026年第5号
07142011,种用,AB,PQ,千克,税委会公告2026年第5号
07142019,其他,AB,PRQS,千克,税委会公告2026年第5号
07142020,干的,AB,PRQS,千克,税委会公告2026年第5号
07142030,冷或冻的,AB,PRQS,千克,税委会公告2026年第5号
07143000,山药,AB,PRQ,千克,税委会公告2026年第5号
07144000,芋头（芋属）,AB,PRQ,千克,税委会公告2026年第5号
07145000,箭叶黄体芋（黄肉芋属）,AB,PRQ,千克,税委会公告2026年第5号
07149010,荸荠,AB,PRQS,千克,税委会公告2026年第5号
07149021,种用,AB,PNQ,千克,税委会公告2026年第5号
07149029,其他,AB,PRQS,千克,税委会公告2026年第5号
07149090,其他,ABFE,PRQ,千克,税委会公告2026年第5号
08011100,干的,AB,PRQS,千克,税委会公告2026年第5号
08011200,未去内壳（内果皮）,AB,PRQS,千克,税委会公告2026年第5号
08011910,种用,AB,PQN,千克,税委会公告2026年第5号
08011990,其他,AB,PRQS,千克,税委会公告2026年第5号
08012100,未去壳,AB,PRQ,千克,税委会公告2026年第5号
08012200,去壳,AB,PRQ,千克,税委会公告2026年第5号
08013100,未去壳,AB,PRQS,千克,税委会公告2026年第5号
08013200,去壳,AB,PRQS,千克,税委会公告2026年第5号
08021100,未去壳,AB,PRQS,千克,日常维护
08021200,去壳,AB,PRQS,千克,日常维护
08022100,未去壳,AB,PRQS,千克,日常维护
08022200,去壳,AB,PRQS,千克,日常维护
08023100,未去壳,AB,PRQS,千克,日常维护
08023200,去壳,AB,PRQS,千克,日常维护
08024110,板栗,AB,PRQS,千克,日常维护
08024190,其他,AB,PRQS,千克,日常维护
08024210,板栗,AB,PRQS,千克,日常维护
08024290,其他,AB,PRQS,千克,日常维护
08025100,未去壳,AB,PRQS,千克,日常维护
08025200,去壳,AB,PRQS,千克,日常维护
08026110,种用,AB,PQ,千克,日常维护
08026190,其他,AB,PRQS,千克,日常维护
08026200,去壳,AB,PRQS,千克,日常维护
08027000,可乐果（可乐果属）,AB,PRQS,千克,日常维护
08028000,槟榔果,AB,PRQS,千克,日常维护
08029100,未去壳松子,AB,PRQS,千克,日常维护
08029200,去壳松子,AB,PRQS,千克,日常维护
08029910,白果,AB,PRQ,千克,日常维护
08029990,其他鲜或干的碧根果,AB,PRQS,千克,日常维护
08031000,芭蕉,AB,PRQS,千克,税委会公告2026年第5号
08039000,其他,AB,PRQS,千克,税委会公告2026年第5号
08041000,椰枣,AB,PRQ,千克,税委会公告2026年第5号
08042000,无花果,AB,PRQ,千克,税委会公告2026年第5号
08043000,菠萝,AB,PRQS,千克,税委会公告2026年第5号
08044000,鳄梨,AB,PRQ,千克,税委会公告2026年第5号
08045010,番石榴,AB,PRQ,千克,税委会公告2026年第5号
08045020,芒果,AB,PRQ,千克,税委会公告2026年第5号
08045030,山竹果,AB,PRQ,千克,税委会公告2026年第5号
08051000,橙,AB,PRQS,千克,税委会公告2026年第5号
08052110,蕉柑,AB,PRQS,千克,税委会公告2026年第5号
08052190,其他,AB,PRQS,千克,税委会公告2026年第5号
08052200,克里曼丁橘,AB,PRQS,千克,税委会公告2026年第5号
08052900,其他,AB,PRQS,千克,税委会公告2026年第5号
08054000,葡萄柚及柚,AB,PRQS,千克,税委会公告2026年第5号
08055000,柠檬及酸橙,AB,PRQS,千克,税委会公告2026年第5号
08059000,其他,AB,PRQS,千克,税委会公告2026年第5号
08061000,鲜的,AB,PRQS,千克,税委会公告2026年第5号
08062000,干的,AB,PRQS,千克,税委会公告2026年第5号
08071100,西瓜,AB,PRQS,千克,税委会公告2026年第5号
08071910,哈密瓜,AB,PRQS,千克,税委会公告2026年第5号
08071920,罗马甜瓜及加勒比甜瓜,AB,PRQS,千克,税委会公告2026年第5号
08071990,其他,AB,PRQS,千克,税委会公告2026年第5号
08072000,番木瓜,AB,PRQS,千克,税委会公告2026年第5号
08081000,苹果,AB,PRQS,千克,税委会公告2026年第5号
08083010,鸭梨及雪梨,AB,PRQS,千克,税委会公告2026年第5号
08083020,香梨,AB,PRQS,千克,税委会公告2026年第5号
08083090,其他,AB,PRQS,千克,税委会公告2026年第5号
08084000,榅桲,AB,PRQ,千克,税委会公告2026年第5号
08091000,杏,AB,PRQ,千克,税委会公告2026年第5号
08092100,欧洲酸樱桃,AB,PRQ,千克,税委会公告2026年第5号
08092900,其他,AB,PRQ,千克,税委会公告2026年第5号
08093000,桃，包括油桃,AB,PRQS,千克,税委会公告2026年第5号
08094000,李及黑刺李,AB,PRQS,千克,税委会公告2026年第5号
08101000,草莓,AB,PRQ,千克,税委会公告2026年第5号
08102000,木莓、黑莓、桑椹及罗甘莓,AB,PRQ,千克,税委会公告2026年第5号
08103000,黑、白或红的穗醋栗（加仑子）及醋栗,AB,PRQ,千克,税委会公告2026年第5号
08104000,蔓越橘、越橘及其他越橘属植物果实,AB,PRQ,千克,税委会公告2026年第5号
08105000,猕猴桃,AB,PRQS,千克,税委会公告2026年第5号
08106000,榴莲,AB,PRQ,千克,税委会公告2026年第5号
08107000,柿子,AB,PRQS,千克,税委会公告2026年第5号
08109010,荔枝,AB,PRQS,千克,税委会公告2026年第5号
08109030,龙眼,AB,PRQS,千克,税委会公告2026年第5号
08109040,红毛丹,AB,PRQS,千克,税委会公告2026年第5号
08109050,番荔枝,AB,PRQS,千克,税委会公告2026年第5号
08109060,杨桃,AB,PRQS,千克,税委会公告2026年第5号
08109070,莲雾,AB,PRQS,千克,税委会公告2026年第5号
08109080,火龙果,AB,PRQS,千克,税委会公告2026年第5号
08109090,其他,AB,PRQS,千克,税委会公告2026年第5号
08111000,草莓,AB,PRQS,千克,税委会公告2026年第5号
08112000,木莓、黑莓、桑椹、罗甘莓，黑、白或红的穗醋栗（加仑子）及醋栗,AB,PRQ,千克,税委会公告2026年第5号
08119010,栗子，未去壳,AB,PRQS,千克,税委会公告2026年第5号
08119090,其他冷冻鳄梨,AB,PRQS,千克,税委会公告2026年第5号
08121000,樱桃,AB,PRQ,千克,税委会公告2026年第5号
08129000,其他,AB,PRQS,千克,税委会公告2026年第5号
08131000,杏,AB,PRQS,千克,税委会公告2026年第5号
08132000,梅及李,AB,PRQS,千克,税委会公告2026年第5号
08133000,苹果,AB,PRQS,千克,税委会公告2026年第5号
08134010,龙眼干、肉,AB,PRQS,千克,税委会公告2026年第5号
08134020,柿饼,AB,PRQS,千克,税委会公告2026年第5号
08134030,红枣,AB,PRQS,千克,税委会公告2026年第5号
08134040,荔枝干,AB,PRQS,千克,税委会公告2026年第5号
08134090,其他,AB,PRQS,千克,税委会公告2026年第5号
08135000,本章的什锦坚果或干果,AB,PRQS,千克,税委会公告2026年第5号
08140000,柑橘属水果或甜瓜（包括西瓜）的果皮，鲜、冻、干或用盐水、亚硫酸水或其他防腐液暂时保藏的,AB,PRQS,千克,税委会公告2026年第5号
09011100,未浸除咖啡碱,AB,PRQS,千克,税委会公告2026年第5号
09011200,已浸除咖啡碱,AB,PRQS,千克,税委会公告2026年第5号
09012100,未浸除咖啡碱,AB,PRQS,千克,税委会公告2026年第5号
09012200,已浸除咖啡碱,AB,PRQS,千克,税委会公告2026年第5号
09019010,咖啡豆荚及咖啡豆皮,AB,PRQS,千克,税委会公告2026年第5号
09019020,含咖啡的咖啡代用品,AB,PRQ,千克,税委会公告2026年第5号
09021011,茉莉花茶,AB,RS,千克,税委会公告2026年第5号
09021019,其他,AB,RS,千克,税委会公告2026年第5号
09021020,白茶,AB,RS,千克,税委会公告2026年第5号
09021090,其他,AB,RS,千克,税委会公告2026年第5号
09022011,茉莉花茶,AB,RS,千克,税委会公告2026年第5号
09022019,其他,AB,RS,千克,税委会公告2026年第5号
09022020,白茶,AB,RS,千克,税委会公告2026年第5号
09022090,其他,AB,RS,千克,税委会公告2026年第5号
09023010,乌龙茶,AB,RS,千克,税委会公告2026年第5号
09023031,普洱茶（熟茶）,AB,RS,千克,税委会公告2026年第5号
09023039,其他,AB,RS,千克,税委会公告2026年第5号
09023090,其他,AB,RS,千克,税委会公告2026年第5号
09024010,乌龙茶,AB,RS,千克,税委会公告2026年第5号
09024031,普洱茶（熟茶）,AB,RS,千克,税委会公告2026年第5号
09024039,其他,AB,RS,千克,税委会公告2026年第5号
09024090,其他,AB,RS,千克,税委会公告2026年第5号
09030000,马黛茶,AB,RS,千克,税委会公告2026年第5号
09041100,未磨,QAB,PRQS,千克,税委会公告2026年第5号
09041200,已磨,AB,PRQS,千克,税委会公告2026年第5号
09042100,干，未磨,AB,PRQS,千克,税委会公告2026年第5号
09042200,已磨,AB,PRQS,千克,税委会公告2026年第5号
09051000,未磨,AB,PRQ,千克,税委会公告2026年第5号
09052000,已磨,AB,PRQ,千克,税委会公告2026年第5号
09061100,锡兰肉桂,AB,PRQS,千克,税委会公告2026年第5号
09061900,其他,AB,PRQS,千克,税委会公告2026年第5号
09062000,已磨,QAB,PRQS,千克,税委会公告2026年第5号
09071000,未磨,QAB,PRQ,千克,税委会公告2026年第5号
09072000,已磨,QAB,PRQ,千克,税委会公告2026年第5号
09081100,未磨,QABE,PRQ,千克,税委会公告2026年第5号
09081200,已磨,QABE,PRQ,千克,税委会公告2026年第5号
09082100,未磨,ABE,PRQ,千克,税委会公告2026年第5号
09082200,已磨,ABE,PRQ,千克,税委会公告2026年第5号
09083100,未磨,QABE,PRQ,千克,税委会公告2026年第5号
09083200,已磨,QABE,PRQ,千克,税委会公告2026年第5号
09092100,未磨种用芫荽,AB,PRQ,千克,税委会公告2026年第5号
09092200,已磨,AB,PRQ,千克,税委会公告2026年第5号
09093100,未磨,AB,PRQ,千克,税委会公告2026年第5号
09093200,已磨,AB,PRQ,千克,税委会公告2026年第5号
09096110,八角茴香,QAB,PRQS,千克,税委会公告2026年第5号
09096190,其他,ABQ,PRQS,千克,税委会公告2026年第5号
09096210,八角茴香,QAB,PRQS,千克,税委会公告2026年第5号
09096290,其他,QAB,PRQS,千克,税委会公告2026年第5号
09101100,未磨,AB,PRQS,千克,税委会公告2026年第5号
09101200,已磨,AB,PRQS,千克,税委会公告2026年第5号
09102000,番红花,QAB,PRQS,千克,税委会公告2026年第5号
09103000,姜黄,QAB,PRQS,千克,税委会公告2026年第5号
09109100,本章注释一（二）所述的混合物,AB,PRQS,千克,税委会公告2026年第5号
09109910,花椒、竹叶花椒和青花椒,AB,PRQS,千克,年初维护
09109990,其他,AB,PRQS,千克,税委会公告2026年第5号
10011100,种用,4xABy,PQ,千克,日常维护
10011900,其他,4xABy,PRQS,千克,日常维护
10019100,种用,4xABy,PQ,千克,日常维护
10019900,其他,4xABy,PRQS,千克,日常维护
10021000,种用,AB,PQ,千克,税委会公告2026年第5号
10029000,其他,AB,PRQ,千克,税委会公告2026年第5号
10031000,种用,7AB,PQ,千克,税委会公告2026年第5号
10039000,其他,7AB,PRQS,千克,税委会公告2026年第5号
10041000,种用,AB,PQ,千克,税委会公告2026年第5号
10049000,其他,AB,PRQ,千克,税委会公告2026年第5号
10051000,种用,4xABy,PQ,千克,日常维护
10059000,其他,4xABy,PRQS,千克,日常维护
10061021,长粒米,4xABy,PNQ,千克,日常维护
10061029,其他,4xABy,PNQ,千克,日常维护
10061081,长粒米,4xABy,PRQS,千克,日常维护
10061089,其他,4xABy,PRQS,千克,日常维护
10062020,长粒米,4xABy,PRQS,千克,日常维护
10062080,其他,4xABy,PRQS,千克,日常维护
10063020,长粒米,4xABy,PRQS,千克,日常维护
10063080,其他,4xABy,PRQS,千克,日常维护
10064020,长粒米,4xABy,PRQS,千克,日常维护
10064080,其他,4xABy,PRQS,千克,日常维护
10071000,种用,7AB,PNQ,千克,税委会公告2026年第5号
10079000,其他,7AB,PRQS,千克,税委会公告2026年第5号
10081000,荞麦,AB,PRQS,千克,税委会公告2026年第5号
10082100,种用,AB,PQ,千克,税委会公告2026年第5号
10082900,其他,AB,PRQS,千克,税委会公告2026年第5号
10083000,加那利草子,AB,PRQ,千克,税委会公告2026年第5号
10084010,种用,AB,PNQ,千克,税委会公告2026年第5号
10084090,其他,AB,PRQS,千克,税委会公告2026年第5号
10085010,种用,AB,PNQ,千克,税委会公告2026年第5号
10085090,其他,AB,PRQS,千克,税委会公告2026年第5号
10086010,种用,AB,PNQ,千克,税委会公告2026年第5号
10086090,其他,AB,PRQS,千克,税委会公告2026年第5号
10089010,种用,AB,PNQ,千克,税委会公告2026年第5号
10089090,其他,AB,PRQS,千克,税委会公告2026年第5号
11010000,小麦或混合麦的细粉,4ABxy,PRQS,千克,日常维护
11022000,玉米细粉,4ABxy,PRQS,千克,日常维护
11029021,长粒米的,4ABxy,PRQS,千克,日常维护
11029029,其他,4ABxy,PRQS,千克,日常维护
11029090,其他,AB,PRQS,千克,税委会公告2026年第5号
11031100,小麦的,4ABxy,PRQS,千克,日常维护
11031300,玉米的,4ABxy,PRQS,千克,日常维护
11031910,燕麦的,AB,PRQ,千克,税委会公告2026年第5号
11031931,长粒米的,4ABxy,PRQS,千克,日常维护
11031939,其他,4ABxy,PRQS,千克,日常维护
11031990,其他,AB,PRQS,千克,税委会公告2026年第5号
11032010,小麦的,4ABxy,PRQ,千克,日常维护
11032090,其他,AB,PRQ,千克,税委会公告2026年第5号
11041200,燕麦的,AB,PRQ,千克,税委会公告2026年第5号
11041910,大麦的,AB,PRQ,千克,税委会公告2026年第5号
11041990,其他,4ABxy,PRQ,千克,税委会公告2026年第5号
11042200,燕麦的,AB,PRQ,千克,税委会公告2026年第5号
11042300,玉米的,4ABxy,PRQ,千克,日常维护
11042910,大麦的,AB,PRQS,千克,税委会公告2026年第5号
11042990,其他,AB,PRQS,千克,税委会公告2026年第5号
11043000,谷物胚芽，整粒、滚压、制片或磨碎的,AB,PRQ,千克,税委会公告2026年第5号
11051000,细粉、粗粉及粉末,AB,PRQ,千克,税委会公告2026年第5号
11052000,粉片、颗粒及团粒,AB,PRQ,千克,税委会公告2026年第5号
11061000,用税目07.13的干豆制成的,AB,PRQS,千克,税委会公告2026年第5号
11062000,用税目07.14的西谷茎髓及植物根茎、块茎制成的,AB,PRQS,千克,税委会公告2026年第5号
11063000,用第八章的产品制成的,AB,PRQS,千克,税委会公告2026年第5号
11071000,未焙制,AB,PRQS,千克,税委会公告2026年第5号
11072000,已焙制,AB,PRQS,千克,税委会公告2026年第5号
11081100,小麦淀粉,AB,RS,千克,税委会公告2026年第5号
11081200,玉米淀粉,AB,RS,千克,税委会公告2026年第5号
11081300,马铃薯淀粉,AB,RS,千克,税委会公告2026年第5号
11081400,木薯淀粉,AB,RS,千克,税委会公告2026年第5号
11081900,其他,AB,RS,千克,税委会公告2026年第5号
11082000,菊粉,AB,RS,千克,税委会公告2026年第5号
11090000,面筋，不论是否干制,AB,PRQS,千克,税委会公告2026年第5号
12011000,种用,7AB,PQ,千克,税委会公告2026年第5号
12019011,非转基因,7AB,PRQS,千克,税委会公告2026年第5号
12019019,其他,7AB,PRQS,千克,税委会公告2026年第5号
12019020,黑大豆,7AB,PRQS,千克,税委会公告2026年第5号
12019030,青大豆,7AB,PRQS,千克,税委会公告2026年第5号
12019090,其他,7AB,PRQS,千克,税委会公告2026年第5号
12023000,种用,AB,PNQ,千克,税委会公告2026年第5号
12024100,未去壳,AB,PRQS,千克,税委会公告2026年第5号
12024200,去壳，不论是否破碎,AB,PRQS,千克,税委会公告2026年第5号
12030000,干椰子肉,AB,PRQ,千克,税委会公告2026年第5号
12040000,亚麻子，不论是否破碎,AB,PRQ,千克,税委会公告2026年第5号
12051010,种用,7AB,PNQ,千克,税委会公告2026年第5号
12051090,其他,7AB,PRQS,千克,税委会公告2026年第5号
12059010,种用,7AB,PNQ,千克,税委会公告2026年第5号
12059090,其他,7AB,PRQS,千克,税委会公告2026年第5号
12060010,种用,AB,PNQ,千克,税委会公告2026年第5号
12060090,其他,AB,PRQS,千克,税委会公告2026年第5号
12071010,种用,ABEF,PNQ,千克,税委会公告2026年第5号
12071090,其他,ABEF,PRQS,千克,税委会公告2026年第5号
12072100,种用,AB,PNQ,千克,税委会公告2026年第5号
12072900,其他,AB,PRQS,千克,税委会公告2026年第5号
12073010,种用,AB,PNQ,千克,税委会公告2026年第5号
12073090,其他,AB,PRQS,千克,税委会公告2026年第5号
12074010,种用,AB,PNQ,千克,税委会公告2026年第5号
12074090,其他,AB,PRQS,千克,税委会公告2026年第5号
12075010,种用,AB,PNQ,千克,税委会公告2026年第5号
12075090,其他,AB,PRQ,千克,税委会公告2026年第5号
12076010,种用,AB,PNQ,千克,税委会公告2026年第5号
12076090,其他,AB,PRQS,千克,税委会公告2026年第5号
12077010,种用,AB,PQ,千克,税委会公告2026年第5号
12077091,黑瓜子,AB,PRQS,千克,税委会公告2026年第5号
12077092,红瓜子,AB,PRQS,千克,税委会公告2026年第5号
12077099,其他,AB,PRQS,千克,税委会公告2026年第5号
12079100,罂粟子,AB,PQ,千克,税委会公告2026年第5号
12079910,种用,AB,PNQ,千克,税委会公告2026年第5号
12079991,牛油树果,AB,PRQ,千克,税委会公告2026年第5号
12079999,其他,AB,PRQS,千克,税委会公告2026年第5号
12081000,大豆粉,AB,PRQS,千克,税委会公告2026年第5号
12089000,其他,AB,PRQS,千克,税委会公告2026年第5号
12091000,糖甜菜子,AB,PQ,千克,税委会公告2026年第5号
12092100,紫苜蓿子,AB,PQ,千克,税委会公告2026年第5号
12092200,三叶草子,AB,PQ,千克,税委会公告2026年第5号
12092300,羊茅子,AB,PQ,千克,税委会公告2026年第5号
12092400,草地早熟禾子,AB,PQ,千克,税委会公告2026年第5号
12092500,黑麦草种子,AB,PQ,千克,税委会公告2026年第5号
12092910,甜菜子，糖甜菜子除外,AB,PQ,千克,税委会公告2026年第5号
12092990,其他,AB,PQ,千克,税委会公告2026年第5号
12093000,草本花卉植物种子,AFEB,PQ,千克,税委会公告2026年第5号
12099110,胡萝卜种子,AB,PQ,千克,税委会公告2026年第5号
12099120,西兰花种子,AB,PQ,千克,税委会公告2026年第5号
12099130,番茄种子,AB,PQ,千克,税委会公告2026年第5号
12099140,洋葱种子,AB,PQ,千克,税委会公告2026年第5号
12099150,菠菜种子,AB,PQ,千克,税委会公告2026年第5号
12099190,其他,AB,PQ,千克,税委会公告2026年第5号
12099900,其他,AFEB,PQ,千克,税委会公告2026年第5号
12101000,啤酒花，未经研磨也未制成团粒,AB,PRQS,千克,税委会公告2026年第5号
12102000,啤酒花，经研磨或制成团粒；蛇麻腺,AB,PRQS,千克,税委会公告2026年第5号
12112011,鲜的或干的,AQBFE,PRQS,千克,税委会公告2026年第5号
12112019,其他,AQBFE,PRQS,千克,税委会公告2026年第5号
12112021,鲜的或干的,ABEF,PRQS,千克,税委会公告2026年第5号
12112029,其他,ABEF,PRQS,千克,税委会公告2026年第5号
12112031,鲜的,ABEF,PRQS,千克,税委会公告2026年第5号
12112032,干的,ABEFQ,PRQS,千克,税委会公告2026年第5号
12112039,其他,ABEFQ,PRQS,千克,税委会公告2026年第5号
12112091,鲜的,ABEF,PRQS,千克,税委会公告2026年第5号
12112092,干的,ABEFQ,PRQS,千克,税委会公告2026年第5号
12112099,其他,ABEFQ,PRQS,千克,税委会公告2026年第5号
12113000,古柯叶,ABI,PQ,千克,税委会公告2026年第5号
12114000,罂粟秆,AB,PQ,千克,税委会公告2026年第5号
12115000,麻黄,ABQ,PQ,千克,税委会公告2026年第5号
12116000,非洲李的树皮,ABFE,PQ,千克,税委会公告2026年第5号
12119011,当归,AQB,PRQ,千克,税委会公告2026年第5号
12119012,三七（田七）,AQB,PRQ,千克,税委会公告2026年第5号
12119013,党参,AQB,PRQ,千克,税委会公告2026年第5号
12119014,黄连,AQBE,PQ,千克,税委会公告2026年第5号
12119015,菊花,AQB,PRQS,千克,税委会公告2026年第5号
12119016,冬虫夏草,ABEQ,PQ,千克,税委会公告2026年第5号
12119017,贝母,AQBE,PRQ,千克,税委会公告2026年第5号
12119018,川芎,AQB,PRQ,千克,税委会公告2026年第5号
12119019,半夏,AQB,PQ,千克,税委会公告2026年第5号
12119021,白芍,AQB,PRQ,千克,税委会公告2026年第5号
12119022,天麻,AQBFE,PRQ,千克,税委会公告2026年第5号
12119023,黄芪,AQB,PRQ,千克,税委会公告2026年第5号
12119024,大黄、籽黄,AQB,PRQ,千克,税委会公告2026年第5号
12119025,白术,AQB,PRQ,千克,税委会公告2026年第5号
12119026,地黄,AQB,PRQ,千克,税委会公告2026年第5号
12119027,槐米,AQB,PRQS,千克,税委会公告2026年第5号
12119028,杜仲,ABQ,PRQ,千克,税委会公告2026年第5号
12119029,茯苓,AQB,PRQS,千克,税委会公告2026年第5号
12119031,枸杞,AQB,PRQS,千克,税委会公告2026年第5号
12119032,胖大海,ABQ,PRQS,千克,税委会公告2026年第5号
12119033,沉香,AQFEB,PQ,千克,税委会公告2026年第5号
12119034,沙参,AQB,PRQ,千克,税委会公告2026年第5号
12119035,青蒿,AB,PQ,千克,税委会公告2026年第5号
12119036,甘草,AQB4xy,PRQS,千克,税委会公告2026年第5号
12119037,黄芩,ABQ,PQ,千克,税委会公告2026年第5号
12119038,椴树（欧椴）花及叶,ABEQ,PQ,千克,税委会公告2026年第5号
12119039,其他种用牛蒡,ABI,PQ,千克,税委会公告2026年第5号
12119050,主要用作香料的植物及其某部分,ABFE,PRQ,千克,税委会公告2026年第5号
12119091,鱼藤根、除虫菊,AB,MPNQ,千克,税委会公告2026年第5号
12119099,其他,ABFE,PQ,千克,税委会公告2026年第5号
12122110,海带,AB,PRQS,千克,税委会公告2026年第5号
12122120,发菜,8A,PRQS,千克,税委会公告2026年第5号
12122131,干的,AB,PRQS,千克,税委会公告2026年第5号
12122132,鲜的,AB,PRQS,千克,税委会公告2026年第5号
12122139,其他,AB,PRQS,千克,税委会公告2026年第5号
12122141,干的,AB,PRQS,千克,税委会公告2026年第5号
12122142,鲜的,AB,PRQS,千克,税委会公告2026年第5号
12122149,其他,AB,PRQS,千克,税委会公告2026年第5号
12122161,干的,ABE,PRQS,千克,税委会公告2026年第5号
12122169,其他,AB,PRQS,千克,税委会公告2026年第5号
12122171,干的,AB,PRQS,千克,税委会公告2026年第5号
12122179,其他,AB,PRQS,千克,税委会公告2026年第5号
12122190,其他,AB,PRQS,千克,税委会公告2026年第5号
12122910,马尾藻,ABE,PQ,千克,税委会公告2026年第5号
12122990,其他,AB,PQ,千克,税委会公告2026年第5号
12129100,甜菜,AB,PRQ,千克,税委会公告2026年第5号
12129200,刺槐豆,AB,PRQ,千克,税委会公告2026年第5号
12129300,甘蔗,AB,PRQ,千克,税委会公告2026年第5号
12129400,菊苣根,AB,PRQS,千克,税委会公告2026年第5号
12129911,苦杏仁,QAB,PRQS,千克,税委会公告2026年第5号
12129912,甜杏仁,AB,PRQS,千克,税委会公告2026年第5号
12129919,其他,AB,PRQS,千克,税委会公告2026年第5号
12129993,白瓜子,AB,PRQS,千克,税委会公告2026年第5号
12129994,莲子,AB,PRQS,千克,税委会公告2026年第5号
12129996,甜叶菊叶,AB,PRQS,千克,税委会公告2026年第5号
12129999,其他,ABFE,PRQS,千克,税委会公告2026年第5号
12130000,未经处理的谷类植物的茎、秆及谷壳，不论是否切碎、碾磨、挤压或制成团粒,AB,PQ,千克,税委会公告2026年第5号
12141000,紫苜蓿粗粉及团粒,AB,PQ,千克,税委会公告2026年第5号
12149000,其他其他紫苜蓿（粗粉及团粒除外）以除紫苜蓿外的禾本科和豆科为主的多种混合天然饲草,AB,PQ,千克,税委会公告2026年第5号
13012000,阿拉伯胶,AB,PRQ,千克,税委会公告2026年第5号
13019010,胶黄耆树胶（卡喇杆胶）,AB,PQ,千克,税委会公告2026年第5号
13019020,乳香、没药及血竭,ABQ,PQ,千克,税委会公告2026年第5号
13019030,阿魏,ABE,PQ,千克,税委会公告2026年第5号
13019040,松脂,ABE,MPNQ,千克,税委会公告2026年第5号
13019090,其他,ABFE,PQ,千克,税委会公告2026年第5号
13021100,鸦片,9BI,PQ,千克,税委会公告2026年第5号
13021200,甘草的,4xAy,R,千克,税委会公告2026年第5号
13021300,啤酒花的,AB,PRQS,千克,税委会公告2026年第5号
13021400,麻黄的,Q23AB,PQ,千克,税委会公告2026年第5号
13021910,生漆,AB,MPNQ,千克,税委会公告2026年第5号
13021920,印楝素,ABS,PQ,千克,税委会公告2026年第5号
13021930,除虫菊的或含鱼藤酮植物根茎的,ABS,MPNQ,千克,税委会公告2026年第5号
13021940,银杏的,AB,PQ,千克,税委会公告2026年第5号
13021990,其他,ABS,PQ,千克,税委会公告2026年第5号
13022000,果胶、果胶酸盐及果胶酸酯,A,R,千克,税委会公告2026年第5号
13023100,琼脂,A,R,千克,税委会公告2026年第5号
13023200,从刺槐豆、刺槐豆子或瓜尔豆制得的胶液及增稠剂，不论是否改性,A,R,千克,税委会公告2026年第5号
13023911,卡拉胶,A,R,千克,税委会公告2026年第5号
13023912,褐藻胶,AB,PQ,千克,税委会公告2026年第5号
13023919,其他,AB,PQ,千克,税委会公告2026年第5号
13023990,其他,ABFE,PQ,千克,税委会公告2026年第5号
14011000,竹,AB,PQ,千克,税委会公告2026年第5号
14012000,藤,ABFE,PQ,千克,税委会公告2026年第5号
14019010,谷类植物的茎秆（麦秸除外）,AB,PQ,千克,税委会公告2026年第5号
14019020,芦苇,AB,PQ,千克,税委会公告2026年第5号
14019031,蔺草,AB4xy,PQ,千克,税委会公告2026年第5号
14019039,其他,AB,PQ,千克,税委会公告2026年第5号
14019090,其他,AB,PQ,千克,税委会公告2026年第5号
14042000,棉短绒,AB,PQ,千克,税委会公告2026年第5号
14049010,主要供染料、鞣料用的植物原料,AB,PQ,千克,税委会公告2026年第5号
14049090,其他椰糠（条/块）,AB,PQ,千克,税委会公告2026年第5号
15011000,猪油,AB,MPRQS,千克,税委会公告2026年第5号
15012000,其他猪脂肪,AB,MPRQS,千克,税委会公告2026年第5号
15019000,其他,AB,MPRQS,千克,税委会公告2026年第5号
15021000,牛、羊油脂,AB,MPRQS,千克,税委会公告2026年第5号
15029000,其他,AB,MPRQS,千克,税委会公告2026年第5号
15030000,猪油硬脂、液体猪油、油硬脂、食用或非食用脂油，未经乳化、混合或其他方法制作,AB,PRQS,千克,税委会公告2026年第5号
15041000,鱼肝油及其分离品,ABEF,PRQS,千克,税委会公告2026年第5号
15042000,除鱼肝油以外的鱼油、脂及其分离品鱼油软胶囊,ABEF,PRQS,千克,税委会公告2026年第5号
15043000,海生哺乳动物的油、脂及其分离品,ABFE,PRQS,千克,税委会公告2026年第5号
15050000,羊毛脂及从羊毛脂制得的脂肪物质（包括纯净的羊毛脂）,AB,PQS,千克,税委会公告2026年第5号
15060000,其他动物油、脂及其分离品，不论是否精制，但未经化学改性,ABFE,PRQS,千克,税委会公告2026年第5号
15071000,初榨的，不论是否脱胶,7AB,MPRQS,千克,税委会公告2026年第5号
15079000,其他,7AB,MRS,千克,税委会公告2026年第5号
15081000,初榨的,AB,PRQS,千克,税委会公告2026年第5号
15089000,其他,AB,MRS,千克,税委会公告2026年第5号
15092000,特级初榨油橄榄油,7AB,PRQS,千克,税委会公告2026年第5号
15093000,初榨油橄榄油,7AB,PRQS,千克,税委会公告2026年第5号
15094000,其他初榨油橄榄油,7AB,PRQS,千克,税委会公告2026年第5号
15099000,其他,7AB,RS,千克,税委会公告2026年第5号
15101000,粗提油橄榄果渣油,7AB,PRQS,千克,税委会公告2026年第5号
15109000,其他,7AB,PRQS,千克,税委会公告2026年第5号
15111000,初榨的,7AB,MPRQS,千克,税委会公告2026年第5号
15119010,棕榈液油（熔点19摄氏度—24摄氏度）,7AB,MRS,千克,税委会公告2026年第5号
15119020,棕榈硬脂（熔点44摄氏度—56摄氏度）固态棕榈硬脂（50摄氏度≤熔点≤56摄氏度）,AB,MRS,千克,税委会公告2026年第5号
15119090,其他,7AB,MRS,千克,税委会公告2026年第5号
15121100,初榨的,AB,PRQS,千克,年初维护
15121900,其他,AB,RS,千克,年初维护
15122100,初榨的，不论是否去除棉子酚,AB,PRQS,千克,税委会公告2026年第5号
15122900,其他,AB,RS,千克,税委会公告2026年第5号
15131100,初榨的,AB,MPRQS,千克,税委会公告2026年第5号
15131900,其他,AB,MPRQS,千克,税委会公告2026年第5号
15132100,初榨的,AB,MPRQS,千克,税委会公告2026年第5号
15132900,其他,AB,MRS,千克,税委会公告2026年第5号
15141100,初榨的,7AB,MPRQS,千克,税委会公告2026年第5号
15141900,其他,7AB,MPRQS,千克,税委会公告2026年第5号
15149110,菜子油,7AB,MPRQS,千克,税委会公告2026年第5号
15149190,芥子油,7AB,MPRQS,千克,税委会公告2026年第5号
15149900,其他,7AB,MRS,千克,年初维护
15151100,初榨的,AB,MPRQS,千克,税委会公告2026年第5号
15151900,其他,AB,RS,千克,税委会公告2026年第5号
15152100,初榨的,AB,PRQS,千克,税委会公告2026年第5号
15152900,其他,AB,RS,千克,税委会公告2026年第5号
15153000,蓖麻油及其分离品,AB,MPQS,千克,税委会公告2026年第5号
15155000,芝麻油及其分离品,AB,PRQS,千克,税委会公告2026年第5号
15156000,微生物油、脂及其分离品,AB,MPRNQS,千克,税委会公告2026年第5号
15159010,希蒙得木油及其分离品,AB,PRQS,千克,税委会公告2026年第5号
15159020,印楝油及其分离品,ABS,PRQS,千克,税委会公告2026年第5号
15159030,桐油及其分离品,AB,PRQS,千克,税委会公告2026年第5号
15159040,茶籽油及其分离品,AB,MPRNQS,千克,税委会公告2026年第5号
15159090,其他,ABE,PRQS,千克,税委会公告2026年第5号
15161000,动物油、脂及其分离品,AB,PRS,千克,税委会公告2026年第5号
15162000,植物油、脂及其分离品,AB,RS,千克,税委会公告2026年第5号
15163000,微生物油、脂及其分离品,AB,RS,千克,税委会公告2026年第5号
15171000,人造黄油，但不包括液态的,AB,MRS,千克,税委会公告2026年第5号
15179010,起酥油,AB,RS,千克,税委会公告2026年第5号
15179090,其他,AB,PRS,千克,税委会公告2026年第5号
15180000,动、植物或微生物油、脂及其分离品，经过熟炼、氧化、脱水、硫化、吹制或在真空、惰性气体中加热聚合及用其他化学方法改性的，但税目15.16的产品除外；本章各种油、脂及其分离品混合制成的其他税号未列名的非食用油、脂或制品,AB,MRS,千克,税委会公告2026年第5号
15200000,粗甘油；甘油水及甘油碱液,AB,MRS,千克,税委会公告2026年第5号
15211000,植物蜡,ABEF,PRQ,千克,税委会公告2026年第5号
15219010,蜂蜡,AB,PRQS,千克,税委会公告2026年第5号
15219090,其他,AFEB,PQ,千克,税委会公告2026年第5号
15220000,油鞣回收脂；加工处理油脂物质及动、植物蜡所剩的残渣,9,,千克,税委会公告2026年第5号
16010010,用天然肠衣做外包装的香肠及类似产品,ABFE,PRQS,千克,税委会公告2026年第5号
16010020,其他香肠及类似产品,ABFE,PRQS,千克,税委会公告2026年第5号
16010030,用香肠制成的食品,ABFE,PRQS,千克,税委会公告2026年第5号
16021000,均化食品,ABFE,PRS,千克,税委会公告2026年第5号
16022000,动物肝,ABEF,PRQS,千克,税委会公告2026年第5号
16023100,火鸡的,AB,PRQS,千克,税委会公告2026年第5号
16023210,罐头,AB,PRQS,千克,税委会公告2026年第5号
16023291,鸡胸肉,AB,PRQS,千克,税委会公告2026年第5号
16023292,鸡腿肉,AB,PRQS,千克,税委会公告2026年第5号
16023299,其他,AB,PRQS,千克,税委会公告2026年第5号
16023910,罐头,AB,PRQS,千克,税委会公告2026年第5号
16023991,鸭的,AB,PRQS,千克,税委会公告2026年第5号
16023999,其他,AB,PRQS,千克,税委会公告2026年第5号
16024100,后腿及其肉块,ABFE,PRQS,千克,税委会公告2026年第5号
16024200,前腿及其肉块,ABFE,PRQS,千克,税委会公告2026年第5号
16024910,罐头,ABFE,PRQS,千克,税委会公告2026年第5号
16024990,其他,ABFE,PRQS,千克,税委会公告2026年第5号
16025010,罐头,ABFE,PRQS,千克,税委会公告2026年第5号
16025090,其他,ABFE,PRQS,千克,税委会公告2026年第5号
16029010,罐头,ABFE,PRQS,千克,税委会公告2026年第5号
16029090,其他,ABFE,PRQS,千克,税委会公告2026年第5号
16030000,肉、鱼、甲壳动物、软体动物或其他水生无脊椎动物的精及汁,ABFE,PRQS,千克,税委会公告2026年第5号
16041110,大西洋鲑鱼,AB,PRQS,千克,税委会公告2026年第5号
16041190,其他,AB,PRQS,千克,税委会公告2026年第5号
16041200,鲱鱼,AB,PRQS,千克,税委会公告2026年第5号
16041300,沙丁鱼、小沙丁鱼属、黍鲱或西鲱,AB,PRQS,千克,税委会公告2026年第5号
16041400,金枪鱼、鲣及狐鲣（狐鲣属）,AB,PRQS,千克,税委会公告2026年第5号
16041500,鲭鱼,AB,PRQS,千克,税委会公告2026年第5号
16041600,鳀鱼,AB,PRQS,千克,税委会公告2026年第5号
16041700,鳗鱼,ABE,PRQS,千克,税委会公告2026年第5号
16041800,鲨鱼翅,AFEB,PRQS,千克,税委会公告2026年第5号
16041920,罗非鱼,AB,PRQS,千克,税委会公告2026年第5号
16041931,斑点叉尾鮰鱼,AB,PRQS,千克,税委会公告2026年第5号
16041939,其他,AB,PRQS,千克,税委会公告2026年第5号
16041990,其他,AFEB,PRQS,千克,税委会公告2026年第5号
16042011,鱼翅,ABFE,PRQS,千克,税委会公告2026年第5号
16042019,其他,ABFE,PRQS,千克,税委会公告2026年第5号
16042091,鱼翅,ABFE,PRQS,千克,税委会公告2026年第5号
16042099,其他,ABFE,PRQS,千克,税委会公告2026年第5号
16043100,鲟鱼子酱,ABFE,PRQS,千克,税委会公告2026年第5号
16043200,鲟鱼子酱代用品,AB,PRQS,千克,税委会公告2026年第5号
16051000,蟹,AB,PRQS,千克,税委会公告2026年第5号
16052100,非密封包装,AB,PRQS,千克,税委会公告2026年第5号
16052900,其他,AB,PRQS,千克,税委会公告2026年第5号
16053000,龙虾,AB,PRQS,千克,税委会公告2026年第5号
16054011,虾仁,AB,PRQS,千克,税委会公告2026年第5号
16054019,其他,AB,PRQS,千克,税委会公告2026年第5号
16054090,其他,AB,PRQS,千克,税委会公告2026年第5号
16055100,牡蛎（蚝）,AB,PRQS,千克,税委会公告2026年第5号
16055200,扇贝，包括海扇,ABE,PRQS,千克,税委会公告2026年第5号
16055300,贻贝,AB,PRQS,千克,税委会公告2026年第5号
16055400,墨鱼及鱿鱼,AB,PRQS,千克,税委会公告2026年第5号
16055500,章鱼,AB,PRQS,千克,税委会公告2026年第5号
16055610,蛤,AB,PRQS,千克,税委会公告2026年第5号
16055620,鸟蛤及舟贝,ABEF,PRQS,千克,税委会公告2026年第5号
16055700,鲍鱼,AB,PRQS,千克,税委会公告2026年第5号
16055800,蜗牛及螺，海螺除外,ABFE,PRQS,千克,税委会公告2026年第5号
16055900,其他,ABFE,PRQS,千克,税委会公告2026年第5号
16056100,海参,ABFE,PRQS,千克,税委会公告2026年第5号
16056200,海胆,AB,PRQS,千克,税委会公告2026年第5号
16056300,海蜇,AB,PRQS,千克,税委会公告2026年第5号
16056900,其他,ABFE,PRQS,千克,税委会公告2026年第5号
17011200,甜菜糖,7AB,MPRQS,千克,日常维护
17011300,本章子目注释二所述的甘蔗糖,7AB,PRQS,千克,日常维护
17011400,其他甘蔗糖,7AB,PRQS,千克,日常维护
17019100,加有香料或着色剂,7AB,RS,千克,日常维护
17019910,砂糖,ABqt,MRS,千克,税委会公告2026年第5号
17019920,绵白糖,7AB,RS,千克,日常维护
17019990,其他,7AB,RS,千克,日常维护
17021100,按重量计干燥无水乳糖含量在99％及以上,AB,RS,千克,刚果（布）协定税率
17021900,其他,AB,RS,千克,刚果（布）协定税率
17022000,槭糖及槭糖浆,AB,RS,千克,刚果（布）协定税率
17023000,葡萄糖及葡萄糖浆，不含果糖或按重量计干燥状态的果糖含量在20％以下,BA,RS,千克,刚果（布）协定税率
17024000,葡萄糖及葡萄糖浆，按重量计干燥状态的果糖含量在20％及以上，但在50％以下，不包括转化糖,BA,RS,千克,刚果（布）协定税率
17025000,化学纯果糖,AB,RS,千克,刚果（布）协定税率
17026000,其他果糖及果糖浆，按重量计干燥状态的果糖含量在50％以上，不包括转化糖,BA,RS,千克,刚果（布）协定税率
17029011,甘蔗糖或甜菜糖水溶液,AB,RS,千克,税委会公告2026年第5号
17029012,蔗糖含量超过50%的甘蔗糖、甜菜糖与其他糖的简单固体混合物,AB,RS,千克,税委会公告2026年第5号
17029090,其他,AB,RS,千克,税委会公告2026年第5号
17031000,甘蔗糖蜜,9B,RS,千克,税委会公告2026年第5号
17039000,其他,9B,RS,千克,税委会公告2026年第5号
17041000,口香糖，不论是否裹糖,AB,RS,千克,税委会公告2026年第5号
17049000,其他,AB,RS,千克,税委会公告2026年第5号
18010000,整颗或破碎的可可豆，生的或焙炒的,AB,MPRQS,千克,年初维护
18020000,可可荚、壳、皮及废料,AB,PQS,千克,税委会公告2026年第5号
18031000,未脱脂,AB,RS,千克,税委会公告2026年第5号
18032000,全脱脂或部分脱脂,AB,RS,千克,税委会公告2026年第5号
18040000,可可脂、可可油,AB,RS,千克,税委会公告2026年第5号
18050000,未加糖或其他甜物质的可可粉,AB,PRQS,千克,税委会公告2026年第5号
18061000,加糖或其他甜物质的可可粉,AB,PRQS,千克,税委会公告2026年第5号
18062000,其他重量超过2千克的块状或条状含可可食品，或液状、膏状、粉状、粒状或其他散装形状的含可可食品，容器包装或内包装每件净重超过2千克的,AB,RS,千克,税委会公告2026年第5号
18063100,夹心,AB,RS,千克,税委会公告2026年第5号
18063200,不夹心,AB,RS,千克,税委会公告2026年第5号
18069000,其他,AB,RS,千克,税委会公告2026年第5号
19011010,配方奶粉供婴幼儿食用的零售包装配方奶粉（乳基特殊医学用途婴幼儿配方食品除外）乳基特殊医学用途婴幼儿配方食品,7AB,RS,千克,税委会公告2026年第5号
19011090,其他,AB,PRS,千克,税委会公告2026年第5号
19012000,供烘焙税目19.05所列面包糕饼用的调制品及面团,AB,RS,千克,税委会公告2026年第5号
19019000,其他乳基特殊医学用途配方食品,AB,RS,千克,税委会公告2026年第5号
19021100,含蛋,AB,PRQS,千克,税委会公告2026年第5号
19021900,其他,AB,PRQS,千克,税委会公告2026年第5号
19022000,包馅面食，不论是否烹煮或经其他方法制作,AB,PRQS,千克,税委会公告2026年第5号
19023010,米粉干,AB,PRQS,千克,税委会公告2026年第5号
19023020,粉丝,AB,PRQS,千克,税委会公告2026年第5号
19023030,即食或快熟面条,AB,RS,千克,税委会公告2026年第5号
19023090,其他,AB,PRQS,千克,税委会公告2026年第5号
19024000,古斯古斯面食,AB,RS,千克,税委会公告2026年第5号
19030000,珍粉及淀粉制成的珍粉代用品，片、粒、珠、粉或类似形状的,AB,RS,千克,税委会公告2026年第5号
19041000,谷物或谷物产品经膨化或烘炒制成的食品,AB,RS,千克,税委会公告2026年第5号
19042000,未烘炒谷物片制成的食品及未烘炒的谷物片与烘炒的谷物片或膨化的谷物混合制成的食品,AB,PRQS,千克,税委会公告2026年第5号
19043000,碾碎的干小麦,AB,PRQS,千克,税委会公告2026年第5号
19049000,其他,AB,PRQS,千克,税委会公告2026年第5号
19051000,黑麦脆面包片,AB,RS,千克,税委会公告2026年第5号
19052000,姜饼及类似品,AB,RS,千克,税委会公告2026年第5号
19053100,甜饼干,AB,RS,千克,税委会公告2026年第5号
19053200,华夫饼干及圣餐饼,AB,RS,千克,税委会公告2026年第5号
19054000,面包干、吐司及类似的烤面包,AB,RS,千克,税委会公告2026年第5号
19059000,其他,AB,RS,千克,税委会公告2026年第5号
20011000,黄瓜及小黄瓜,AB,RS,千克,税委会公告2026年第5号
20019010,大蒜,AB,RS,千克,税委会公告2026年第5号
20019090,其他,ABE,RS,千克,税委会公告2026年第5号
20021010,罐头,AB,RS,千克,税委会公告2026年第5号
20021090,其他,AB,PRQ,千克,税委会公告2026年第5号
20029011,重量不超过5千克的,AB,RS,千克,税委会公告2026年第5号
20029019,重量超过5千克的,AB,RS,千克,税委会公告2026年第5号
20029090,其他,AB,PRQS,千克,税委会公告2026年第5号
20031011,小白蘑菇,AB,RS,千克,税委会公告2026年第5号
20031019,其他,AB,RS,千克,税委会公告2026年第5号
20031090,其他,AB,RS,千克,税委会公告2026年第5号
20039011,杏鲍菇,AB,RS,千克,税委会公告2026年第5号
20039019,其他,AB,RS,千克,税委会公告2026年第5号
20039090,其他,AB,PRQS,千克,税委会公告2026年第5号
20041000,马铃薯,AB,RS,千克,税委会公告2026年第5号
20049000,其他蔬菜及什锦蔬菜,AB,RS,千克,税委会公告2026年第5号
20051000,均化蔬菜,AB,PRQS,千克,税委会公告2026年第5号
20052000,马铃薯,AB,PRQS,千克,税委会公告2026年第5号
20054000,豌豆,AB,PRQS,千克,税委会公告2026年第5号
20055111,赤豆馅,AB,RS,千克,税委会公告2026年第5号
20055119,其他,AB,RS,千克,税委会公告2026年第5号
20055191,赤豆馅,AB,PRQS,千克,税委会公告2026年第5号
20055199,其他,AB,PRQS,千克,税委会公告2026年第5号
20055910,罐头,AB,RS,千克,税委会公告2026年第5号
20055990,其他,AB,PRQS,千克,税委会公告2026年第5号
20056010,罐头,AB,RS,千克,税委会公告2026年第5号
20056090,其他,AB,PRQS,千克,税委会公告2026年第5号
20057000,油橄榄,AB,PRQS,千克,税委会公告2026年第5号
20058000,甜玉米,AB,PRQS,千克,税委会公告2026年第5号
20059110,竹笋罐头,AB,RS,千克,税委会公告2026年第5号
20059190,其他,AB,PRQS,千克,税委会公告2026年第5号
20059920,蚕豆罐头,AB,RS,千克,税委会公告2026年第5号
20059940,榨菜,AB,RS,千克,税委会公告2026年第5号
20059950,咸蕨菜,AB,RS,千克,税委会公告2026年第5号
20059960,咸藠头,AB,RS,千克,税委会公告2026年第5号
20059970,蒜制品,AB,RS,千克,税委会公告2026年第5号
20059991,罐头,AB,RS,千克,税委会公告2026年第5号
20059999,其他,ABFE,PRQS,千克,税委会公告2026年第5号
20060010,蜜枣,AB,RS,千克,税委会公告2026年第5号
20060020,橄榄,AB,RS,千克,税委会公告2026年第5号
20060090,其他,AB,RS,千克,税委会公告2026年第5号
20071000,均化食品,AB,RS,千克,税委会公告2026年第5号
20079100,柑橘属水果的,AB,RS,千克,税委会公告2026年第5号
20079910,罐头,AB,RS,千克,税委会公告2026年第5号
20079990,其他,AB,RS,千克,税委会公告2026年第5号
20081110,花生米罐头,AB,RS,千克,税委会公告2026年第5号
20081120,烘焙花生,AB,PRQS,千克,税委会公告2026年第5号
20081130,花生酱,AB,RS,千克,税委会公告2026年第5号
20081190,其他,AB,PRQS,千克,税委会公告2026年第5号
20081910,核桃仁罐头,AB,RS,千克,税委会公告2026年第5号
20081920,其他果仁罐头,AB,RS,千克,税委会公告2026年第5号
20081991,栗仁,AB,PRQS,千克,税委会公告2026年第5号
20081992,芝麻,AB,PRQS,千克,税委会公告2026年第5号
20081999,其他,ABE,PRQS,千克,税委会公告2026年第5号
20082010,罐头,AB,RS,千克,税委会公告2026年第5号
20082090,其他,AB,PRQ,千克,税委会公告2026年第5号
20083010,罐头,AB,RS,千克,税委会公告2026年第5号
20083090,其他,AB,PRQS,千克,税委会公告2026年第5号
20084010,罐头,AB,RS,千克,税委会公告2026年第5号
20084090,其他,AB,PRQ,千克,税委会公告2026年第5号
20085000,杏,AB,PRQS,千克,税委会公告2026年第5号
20086010,罐头,AB,PRQS,千克,税委会公告2026年第5号
20086090,其他,AB,PRQS,千克,税委会公告2026年第5号
20087010,罐头,AB,RS,千克,税委会公告2026年第5号
20087090,其他,AB,PRQS,千克,税委会公告2026年第5号
20088000,草莓,AB,PRQS,千克,税委会公告2026年第5号
20089100,棕榈芯,AB,PRQS,千克,税委会公告2026年第5号
20089300,蔓越橘（大果蔓越橘、小果蔓越橘）、越橘,AB,PRQS,千克,税委会公告2026年第5号
20089700,什锦果实,AB,PRQS,千克,税委会公告2026年第5号
20089910,荔枝罐头,AB,RS,千克,税委会公告2026年第5号
20089920,龙眼罐头,AB,RS,千克,税委会公告2026年第5号
20089931,调味紫菜,AB,PRS,千克,税委会公告2026年第5号
20089932,盐腌海带,AB,PRQS,千克,税委会公告2026年第5号
20089933,盐腌裙带菜,AB,PRQS,千克,税委会公告2026年第5号
20089934,烤紫菜,AB,PRS,千克,税委会公告2026年第5号
20089939,其他,AB,PRQS,千克,税委会公告2026年第5号
20089940,清水荸荠（马蹄）罐头,AB,RS,千克,税委会公告2026年第5号
20089950,姜制品,AB,PQ,千克,税委会公告2026年第5号
20089990,其他,AB,PRQS,千克,税委会公告2026年第5号
20091100,冷冻的,AB,PRQS,千克,税委会公告2026年第5号
20091200,非冷冻的，白利糖度值不超过20的,AB,PRQS,千克,税委会公告2026年第5号
20091900,其他,AB,RS,千克,税委会公告2026年第5号
20092100,白利糖度值不超过20的,AB,PRQS,千克,税委会公告2026年第5号
20092900,其他,AB,RS,千克,税委会公告2026年第5号
20093110,柠檬汁,AB,PRQS,千克,税委会公告2026年第5号
20093190,其他,AB,PRQS,千克,税委会公告2026年第5号
20093910,柠檬汁,AB,RS,千克,税委会公告2026年第5号
20093990,其他,AB,RS,千克,税委会公告2026年第5号
20094100,白利糖度值不超过20的,AB,PRQS,千克,税委会公告2026年第5号
20094900,其他,AB,RS,千克,税委会公告2026年第5号
20095000,番茄汁,AB,RS,千克,税委会公告2026年第5号
20096100,白利糖度值不超过30的,AB,PRQS,千克,税委会公告2026年第5号
20096900,其他,AB,RS,千克,税委会公告2026年第5号
20097100,白利糖度值不超过20的,AB,PRQS,千克,税委会公告2026年第5号
20097900,其他,AB,RS,千克,税委会公告2026年第5号
20098100,蔓越橘汁（大果蔓越橘、小果蔓越橘）、越橘汁,AB,PRQS,千克,税委会公告2026年第5号
20098912,芒果汁,AB,PRQS,千克,税委会公告2026年第5号
20098913,西番莲果汁,AB,PRQS,千克,税委会公告2026年第5号
20098914,番石榴果汁,AB,PRQS,千克,税委会公告2026年第5号
20098915,梨汁,AB,PRQS,千克,税委会公告2026年第5号
20098916,沙棘汁,AB,PRQS,千克,税委会公告2026年第5号
20098919,其他,AB,PRQS,千克,税委会公告2026年第5号
20098920,蔬菜汁,AB,PRQS,千克,税委会公告2026年第5号
20099010,水果汁,AB,PRQS,千克,税委会公告2026年第5号
20099090,其他,AB,PRQS,千克,税委会公告2026年第5号
21011100,浓缩精汁,AB,RS,千克,税委会公告2026年第5号
21011200,以浓缩精汁或咖啡为基本成分的制品,AB,RS,千克,税委会公告2026年第5号
21012000,茶、马黛茶浓缩精汁及以其为基本成分或以茶、马黛茶为基本成分的制品,AB,RS,千克,税委会公告2026年第5号
21013000,烘焙菊苣和其他烘焙咖啡代用品及其浓缩精汁,AB,RS,千克,税委会公告2026年第5号
21021000,活性酵母,AB,PRQS,千克,税委会公告2026年第5号
21022000,非活性酵母；已死的其他单细胞微生物,AB,PRQS,千克,税委会公告2026年第5号
21023000,发酵粉,AB,PRQS,千克,税委会公告2026年第5号
21031000,酱油,AB,RS,千克,税委会公告2026年第5号
21032000,番茄沙司及其他番茄调味汁,AB,RS,千克,税委会公告2026年第5号
21033000,芥子粉及其调制品,AB,PRQS,千克,税委会公告2026年第5号
21039010,味精,AB,RS,千克,税委会公告2026年第5号
21039020,别特酒（Aromaticbitters），按体积计酒精含量44.2％—49.2％，按重量计含1.5％—6％的香料、各种配料以及4％—10％的糖,AB,RS,千克,税委会公告2026年第5号
21039090,其他,AB,PRS,千克,税委会公告2026年第5号
21041000,汤料及其制品,AB,PRQS,千克,税委会公告2026年第5号
21042000,均化混合食品,AB,RS,千克,税委会公告2026年第5号
21050000,冰淇淋及其他冰制食品，不论是否含可可,AB,RS,千克,税委会公告2026年第5号
21061000,浓缩蛋白质及人造蛋白物质,AB,RS,千克,税委会公告2026年第5号
21069010,制造碳酸饮料的浓缩物,AB,RS,千克,税委会公告2026年第5号
21069020,制造饮料用的复合酒精制品,AB,RS,千克,税委会公告2026年第5号
21069030,蜂王浆制剂,ABFE,RS,千克,税委会公告2026年第5号
21069040,椰浆,AB,PRQS,千克,税委会公告2026年第5号
21069050,海豹油胶囊,ABEF,RS,千克,税委会公告2026年第5号
21069061,含香料或着色剂的甘蔗糖或甜菜糖水溶液,AB,RS,千克,税委会公告2026年第5号
21069062,蔗糖含量超过50%的甘蔗糖、甜菜糖与其他食品原料的简单固体混合物,AB,RS,千克,税委会公告2026年第5号
21069090,其他非乳基特殊医学用途婴儿配方食品、非乳基特殊医学用途配方食品,AB,PRS,千克,税委会公告2026年第5号
22011010,矿泉水,AB,RS,升/千克,税委会公告2026年第5号
22011020,汽水,AB,RS,升/千克,税委会公告2026年第5号
22019011,已包装,AB,RS,千升/千克,税委会公告2026年第5号
22019019,其他,,,千升/千克,税委会公告2026年第5号
22019090,其他,AB,RS,千升/千克,税委会公告2026年第5号
22021000,加味、加糖或其他甜物质的水，包括矿泉水及汽水,ABEF,RS,升/千克,税委会公告2026年第5号
22029100,无醇啤酒,AB,RS,升/千克,税委会公告2026年第5号
22029900,其他,AB,RS,升/千克,税委会公告2026年第5号
22030000,麦芽酿造的啤酒,AB,RS,升/千克,税委会公告2026年第5号
22041000,汽酒,AB,RS,升/千克,税委会公告2026年第5号
22042100,装入2升及以下容器的,AB,RS,升/千克,税委会公告2026年第5号
22042200,装入2升以上但不超过10升容器的,AB,RS,升/千克,税委会公告2026年第5号
22042900,其他,AB,RS,升/千克,税委会公告2026年第5号
22043000,其他酿酒葡萄汁,AB,RS,升/千克,税委会公告2026年第5号
22051000,装入2升及以下容器的,AB,RS,升/千克,税委会公告2026年第5号
22059000,其他,AB,RS,升/千克,税委会公告2026年第5号
22060010,黄酒,AB,RS,升/千克,税委会公告2026年第5号
22060090,其他,AB,RS,升/千克,税委会公告2026年第5号
22071000,未改性乙醇，按容量计酒精浓度在80％及以上,ABG,MRNS,升/千克,税委会公告2026年第5号
22072000,任何浓度的改性乙醇及其他酒精,ABG,MRNS,升/千克,税委会公告2026年第5号
22082000,蒸馏葡萄酒制得的烈性酒,AB,RS,升/千克,税委会公告2026年第5号
22083000,威士忌酒,AB,RS,升/千克,税委会公告2026年第5号
22084000,朗姆酒及蒸馏已发酵甘蔗产品制得的其他烈性酒,AB,RS,升/千克,税委会公告2026年第5号
22085000,杜松子酒,AB,RS,升/千克,税委会公告2026年第5号
22086000,伏特加酒,AB,RS,升/千克,税委会公告2026年第5号
22087000,利口酒及柯迪尔酒,AB,RS,升/千克,税委会公告2026年第5号
22089010,龙舌兰酒,ABFE,RS,升/千克,税委会公告2026年第5号
22089020,白酒,AB,RS,升/千克,税委会公告2026年第5号
22089090,其他,ABG,RS,升/千克,税委会公告2026年第5号
22090000,醋及用醋酸制得的醋代用品,AB,RS,升/千克,税委会公告2026年第5号
23011011,含牛羊成分的,AB,MPQ,千克,税委会公告2026年第5号
23011019,其他,AB,MPQ,千克,税委会公告2026年第5号
23011020,油渣,AB,PQ,千克,税委会公告2026年第5号
23011090,其他,AB,PQ,千克,税委会公告2026年第5号
23012010,饲料用鱼粉,AB,MPQ,千克,税委会公告2026年第5号
23012090,其他,AB,PQ,千克,税委会公告2026年第5号
23021000,玉米的,AB,PQ,千克,税委会公告2026年第5号
23023000,小麦的,AB,PQ,千克,税委会公告2026年第5号
23024000,其他谷物的,AB,PQ,千克,税委会公告2026年第5号
23025000,豆类植物的,AB,PQ,千克,税委会公告2026年第5号
23031000,制造淀粉过程中的残渣及类似的残渣,AB,PQ,千克,税委会公告2026年第5号
23032000,甜菜渣、甘蔗渣及制糖过程中的其他残渣,AB,PQ,千克,税委会公告2026年第5号
23033000,酿造及蒸馏过程中的糟粕及残渣,AB,PQ,千克,税委会公告2026年第5号
23040010,油渣饼,7AB,PNQ,千克,税委会公告2026年第5号
23040090,其他,7AB,PNQ,千克,税委会公告2026年第5号
23050000,提炼花生油所得的油渣饼及其他固体残渣，不论是否碾磨或制成团粒,AB,PNQ,千克,税委会公告2026年第5号
23061000,棉子的,AB,PNQ,千克,税委会公告2026年第5号
23062000,亚麻子的,AB,PNQ,千克,税委会公告2026年第5号
23063000,葵花子的,AB,PNQ,千克,税委会公告2026年第5号
23064100,低芥子酸的,AB,PNQ,千克,税委会公告2026年第5号
23064900,其他,AB,PNQ,千克,税委会公告2026年第5号
23065000,椰子或干椰肉的,AB,PNQ,千克,税委会公告2026年第5号
23066000,棕榈果或棕榈仁的,ABEF,PNQ,千克,税委会公告2026年第5号
23069000,其他,AB,PNQ,千克,税委会公告2026年第5号
23070000,葡萄酒渣；粗酒石,AB,RS,千克,税委会公告2026年第5号
23080000,动物饲料用的其他税目未列名的植物原料、废料、残渣及副产品，不论是否制成团粒,AB,PQ,千克,税委会公告2026年第5号
23091010,罐头,AB,PQ,千克,税委会公告2026年第5号
23091090,其他,AB,PQ,千克,税委会公告2026年第5号
23099010,添加剂预混合饲料,AB,MPQ,千克,税委会公告2026年第5号
23099090,其他,AB,MPQ,千克,税委会公告2026年第5号
24011010,烤烟,7AB,PQS,千克,税委会公告2026年第5号
24011090,其他,7AB,PQS,千克,税委会公告2026年第5号
24012010,烤烟,7AB,PQS,千克,税委会公告2026年第5号
24012090,其他,7AB,PQS,千克,税委会公告2026年第5号
24013000,烟草废料,AB7,PQS,千克,税委会公告2026年第5号
24021000,烟草制的雪茄烟,7,,千克/千支,税委会公告2026年第5号
24022000,烟草制的卷烟,7,,千克/千支,税委会公告2026年第5号
24029000,其他,7,,千克/千支,税委会公告2026年第5号
24031100,本章子目注释所述的水烟料,7AB,PQS,千克,税委会公告2026年第5号
24031900,其他,7AB,PQS,千克,税委会公告2026年第5号
24039100,“均化”或“再造”烟草,AB7,PQ,千克,税委会公告2026年第5号
24039900,其他,7AB,MPNQS,千克,税委会公告2026年第5号
24041100,含烟草或再造烟草的,7AB,PQ,千克,税委会公告2026年第5号
24041200,其他，含尼古丁的,7,,千克,日常维护
24041910,其他，含烟草代用品的,7AB,PQS,千克,税委会公告2026年第5号
24041990,其他,7,,千克,刚果（布）协定税率
24049100,经口腔摄入的,ABEF7,RS,千克,刚果（布）协定税率
24049200,经皮肤摄入的,7,,千克,刚果（布）协定税率
24049900,其他,7,,千克,刚果（布）协定税率
25010011,食用盐,AB,RS,千克,税委会公告2026年第5号
25010019,其他,AB,RS,千克,税委会公告2026年第5号
25010020,纯氯化钠,,,千克,税委会公告2026年第5号
25010030,海水,,,千克,税委会公告2026年第5号
25020000,未焙烧的黄铁矿,,,千克,年初维护
25030000,各种硫磺，但升华硫磺、沉淀硫磺及胶态硫磺除外,AB,MRNS,千克,税委会公告2026年第5号
25041010,鳞片,3,,千克,税委会公告2026年第5号
25041091,球化石墨,3,,千克,日常维护
25041099,其他,,,千克,税委会公告2026年第5号
25049000,其他,,,千克,税委会公告2026年第5号
25051000,硅砂及石英砂,48xy,,千克,税委会公告2026年第5号
25059000,其他,4xy,,千克,税委会公告2026年第5号
25061000,石英,,,千克,税委会公告2026年第5号
25062000,石英岩,,,千克,税委会公告2026年第5号
25070010,高岭土,,,千克,税委会公告2026年第5号
25070090,其他,,,千克,税委会公告2026年第5号
25081000,膨润土钠基膨润土,,,千克,税委会公告2026年第5号
25083000,耐火粘土,4xy,,千克,税委会公告2026年第5号
25084000,其他粘土,,,千克,税委会公告2026年第5号
25085000,红柱石、蓝晶石及硅线石,,,千克,税委会公告2026年第5号
25086000,富铝红柱石,,,千克,税委会公告2026年第5号
25087000,火泥及第纳斯土,,,千克,税委会公告2026年第5号
25090000,白垩,,,千克,税委会公告2026年第5号
25101010,磷灰石,4xy,,千克,税委会公告2026年第5号
25101090,其他,4xy,,千克,税委会公告2026年第5号
25102010,磷灰石,4xy,,千克,税委会公告2026年第5号
25102090,其他,4xy,,千克,税委会公告2026年第5号
25111000,天然硫酸钡（重晶石）,,,千克,税委会公告2026年第5号
25112000,天然碳酸钡（毒重石）,,,千克,税委会公告2026年第5号
25120010,硅藻土,A,R,千克,税委会公告2026年第5号
25120090,其他,,,千克,税委会公告2026年第5号
25131000,浮石,,,千克,税委会公告2026年第5号
25132000,刚玉岩、天然刚玉砂、天然石榴石及其他天然磨料,,,千克,税委会公告2026年第5号
25140000,板岩，不论是否粗加修整或仅用锯或其他方法切割成矩形（包括正方形）的板、块,,,千克,税委会公告2026年第5号
25151100,原状或粗加修整,,,千克,税委会公告2026年第5号
25151200,用锯或其他方法切割成矩形（包括正方形）的板、块,,,千克,税委会公告2026年第5号
25152000,其他石灰质碑用或建筑用石蜡石,,,千克,税委会公告2026年第5号
25161100,原状或粗加修整,A,M,千克,税委会公告2026年第5号
25161200,仅用锯或其他方法切割成矩形（包括正方形）的板、块,A,M,千克,税委会公告2026年第5号
25162000,砂岩,,,千克,税委会公告2026年第5号
25169000,其他碑用或建筑用石,,,千克,税委会公告2026年第5号
25171000,通常作混凝土粒料、铺路、铁道路基或其他路基用的卵石、砾石及碎石，圆石子及燧石，不论是否热处理,,,千克,税委会公告2026年第5号
25172000,矿渣、浮渣及类似的工业残渣，不论是否混有子目2517.10所列的材料,9,,千克,税委会公告2026年第5号
25173000,沥青碎石,9,,千克,税委会公告2026年第5号
25174100,大理石的,,,千克,税委会公告2026年第5号
25174900,其他,,,千克,税委会公告2026年第5号
25181000,未煅烧或烧结的白云石,,,千克,税委会公告2026年第5号
25182000,已煅烧或烧结的白云石,,,千克,税委会公告2026年第5号
25191000,天然碳酸镁（菱镁矿）,y4x,,千克,税委会公告2026年第5号
25199010,熔凝镁氧矿,y4x,,千克,税委会公告2026年第5号
25199020,烧结镁氧矿（重烧镁）,y4x,,千克,税委会公告2026年第5号
25199030,碱烧镁（轻烧镁）,y4x,,千克,税委会公告2026年第5号
25199091,化学纯氧化镁,A,R,千克,税委会公告2026年第5号
25199099,其他其它氧化镁含量在70%（含70%）以上的矿产品,4xy,,千克,税委会公告2026年第5号
25201000,生石膏；硬石膏,,,千克,税委会公告2026年第5号
25202010,牙科用,,,千克,税委会公告2026年第5号
25202090,其他,,,千克,税委会公告2026年第5号
25210000,石灰石助熔剂；通常用于制造石灰或水泥的石灰石及其他钙质石,,,千克,税委会公告2026年第5号
25221000,生石灰,,,千克,税委会公告2026年第5号
25222000,熟石灰,,,千克,税委会公告2026年第5号
25223000,水硬石灰,,,千克,税委会公告2026年第5号
25231000,水泥熟料,,,千克,税委会公告2026年第5号
25232100,白水泥，不论是否人工着色,,,千克,税委会公告2026年第5号
25232900,其他,A,M,千克,税委会公告2026年第5号
25233000,矾土水泥,,,千克,税委会公告2026年第5号
25239000,其他水凝水泥,A,M,千克,税委会公告2026年第5号
25241000,青石棉,89,,千克,税委会公告2026年第5号
25249010,长纤维石棉,89,,千克,税委会公告2026年第5号
25249090,其他,89,,千克,税委会公告2026年第5号
25251000,原状云母及劈开的云母片,,,千克,税委会公告2026年第5号
25252000,云母粉,,,千克,税委会公告2026年第5号
25253000,云母废料,9,,千克,税委会公告2026年第5号
25261010,天然冻石,,,千克,税委会公告2026年第5号
25261020,滑石,4xy,,千克,税委会公告2026年第5号
25262010,天然冻石,,,千克,税委会公告2026年第5号
25262020,滑石,4xy,,千克,税委会公告2026年第5号
25280010,天然硼砂及其精矿（不论是否煅烧）,A,M,千克,税委会公告2026年第5号
25280090,其他,,,千克,税委会公告2026年第5号
25291000,长石,,,千克,税委会公告2026年第5号
25292100,按重量计氟化钙含量在97％及以下按重量计氟化钙含量≤97%、砷含量≤0.0005%的萤石,4xy,,千克,税委会公告2026年第5号
25292200,按重量计氟化钙含量在97％以上按重量计氟化钙含量＞97%、砷含量≤0.0005%的萤石,4xy,,千克,税委会公告2026年第5号
25293000,白榴石；霞石及霞石正长岩,,,千克,税委会公告2026年第5号
25301010,绿泥石,,,千克,税委会公告2026年第5号
25301020,未膨胀的蛭石和珍珠岩,,,千克,税委会公告2026年第5号
25302000,硫镁矾矿及泻盐矿（天然硫酸镁）,,,千克,税委会公告2026年第5号
25309010,矿物性药材,,,千克,税委会公告2026年第5号
25309020,稀土金属矿,4Bxy,N,千克,税委会公告2026年第5号
25309091,硅灰石,,,千克,税委会公告2026年第5号
25309092,锂辉石,,,千克,税委会公告2026年第5号
25309099,其他,49xy,,千克,税委会公告2026年第5号
26011110,平均粒度小于0.8毫米的,7A,M,千克,税委会公告2026年第5号
26011120,平均粒度不小于0.8毫米，但不大于6.3毫米的,7A,M,千克,税委会公告2026年第5号
26011190,其他,7A,M,千克,税委会公告2026年第5号
26011200,已烧结,7A,M,千克,税委会公告2026年第5号
26012000,焙烧黄铁矿,7A,M,千克,税委会公告2026年第5号
26020000,锰矿砂及其精矿，包括以干重计含锰量在20％及以上的锰铁矿及其精矿,A,M,千克,税委会公告2026年第5号
26030000,铜矿砂及其精矿,7A,M,千克,税委会公告2026年第5号
26040000,镍矿砂及其精矿,,,千克,税委会公告2026年第5号
26050000,钴矿砂及其精矿,,,千克,税委会公告2026年第5号
26060000,铝矿砂及其精矿,4xy,,千克,税委会公告2026年第5号
26070000,铅矿砂及其精矿,A,M,千克,税委会公告2026年第5号
26080000,锌矿砂及其精矿,A,M,千克,税委会公告2026年第5号
26090000,锡矿砂及其精矿,4xy,,千克,税委会公告2026年第5号
26100000,铬矿砂及其精矿,A,M,千克,税委会公告2026年第5号
26110000,钨矿砂及其精矿,4xy,,千克,税委会公告2026年第5号
26121000,铀矿砂及其精矿,,,千克,税委会公告2026年第5号
26122000,钍矿砂及其精矿,4xy,,千克,税委会公告2026年第5号
26131000,已焙烧,4xy,,千克,税委会公告2026年第5号
26139000,其他,4xy,,千克,税委会公告2026年第5号
26140000,钛矿砂及其精矿,,,千克,税委会公告2026年第5号
26151000,锆矿砂及其精矿,,,千克,税委会公告2026年第5号
26159010,水合钽铌原料（钽铌矿富集物）,,,千克,税委会公告2026年第5号
26159090,其他,,,千克,税委会公告2026年第5号
26161000,银矿砂及其精矿,,,千克,税委会公告2026年第5号
26169000,其他,,,千克,税委会公告2026年第5号
26171010,生锑（锑精矿，选矿产品）,34xy,,千克,税委会公告2026年第5号
26171090,其他,34xy,,千克,税委会公告2026年第5号
26179010,朱砂（辰砂）,,,千克,税委会公告2026年第5号
26179090,其他,,,千克,税委会公告2026年第5号
26180010,主要含锰,9,,千克,税委会公告2026年第5号
26180090,其他,9,,千克,税委会公告2026年第5号
26190000,冶炼钢铁所产生的熔渣、浮渣（粒状熔渣除外）、氧化皮及其他废料,9,,千克,税委会公告2026年第5号
26201100,含硬锌,9,,千克,税委会公告2026年第5号
26201900,其他,9,,千克,税委会公告2026年第5号
26202100,含铅汽油的淤渣及含铅抗震化合物的淤渣,9,,千克,税委会公告2026年第5号
26202900,其他,9,,千克,税委会公告2026年第5号
26203000,主要含铜,9,,千克,税委会公告2026年第5号
26204000,主要含铝,9,,千克,税委会公告2026年第5号
26206000,含砷、汞、铊及其混合物，用于提取或生产砷、汞、铊及其化合物,9,,千克,税委会公告2026年第5号
26209100,含锑、铍、镉、铬及其混合物,9,,千克,税委会公告2026年第5号
26209910,主要含钨,y4x9,,千克,税委会公告2026年第5号
26209990,其他,9,,千克,税委会公告2026年第5号
26211000,焚化城市垃圾所产生的灰、渣,9,,千克,税委会公告2026年第5号
26219000,其他,9,,千克,税委会公告2026年第5号
27011100,无烟煤,47Axy,M,千克,税委会公告2026年第5号
27011210,炼焦煤,47Axy,M,千克,税委会公告2026年第5号
27011290,其他,47Axy,M,千克,税委会公告2026年第5号
27011900,其他煤,47Axy,M,千克,税委会公告2026年第5号
27012000,煤砖、煤球及用煤制成的类似固体燃料,,,千克,税委会公告2026年第5号
27021000,褐煤，不论是否粉化，但未制成型,4Axy,M,千克,税委会公告2026年第5号
27022000,制成型的褐煤,A,M,千克,税委会公告2026年第5号
27030000,泥煤（包括肥料用泥煤），不论是否制成型,8AB,PQ,千克,税委会公告2026年第5号
27040010,焦炭及半焦炭,4xy,,千克,税委会公告2026年第5号
27040090,其他,,,千克,税委会公告2026年第5号
27050000,煤气、水煤气、炉煤气及类似气体，但石油气及其他烃类气除外,AB,MN,千克,税委会公告2026年第5号
27060000,从煤、褐煤或泥煤蒸馏所得的焦油及其他矿物焦油，不论是否脱水或部分蒸馏，包括再造焦油,AB,MN,千克,税委会公告2026年第5号
27071000,粗苯,AB,MN,千克,税委会公告2026年第5号
27072000,粗甲苯,,,千克,税委会公告2026年第5号
27073000,粗二甲苯,,,千克,税委会公告2026年第5号
27074000,萘,AB,MN,千克,税委会公告2026年第5号
27075000,其他芳烃混合物，根据ISO3405方法（等同于ASTMD86方法），温度在250摄氏度时的馏出量以体积计（包括损耗）在65％及以上,,,千克/升,税委会公告2026年第5号
27079100,杂酚油,,,千克,税委会公告2026年第5号
27079910,酚,,,千克,税委会公告2026年第5号
27079990,其他,,,千克/升,税委会公告2026年第5号
27081000,沥青,,,千克,税委会公告2026年第5号
27082000,沥青焦针状沥青焦,,,千克,税委会公告2026年第5号
27090000,石油原油及从沥青矿物提取的原油,4x7AByv,MN,千克/桶,税委会公告2026年第5号
27101210,车用汽油及航空汽油,47ABxyv,MN,千克/升,税委会公告2026年第5号
27101220,石脑油,47ABxyv,MN,千克/升,税委会公告2026年第5号
27101230,橡胶溶剂油，油漆溶剂油、抽提溶剂油,,,千克/升,税委会公告2026年第5号
27101291,壬烯壬烯(碳九混合异构体含量高于90%),4Axy,M,千克,税委会公告2026年第5号
27101299,其他异戊烯同分异构体混合物,4Axy,M,千克/升,税委会公告2026年第5号
27101912,灯用煤油,47ABxyv,MN,千克/升,税委会公告2026年第5号
27101913,生物航空煤油,47ABxyv,MN,千克/升,税委会公告2026年第5号
27101914,其他航空煤油，包括石油及从沥青矿物提取的航空煤油,47ABxyv,MN,千克/升,税委会公告2026年第5号
27101919,其他,4xy,,千克/升,税委会公告2026年第5号
27101924,燃料油,47ABxyv,MN,千克/升,税委会公告2026年第5号
27101925,烃基生物柴油,AB,MN,千克/升,税委会公告2026年第5号
27101926,其他柴油,47ABxyv,MN,千克/升,税委会公告2026年第5号
27101991,润滑油,4Axy,M,千克/升,税委会公告2026年第5号
27101992,润滑脂,4Axy,M,千克/升,税委会公告2026年第5号
27101993,润滑油基础油,4xy,,千克/升,税委会公告2026年第5号
27101994,液体石蜡和重质液体石蜡,AB,MRNS,千克,税委会公告2026年第5号
27101999,其他350度以下馏出物体积百分比小于20%，550度以下馏出物体积百分比大于80%的蜡油,B,N,千克/升,税委会公告2026年第5号
27102000,石油及从沥青矿物提取的油类（但原油除外）以及以上述油为基本成分（按重量计不低于70％）的其他税目未列名制品，含有生物柴油，但废油除外,4Axy,M,千克/升,税委会公告2026年第5号
27109100,含多氯联苯（PCBs）、多氯三联（PCTs）或多溴联苯（PBBs）的,9,,千克,税委会公告2026年第5号
27109900,其他,9,,千克,税委会公告2026年第5号
27111100,天然气,4ABxy,MN,千克,税委会公告2026年第5号
27111200,丙烷,AB,MN,千克,税委会公告2026年第5号
27111310,直接灌注香烟打火机及类似打火器用，其包装容器的容积超过300立方厘米,,,千克,税委会公告2026年第5号
27111390,其他,,,千克,税委会公告2026年第5号
27111400,乙烯、丙烯、丁烯及丁二烯,AB,MN,千克,税委会公告2026年第5号
27111910,直接灌注香烟打火机及类似打火器用的燃料，其包装容器的容积超过300立方厘米,,,千克,税委会公告2026年第5号
27111990,其他,AB,MN,千克,税委会公告2026年第5号
27112100,天然气,AB,MN,千克,税委会公告2026年第5号
27112900,其他,AB,MN,千克,税委会公告2026年第5号
27121000,凡士林,A,R,千克,税委会公告2026年第5号
27122000,石蜡，按重量计含油量小于0.75％,4Ax,R,千克,税委会公告2026年第5号
27129010,微晶石蜡,4Ax,R,千克,税委会公告2026年第5号
27129090,其他,,,千克,税委会公告2026年第5号
27131110,硫的重量百分比小于3％的,,,千克,税委会公告2026年第5号
27131190,其他,,,千克,税委会公告2026年第5号
27131210,硫的重量百分比小于0.8％的,,,千克,税委会公告2026年第5号
27131290,其他,,,千克,税委会公告2026年第5号
27132000,石油沥青,,,千克,税委会公告2026年第5号
27139000,其他石油或从沥青矿物提取的油类的残渣,9,,千克,税委会公告2026年第5号
27141000,沥青页岩、油页岩及焦油砂,,,千克,税委会公告2026年第5号
27149010,天然沥青（地沥青）,,,千克,税委会公告2026年第5号
27149020,乳化沥青,,,千克,税委会公告2026年第5号
27149090,其他,,,千克,税委会公告2026年第5号
27150000,以天然沥青（地沥青）、石油沥青、矿物焦油或矿物焦油沥青为基本成分的沥青混合物（例如，沥青胶粘剂、稀释沥青）,,,千克/升,税委会公告2026年第5号
27160000,电力,,,千瓦时,税委会公告2026年第5号
28011000,氯,AB,MN,千克,税委会公告2026年第5号
28012000,碘,G,,千克,税委会公告2026年第5号
28013010,氟,AB,MN,千克,税委会公告2026年第5号
28013020,溴,23AB,MN,千克,税委会公告2026年第5号
28020000,升华硫磺、沉淀硫磺；胶态硫磺,AB,MN,千克,税委会公告2026年第5号
28030000,碳（碳黑及其他税目未列名的其他形态的碳）,,,千克,税委会公告2026年第5号
28041000,氢,AB,MN,千克/立方米,税委会公告2026年第5号
28042100,氩,AB,MN,千克/立方米,税委会公告2026年第5号
28042900,其他氦,8,,千克/立方米,税委会公告2026年第5号
28043000,氮,AB,MN,千克/立方米,税委会公告2026年第5号
28044000,氧,AB,MN,千克/立方米,税委会公告2026年第5号
28045000,硼；碲碲,,,千克,税委会公告2026年第5号
28046117,直径在30厘米及以上的,,,千克,税委会公告2026年第5号
28046119,其他,,,千克,税委会公告2026年第5号
28046120,经掺杂用于电子工业的其他单晶硅棒,,,千克,税委会公告2026年第5号
28046190,其他,,,千克,税委会公告2026年第5号
28046900,其他,,,千克,税委会公告2026年第5号
28047010,黄磷（白磷）,AB,MN,千克,税委会公告2026年第5号
28047090,其他,ABG,MN,千克,税委会公告2026年第5号
28048000,砷,AB,MN,千克,税委会公告2026年第5号
28049010,经掺杂用于电子工业的晶体棒,,,千克,税委会公告2026年第5号
28049090,其他,,,千克,税委会公告2026年第5号
28051100,钠,AB,MN,千克,税委会公告2026年第5号
28051200,钙,3A,M,千克,税委会公告2026年第5号
28051910,锂,AB,MN,千克,税委会公告2026年第5号
28051990,其他,,,千克,税委会公告2026年第5号
28053011,钕,4Bxy,N,千克,税委会公告2026年第5号
28053012,镝,34Bxy,N,千克,税委会公告2026年第5号
28053013,铽,34Bxy,N,千克,税委会公告2026年第5号
28053014,镧,4Bxy,N,千克,税委会公告2026年第5号
28053015,铈,34B,N,千克,税委会公告2026年第5号
28053016,镨,4Bxy,N,千克,税委会公告2026年第5号
28053017,钇,34Bxy,N,千克,税委会公告2026年第5号
28053018,钪,34Bxy,N,千克,税委会公告2026年第5号
28053019,其他,34Bxy,N,千克,税委会公告2026年第5号
28053021,电池级,4Bxy,N,千克,税委会公告2026年第5号
28053029,其他,4Bxy,N,千克,税委会公告2026年第5号
28054000,汞第二分章无机酸及非金属无机氧化物,ABX,MN,千克,年初维护
28061000,氯化氢（盐酸）,23AB,MRNS,千克,税委会公告2026年第5号
28062000,氯磺酸,AB,MN,千克,税委会公告2026年第5号
28070000,硫酸；发烟硫酸,32,,千克,税委会公告2026年第5号
28080000,硝酸；磺硝酸,3A,M,千克,税委会公告2026年第5号
28091000,五氧化二磷,AB,MN,千克,税委会公告2026年第5号
28092011,食品级磷酸,AB,RNS,千克,税委会公告2026年第5号
28092019,其他,B,N,千克,税委会公告2026年第5号
28092090,其他,,,千克,税委会公告2026年第5号
28100010,硼的氧化物,,,千克,税委会公告2026年第5号
28100020,硼酸,AB,MN,千克,税委会公告2026年第5号
28111110,电子级氢氟酸,3AB,MN,千克,税委会公告2026年第5号
28111190,其他,3AB,MN,千克,税委会公告2026年第5号
28111200,氰化氢（氢氰酸）,23,,千克,税委会公告2026年第5号
28111920,硒化氢,AB,MN,千克,税委会公告2026年第5号
28111990,其他,ABG,MN,千克,税委会公告2026年第5号
28112100,二氧化碳,AB,MRNS,千克,税委会公告2026年第5号
28112210,硅胶,A,R,千克,税委会公告2026年第5号
28112290,其他,A,R,千克,税委会公告2026年第5号
28112900,其他第三分章非金属卤化物及硫化物,,,千克,税委会公告2026年第5号
28121100,碳酰二氯（光气）,23,,千克,税委会公告2026年第5号
28121200,氧氯化磷,23,,千克,税委会公告2026年第5号
28121300,三氯化磷,23AB,MN,千克,税委会公告2026年第5号
28121400,五氯化磷,23AB,MN,千克,税委会公告2026年第5号
28121500,一氯化硫,23AB,MN,千克,税委会公告2026年第5号
28121600,二氯化硫,23AB,MN,千克,税委会公告2026年第5号
28121700,亚硫酰氯,23ABG,MN,千克,税委会公告2026年第5号
28121910,氯化物,23AB,MN,千克,税委会公告2026年第5号
28121990,其他,,,千克,税委会公告2026年第5号
28129011,三氟化氮,AB,MN,千克,税委会公告2026年第5号
28129012,六氟化硫,,,千克,税委会公告2026年第5号
28129019,其他三氟化磷三氟化硼,3A,M,千克,税委会公告2026年第5号
28129090,其他,,,千克,税委会公告2026年第5号
28131000,二硫化碳,AB,MN,千克,税委会公告2026年第5号
28139000,其他第四分章无机碱和金属氧化物、氢氧化物及过氧化物,23,,千克,税委会公告2026年第5号
28141000,氨,AB,MN,千克,税委会公告2026年第5号
28142000,氨水,AB,MN,千克,税委会公告2026年第5号
28151100,固体,ABG,MRNS,千克,税委会公告2026年第5号
28151200,水溶液（氢氧化钠浓溶液及液体烧碱）,ABG,MN,千克,税委会公告2026年第5号
28152000,氢氧化钾（苛性钾）,AB,MRNS,千克,税委会公告2026年第5号
28153000,过氧化钠及过氧化钾,AB,MN,千克,税委会公告2026年第5号
28161000,氢氧化镁及过氧化镁,AB,MN,千克,税委会公告2026年第5号
28164000,锶或钡的氧化物、氢氧化物及过氧化物,,,千克,税委会公告2026年第5号
28170010,氧化锌,A,R,千克,税委会公告2026年第5号
28170090,过氧化锌,AB,MN,千克,税委会公告2026年第5号
28181010,棕刚玉,,,千克,税委会公告2026年第5号
28181090,其他,,,千克,税委会公告2026年第5号
28182000,氧化铝，但人造刚玉除外,,,千克,税委会公告2026年第5号
28183000,氢氧化铝,,,千克,税委会公告2026年第5号
28191000,三氧化铬,AB,MN,千克,税委会公告2026年第5号
28199000,其他,,,千克,税委会公告2026年第5号
28201000,二氧化锰,,,千克,税委会公告2026年第5号
28209000,其他,,,千克,税委会公告2026年第5号
28211000,铁的氧化物及氢氧化物,,,千克,税委会公告2026年第5号
28212000,土色料,,,千克,税委会公告2026年第5号
28220010,四氧化三钴,4xy,,千克,税委会公告2026年第5号
28220090,其他,4xy,,千克,税委会公告2026年第5号
28230000,钛的氧化物,,,千克,税委会公告2026年第5号
28241000,一氧化铅（铅黄、黄丹）,AB,MN,千克,税委会公告2026年第5号
28249010,铅丹及铅橙,AB,MN,千克,税委会公告2026年第5号
28249090,其他,,,千克,税委会公告2026年第5号
28251010,水合肼,3A,M,千克,税委会公告2026年第5号
28251020,硫酸羟胺,AB,MN,千克,税委会公告2026年第5号
28251090,其他,,,千克,税委会公告2026年第5号
28252010,氢氧化锂,AB,MN,千克,税委会公告2026年第5号
28252090,其他,,,千克,税委会公告2026年第5号
28253010,五氧化二钒,4ABxy,MN,千克,税委会公告2026年第5号
28253090,其他,4xy,,千克,税委会公告2026年第5号
28254000,镍的氧化物及氢氧化物,,,千克,税委会公告2026年第5号
28255000,铜的氧化物及氢氧化物,,,千克,税委会公告2026年第5号
28256000,锗的氧化物及二氧化锆,34,,千克,税委会公告2026年第5号
28257000,钼的氧化物及氢氧化物,4xy,,千克,税委会公告2026年第5号
28258000,锑的氧化物,34Bxy,N,千克,税委会公告2026年第5号
28259011,钨酸,4xy,,千克,税委会公告2026年第5号
28259012,三氧化钨,4xy3,,千克,税委会公告2026年第5号
28259019,其他,4xy3,,千克,税委会公告2026年第5号
28259021,三氧化二铋,4Axy,R,千克,税委会公告2026年第5号
28259029,其他,4Axy,R,千克,税委会公告2026年第5号
28259031,二氧化锡,4Axy,R,千克,税委会公告2026年第5号
28259039,其他,4Axy,R,千克,税委会公告2026年第5号
28259041,一氧化铌,A,M,千克,税委会公告2026年第5号
28259049,其他五氧化二铌,AB,MRN,千克,税委会公告2026年第5号
28259090,其他第五分章无机酸盐、无机过氧酸盐及金属酸盐、金属过氧酸盐,AB,MRNS,千克,税委会公告2026年第5号
28261210,无水氟化铝,,,千克,税委会公告2026年第5号
28261290,其他,,,千克,税委会公告2026年第5号
28261910,铵的氟化物,3A,M,千克,税委会公告2026年第5号
28261920,钠的氟化物,3AB,MRNS,千克,税委会公告2026年第5号
28261930,六氟化钨,,,千克,税委会公告2026年第5号
28261990,其他,,,千克,税委会公告2026年第5号
28263000,六氟铝酸钠（人造冰晶石）,,,千克,税委会公告2026年第5号
28269010,氟硅酸盐,,,千克,税委会公告2026年第5号
28269020,六氟磷酸锂,,,千克,日常维护
28269090,其他氟钽酸钾,,,千克,税委会公告2026年第5号
28271010,肥料用,BG,N,千克,税委会公告2026年第5号
28271090,其他,G,,千克,税委会公告2026年第5号
28272000,氯化钙,A,R,千克,税委会公告2026年第5号
28273100,氯化镁,A,R,千克,税委会公告2026年第5号
28273200,氯化铝,G,,千克,税委会公告2026年第5号
28273500,氯化镍,AB,MN,千克,税委会公告2026年第5号
28273910,氯化锂,,,千克,税委会公告2026年第5号
28273920,氯化钡,AB,MN,千克,税委会公告2026年第5号
28273930,氯化钴,4ABxy,MRNS,千克,税委会公告2026年第5号
28273990,其他,AB,MRNS,千克,税委会公告2026年第5号
28274100,铜的氯氧化物及氢氧基氯化物,,,千克,税委会公告2026年第5号
28274910,锆的氯氧化物及氢氧基氯化物,,,千克,税委会公告2026年第5号
28274990,其他,,,千克,税委会公告2026年第5号
28275100,溴化钠及溴化钾,G,,千克,税委会公告2026年第5号
28275900,其他,,,千克,税委会公告2026年第5号
28276000,碘化物及碘氧化物,AB,MRNS,千克,税委会公告2026年第5号
28281000,商品次氯酸钙及其他钙的次氯酸盐,,,千克,税委会公告2026年第5号
28289000,其他,AB,MRNS,千克,税委会公告2026年第5号
28291100,氯酸钠,AB,MN,千克,税委会公告2026年第5号
28291910,氯酸钾（洋硝）,9B,N,千克,税委会公告2026年第5号
28291990,其他,,,千克,税委会公告2026年第5号
28299000,其他,3A,M,千克,税委会公告2026年第5号
28301010,硫化钠,3AB,MN,千克,税委会公告2026年第5号
28301090,其他,,,千克,税委会公告2026年第5号
28309020,硫化锑,3B,N,千克,税委会公告2026年第5号
28309030,硫化钴,,,千克,税委会公告2026年第5号
28309090,其他,,,千克,税委会公告2026年第5号
28311010,钠的连二亚硫酸盐,AB,MRNS,千克,税委会公告2026年第5号
28311020,钠的次硫酸盐,,,千克,税委会公告2026年第5号
28319000,其他,,,千克,税委会公告2026年第5号
28321000,钠的亚硫酸盐,,,千克,税委会公告2026年第5号
28322000,其他亚硫酸盐,AB,MRNS,千克,税委会公告2026年第5号
28323000,硫代硫酸盐,,,千克,税委会公告2026年第5号
28331100,硫酸钠,4xy,,千克,税委会公告2026年第5号
28331900,其他,,,千克,税委会公告2026年第5号
28332100,硫酸镁,A,R,千克,税委会公告2026年第5号
28332200,硫酸铝,,,千克,税委会公告2026年第5号
28332400,镍的硫酸盐,,,千克,税委会公告2026年第5号
28332500,铜的硫酸盐,,,千克,税委会公告2026年第5号
28332700,硫酸钡,G,,千克,税委会公告2026年第5号
28332910,硫酸亚铁,A,R,千克,税委会公告2026年第5号
28332920,铬的硫酸盐,,,千克,税委会公告2026年第5号
28332930,硫酸锌,A,R,千克,税委会公告2026年第5号
28332990,其他钴的硫酸盐,4ABxy,RS,千克,税委会公告2026年第5号
28333010,钾铝矾,,,千克,税委会公告2026年第5号
28333090,其他,,,千克,税委会公告2026年第5号
28334000,过硫酸盐,,,千克,税委会公告2026年第5号
28341000,亚硝酸盐,AB,MRNS,千克,税委会公告2026年第5号
28342110,肥料用,AB,MN,千克,税委会公告2026年第5号
28342190,其他,AB,MN,千克,税委会公告2026年第5号
28342910,硝酸钴,AB,MN,千克,税委会公告2026年第5号
28342990,其他硝酸钡,,,千克,税委会公告2026年第5号
28351000,次磷酸盐及亚磷酸盐,,,千克,税委会公告2026年第5号
28352200,磷酸一钠及磷酸二钠,,,千克,税委会公告2026年第5号
28352400,钾的磷酸盐,,,千克,税委会公告2026年第5号
28352510,饲料级的,AB,RS,千克,税委会公告2026年第5号
28352520,食品级的,A,R,千克,日常维护
28352590,其他,,,千克,税委会公告2026年第5号
28352600,其他磷酸钙,,,千克,税委会公告2026年第5号
28352910,磷酸三钠,A,R,千克,税委会公告2026年第5号
28352990,其他,A,MR,千克,税委会公告2026年第5号
28353110,食品级的,A,R,千克,日常维护
28353190,其他,,,千克,日常维护
28353911,食品级的,A,R,千克,日常维护
28353919,其他,,,千克,税委会公告2026年第5号
28353990,其他,,,千克,税委会公告2026年第5号
28362000,碳酸钠（纯碱）,AG,MR,千克,税委会公告2026年第5号
28363000,碳酸氢钠（小苏打）,AG,R,千克,税委会公告2026年第5号
28364000,钾的碳酸盐,,,千克,税委会公告2026年第5号
28365000,碳酸钙,A,R,千克,税委会公告2026年第5号
28366000,碳酸钡,,,千克,税委会公告2026年第5号
28369100,锂的碳酸盐,,,千克,税委会公告2026年第5号
28369200,锶的碳酸盐,,,千克,税委会公告2026年第5号
28369910,碳酸镁,A,R,千克,税委会公告2026年第5号
28369930,碳酸钴,4xy,,千克,税委会公告2026年第5号
28369940,商品碳酸铵及其他铵的碳酸盐,,,千克,税委会公告2026年第5号
28369950,碳酸锆,AB,RS,千克,税委会公告2026年第5号
28369990,其他,A,MR,千克,税委会公告2026年第5号
28371110,氰化钠,23AB,MN,千克,税委会公告2026年第5号
28371120,氧氰化钠,,,千克,税委会公告2026年第5号
28371910,氰化钾,23AB,MN,千克,税委会公告2026年第5号
28371990,其他,,,千克,税委会公告2026年第5号
28372000,氰络合物,,,千克,税委会公告2026年第5号
28391100,偏硅酸钠,AB,MN,千克,税委会公告2026年第5号
28391910,硅酸钠,A,M,千克,税委会公告2026年第5号
28391990,其他,,,千克,税委会公告2026年第5号
28399000,其他锆的硅酸盐,,,千克,税委会公告2026年第5号
28401100,无水四硼酸钠,,,千克,税委会公告2026年第5号
28401900,其他,,,千克,税委会公告2026年第5号
28402000,其他硼酸盐,,,千克,税委会公告2026年第5号
28403000,过硼酸盐,,,千克,税委会公告2026年第5号
28413000,重铬酸钠,AB,MN,千克,税委会公告2026年第5号
28415000,其他铬酸盐及重铬酸盐；过铬酸盐,,,千克,税委会公告2026年第5号
28416100,高锰酸钾,23AB,MRNS,千克,税委会公告2026年第5号
28416910,锰酸锂,,,千克,日常维护
28416990,其他,,,千克,税委会公告2026年第5号
28417010,钼酸铵,4xy,,千克,税委会公告2026年第5号
28417090,其他,4xy,,千克,税委会公告2026年第5号
28418010,仲钨酸铵,4xy3,,千克,税委会公告2026年第5号
28418020,钨酸钠,4xy,,千克,税委会公告2026年第5号
28418030,钨酸钙,4xy,,千克,税委会公告2026年第5号
28418040,偏钨酸铵,4xy,,千克,税委会公告2026年第5号
28418090,其他,,,千克,税委会公告2026年第5号
28419000,其他铼酸盐及高铼酸盐铌酸锂,,,千克,日常维护
28421000,硅酸复盐及硅酸络盐，（包括不论是否已有化学定义的硅铝酸盐）环硅酸锆钠,AB,MRNS,千克,税委会公告2026年第5号
28429011,硫氰酸钠,,,千克,税委会公告2026年第5号
28429019,其他,AB,MN,千克,税委会公告2026年第5号
28429020,碲化镉,AB3,MN,千克,税委会公告2026年第5号
28429030,锂镍钴锰氧化物,AB,RS,千克,日常维护
28429040,磷酸铁锂,,,千克,税委会公告2026年第5号
28429050,硒酸盐及亚硒酸盐,AB,MRNS,千克,税委会公告2026年第5号
28429060,锂镍钴铝氧化物,AB,MRNS,千克,日常维护
28429090,其他第六分章杂项产品,AB,MRNS,千克,税委会公告2026年第5号
28431000,胶态贵金属,,,克,税委会公告2026年第5号
28432100,硝酸银,AB,MN,克,税委会公告2026年第5号
28432900,其他,,,克,税委会公告2026年第5号
28433000,金化合物,J,,克,税委会公告2026年第5号
28439000,其他贵金属化合物；贵金属汞齐抗癌药原料（奥沙利铂、卡铂、奈达铂、顺铂）燃料电池用氧化铱（铱含量75%及以上，粒径40-100纳米，金属杂质总量小于500ppm）,G,,克,税委会公告2026年第5号
28441000,天然铀及其化合物；含天然铀或天然铀化合物的合金、分散体（包括金属陶瓷）、陶瓷产品及混合物天然铀及其化合物,23,,克/百万贝可,税委会公告2026年第5号
28442000,铀235浓缩铀及其化合物；钚及其化合物；含铀235浓缩铀、钚或它们的化合物的合金、分散体（包括金属陶瓷）、陶瓷产品及混合物含铀235浓度低于5％的低浓铀及其化合物,23,,克/百万贝可,税委会公告2026年第5号
28443000,铀235贫化铀及其化合物；钍及其化合物；含铀235贫化铀、钍或它们的化合物的合金、分散体（包括金属陶瓷）、陶瓷产品及混合物,23,,克/百万贝可,税委会公告2026年第5号
28444100,氚及其化合物；含氚及其化合物的合金、分散体（包括金属陶瓷）、陶瓷产品及混合物,23,,克/百万贝可,税委会公告2026年第5号
28444210,镭-223及镭-223盐氯化镭[223Ra]注射液,2,,克/百万贝可,税委会公告2026年第5号
28444290,其他,23,,克/百万贝可,税委会公告2026年第5号
28444310,除镭-223及镭-223盐外的镭及镭盐,23,,克/百万贝可,税委会公告2026年第5号
28444320,钴及钴盐,2,,克/百万贝可,税委会公告2026年第5号
28444390,其他钇[90]微球注射液,23,,克/百万贝可,税委会公告2026年第5号
28444400,放射性残渣,2,,克/百万贝可,税委会公告2026年第5号
28445000,核反应堆已耗尽（已辐照）的燃料元件（释热元件）,3,,克,税委会公告2026年第5号
28451000,重水（氧化氘）,3,,克,税委会公告2026年第5号
28452000,硼-10浓缩硼及其化合物,3,,克/百万贝可,税委会公告2026年第5号
28453000,锂-6浓缩锂及其化合物,3,,克,税委会公告2026年第5号
28454000,氦-3,3,,克/百万贝可,税委会公告2026年第5号
28459000,其他氘丁苯那嗪抗癌药原料（甲苯磺酸多纳非尼）,,,克,税委会公告2026年第5号
28461010,氧化铈,4Bxy,N,千克,税委会公告2026年第5号
28461020,氢氧化铈,4Bxy,N,千克,税委会公告2026年第5号
28461030,碳酸铈,4Bxy,N,千克,税委会公告2026年第5号
28461090,其他,4Bxy,N,千克,税委会公告2026年第5号
28469011,氧化钇,34Bxy,N,千克,税委会公告2026年第5号
28469012,氧化镧,4Bxy,N,千克,税委会公告2026年第5号
28469013,氧化钕,4Bxy,N,千克,税委会公告2026年第5号
28469014,氧化铕,4Bxy,N,千克,税委会公告2026年第5号
28469015,氧化镝,34Bxy,N,千克,税委会公告2026年第5号
28469016,氧化铽,34Bxy,N,千克,税委会公告2026年第5号
28469017,氧化镨,4Bxy,N,千克,税委会公告2026年第5号
28469018,氧化镥,34Bxy,N,千克,税委会公告2026年第5号
28469019,其他,4Bxy,N,千克,税委会公告2026年第5号
28469021,氯化铽,4Bxy3,N,千克,税委会公告2026年第5号
28469022,氯化镝,34Bxy,N,千克,税委会公告2026年第5号
28469023,氯化镧,4Bxy,N,千克,税委会公告2026年第5号
28469024,氯化钕,4Bxy,N,千克,税委会公告2026年第5号
28469025,氯化镨,4Bxy,N,千克,税委会公告2026年第5号
28469026,氯化钇,34Bxy,N,千克,税委会公告2026年第5号
28469028,混合氯化稀土,34Bxy,N,千克,税委会公告2026年第5号
28469029,其他,34Bxy,N,千克,税委会公告2026年第5号
28469031,氟化铽,34Bxy,N,千克,税委会公告2026年第5号
28469032,氟化镝,34Bxy,N,千克,税委会公告2026年第5号
28469033,氟化镧,4ABxy,MN,千克,税委会公告2026年第5号
28469034,氟化钕,4Bxy,N,千克,税委会公告2026年第5号
28469035,氟化镨,4Bxy,N,千克,税委会公告2026年第5号
28469036,氟化钇,34Bxy,N,千克,税委会公告2026年第5号
28469039,其他,34Bxy,N,千克,税委会公告2026年第5号
28469041,碳酸镧,4Bxy,N,千克,税委会公告2026年第5号
28469042,碳酸铽,34Bxy,N,千克,税委会公告2026年第5号
28469043,碳酸镝,34Bxy,N,千克,税委会公告2026年第5号
28469044,碳酸钕,4Bxy,N,千克,税委会公告2026年第5号
28469045,碳酸镨,4Bxy,N,千克,税委会公告2026年第5号
28469046,碳酸钇,34Bxy,N,千克,税委会公告2026年第5号
28469048,混合碳酸稀土,34Bxy,N,千克,税委会公告2026年第5号
28469049,其他,34Bxy,N,千克,税委会公告2026年第5号
28469091,镧的其他化合物,4Bxy,N,千克,税委会公告2026年第5号
28469092,钕的其他化合物,4Bxy,N,千克,税委会公告2026年第5号
28469093,铽的其他化合物,34Bxy,N,千克,税委会公告2026年第5号
28469094,镝的其他化合物,34Bxy,N,千克,税委会公告2026年第5号
28469095,镨的其他化合物,4Bxy,N,千克,税委会公告2026年第5号
28469096,钇的其他化合物,34Bxy,N,千克,税委会公告2026年第5号
28469099,其他,34Bxy,N,千克,税委会公告2026年第5号
28470000,过氧化氢，不论是否用尿素固化,ABG,MRNS,千克,税委会公告2026年第5号
28491000,碳化钙,AB,MN,千克,税委会公告2026年第5号
28492000,碳化硅,4xy,,千克,税委会公告2026年第5号
28499010,碳化硼,,,千克,税委会公告2026年第5号
28499020,碳化钨,4xy3,,千克,税委会公告2026年第5号
28499090,其他,,,千克,税委会公告2026年第5号
28500011,氮化锰,,,千克,税委会公告2026年第5号
28500012,氮化硼,,,千克,税委会公告2026年第5号
28500019,其他,,,千克,税委会公告2026年第5号
28500090,其他乙硅烷砷烷,,,千克,税委会公告2026年第5号
28521000,已有化学定义的,3,,千克,税委会公告2026年第5号
28529000,其他,,,千克,税委会公告2026年第5号
28531000,氯化氰,23AB,MN,千克,税委会公告2026年第5号
28539010,饮用蒸馏水,AB,RS,千克,税委会公告2026年第5号
28539030,镍钴锰氢氧化物,,,千克,日常维护
28539040,磷化物，不论是否已有化学定义，但不包括磷铁磷烷,S,,千克,税委会公告2026年第5号
28539050,镍钴铝氢氧化物,,,千克,日常维护
28539090,其他,AB,MN,千克,税委会公告2026年第5号
29011010,乙烷,,,千克,税委会公告2026年第5号
29011090,其他,,,千克,税委会公告2026年第5号
29012100,乙烯,AB,MN,千克,税委会公告2026年第5号
29012200,丙烯,AB,MN,千克,税委会公告2026年第5号
29012310,1-丁烯,AB,MN,千克,税委会公告2026年第5号
29012320,2-丁烯,AB,MN,千克,税委会公告2026年第5号
29012330,2-甲基丙烯,,,千克,税委会公告2026年第5号
29012410,1，3-丁二烯,AB,MN,千克,税委会公告2026年第5号
29012420,异戊二烯,,,千克,税委会公告2026年第5号
29012910,异戊烯,AB,MN,千克,税委会公告2026年第5号
29012920,乙炔,AB,MN,千克,税委会公告2026年第5号
29012990,其他,S,,千克,税委会公告2026年第5号
29021100,环己烷,ABG,MN,千克,税委会公告2026年第5号
29021910,蒎烯,,,千克,税委会公告2026年第5号
29021920,4-烷基-4'-烷基双环己烷,,,千克,税委会公告2026年第5号
29021990,其他,,,千克,税委会公告2026年第5号
29022000,苯,ABG,MN,千克,税委会公告2026年第5号
29023000,甲苯,23AB,MN,千克,税委会公告2026年第5号
29024100,邻二甲苯,G,,千克,税委会公告2026年第5号
29024200,间二甲苯,G,,千克,税委会公告2026年第5号
29024300,对二甲苯,G,,千克,税委会公告2026年第5号
29024400,混合二甲苯异构体,G,,千克,税委会公告2026年第5号
29025000,苯乙烯,AB,MN,千克,税委会公告2026年第5号
29026000,乙苯,AB,MN,千克,税委会公告2026年第5号
29027000,异丙基苯,AB,MN,千克,税委会公告2026年第5号
29029010,四氢萘,,,千克,税委会公告2026年第5号
29029020,精萘,AB,MN,千克,税委会公告2026年第5号
29029030,十二烷基苯,,,千克,税委会公告2026年第5号
29029040,4-（4'-烷基环己基）环己基乙烯,,,千克,税委会公告2026年第5号
29029050,1-烷基-4-（4-烷烯基-1，1'-双环己基）苯,,,千克,税委会公告2026年第5号
29029090,其他,,,千克,税委会公告2026年第5号
29031100,一氯甲烷及氯乙烷,,,千克,税委会公告2026年第5号
29031200,二氯甲烷,G,,千克,税委会公告2026年第5号
29031300,氯仿（三氯甲烷）,23AB,MN,千克,税委会公告2026年第5号
29031400,四氯化碳,89,,千克,税委会公告2026年第5号
29031500,1，2-二氯乙烷（ISO）,ABG,MRNS,千克,税委会公告2026年第5号
29031910,1，1，1-三氯乙烷（甲基氯仿）,148ABxy,MN,千克,税委会公告2026年第5号
29031990,其他,,,千克,税委会公告2026年第5号
29032100,氯乙烯,AB,MN,千克,税委会公告2026年第5号
29032200,三氯乙烯,AB,MN,千克,日常维护
29032300,四氯乙烯（全氯乙烯）,7AB,MN,千克,税委会公告2026年第5号
29032910,3-氯-1-丙烯（氯丙烯）,,,千克,税委会公告2026年第5号
29032990,其他,,,千克,税委会公告2026年第5号
29034100,三氟甲烷（HFC-23）,14xy,,千克,税委会公告2026年第5号
29034200,二氟甲烷（HFC-32）,14xy,,千克,税委会公告2026年第5号
29034300,一氟甲烷（HFC-41）、1，2-二氟乙烷（HFC-152）及1，1-二氟乙烷（HFC-152a）,14xy,,千克,税委会公告2026年第5号
29034400,五氟乙烷（HFC-125）、1，1，1-三氟乙烷（HFC-143a）及1，1，2-三氟乙烷（HFC-143）,14xy,,千克,税委会公告2026年第5号
29034500,1，1，1，2-四氟乙烷（HFC-134a）及1，1，2，2-四氟乙烷（HFC-134）,14xy,,千克,税委会公告2026年第5号
29034600,1，1，1，2，3，3，3-七氟丙烷（HFC-227ea）、1，1，1，2，2，3-六氟丙烷（HFC-236cb）、1，1，1，2，3，3-六氟丙烷（HFC-236ea）、1，1，1，3，3，3-六氟丙烷（HFC-236fa）,14xy,,千克,税委会公告2026年第5号
29034700,1，1，1，3，3-五氟丙烷（HFC-245fa）及1，1，2，2，3-五氟丙烷（HFC-245ca）,14xy,,千克,税委会公告2026年第5号
29034800,1，1，1，3，3-五氟丁烷（HFC-365mfc）及1，1，1，2，2，3，4，5，5，5-十氟戊烷（HFC-43-10mee）,14xy,,千克,税委会公告2026年第5号
29034900,其他,X,,千克,税委会公告2026年第5号
29035100,2，3，3，3-四氟丙烯（HFO-1234yf）、1，3，3，3-四氟丙烯（HFO-1234ze）及（Z）-1，1，1，4，4，4-六氟-2-丁烯（HFO-1336mzz）,,,千克,税委会公告2026年第5号
29035910,1，1，3，3，3-五氟-2三氟甲基-1-丙烯（全氟异丁烯；八氟异丁烯）,23,,千克,税委会公告2026年第5号
29035990,其他,,,千克,税委会公告2026年第5号
29036100,甲基溴（溴甲烷）,14ABxy,MN,千克,税委会公告2026年第5号
29036200,二溴乙烷（ISO）（1，2-二溴乙烷）,89,,千克,税委会公告2026年第5号
29036900,其他,AB,MN,千克,税委会公告2026年第5号
29037100,一氯二氟甲烷（HCFC-22）,14ABxy,MN,千克,税委会公告2026年第5号
29037200,二氯三氟乙烷（HCFC-123）,14xy,,千克,税委会公告2026年第5号
29037300,二氯一氟乙烷（HCFC-141，141b）,14xy,,千克,税委会公告2026年第5号
29037400,一氯二氟乙烷（HCFC-142，142b）,14xy,,千克,税委会公告2026年第5号
29037500,二氯五氟丙烷（HCFC-225，225ca，225cb）,14xy,,千克,税委会公告2026年第5号
29037600,溴氯二氟甲烷（Halon-1211）、一溴三氟甲烷（Halon-1301）及二溴四氟乙烷（Halon-2402）,14ABxy,MN,千克,税委会公告2026年第5号
29037710,三氯氟甲烷,14xy,,千克,税委会公告2026年第5号
29037720,其他仅含氟和氯的甲烷、乙烷及丙烷的全卤化物,,,千克,税委会公告2026年第5号
29037790,其他,,,千克,税委会公告2026年第5号
29037800,其他全卤化衍生物,X,,千克,税委会公告2026年第5号
29037910,其他仅含氟和氯的甲烷、乙烷及丙烷的卤化衍生物,14xy,,千克,税委会公告2026年第5号
29037990,其他,89,,千克,税委会公告2026年第5号
29038100,1，2，3，4，5，6-六氯环己烷［六六六（ISO）］，包括林丹（ISO，INN）,,,千克,税委会公告2026年第5号
29038200,艾氏剂（ISO）、氯丹（ISO）及七氯（ISO）,89,,千克,税委会公告2026年第5号
29038300,灭蚁灵（ISO）,89,,千克,税委会公告2026年第5号
29038900,其他,,,千克,税委会公告2026年第5号
29039110,邻二氯苯,,,千克,税委会公告2026年第5号
29039190,其他,S,,千克,税委会公告2026年第5号
29039200,六氯苯（ISO）及滴滴涕（ISO，INN）［1，1，1-三氯-2，2-双（4-氯苯基）乙烷］,89,,千克,税委会公告2026年第5号
29039300,五氯苯（ISO）,89,,千克,税委会公告2026年第5号
29039400,六溴联苯,89,,千克,税委会公告2026年第5号
29039910,对氯甲苯,AB,MN,千克,税委会公告2026年第5号
29039920,3，4-二氯三氟甲苯,,,千克,税委会公告2026年第5号
29039930,4-（4'-烷基苯基）-1-（4'-烷基苯基）-2-氟苯,,,千克,税委会公告2026年第5号
29039990,其他,,,千克,税委会公告2026年第5号
29041000,仅含磺基的衍生物及其盐和乙酯,,,千克,税委会公告2026年第5号
29042010,硝基苯,AB,MN,千克,税委会公告2026年第5号
29042020,硝基甲苯,,,千克,税委会公告2026年第5号
29042030,二硝基甲苯,AB,MN,千克,税委会公告2026年第5号
29042040,三硝基甲苯（TNT）,ABk,MN,千克,税委会公告2026年第5号
29042090,其他,3,,千克,税委会公告2026年第5号
29043100,全氟辛基磺酸,89,,千克,税委会公告2026年第5号
29043200,全氟辛基磺酸铵,89,,千克,税委会公告2026年第5号
29043300,全氟辛基磺酸锂,89,,千克,税委会公告2026年第5号
29043400,全氟辛基磺酸钾,89,,千克,税委会公告2026年第5号
29043500,其他全氟辛基磺酸盐,89,,千克,税委会公告2026年第5号
29043600,全氟辛基磺酰氟,89,,千克,税委会公告2026年第5号
29049100,三氯硝基甲烷（氯化苦）,23S,,千克,税委会公告2026年第5号
29049900,其他第二分章醇类及其卤化、磺化、硝化或亚硝化衍生物,,,千克,日常维护
29051100,甲醇,AB,MN,千克,日常维护
29051210,丙醇,AB,MN,千克,税委会公告2026年第5号
29051220,异丙醇,ABG,MN,千克,税委会公告2026年第5号
29051300,正丁醇,AB,MRNS,千克,税委会公告2026年第5号
29051410,异丁醇,,,千克,税委会公告2026年第5号
29051420,仲丁醇,,,千克,税委会公告2026年第5号
29051430,叔丁醇,,,千克,税委会公告2026年第5号
29051610,正辛醇,,,千克,税委会公告2026年第5号
29051690,其他,,,千克,税委会公告2026年第5号
29051700,十二醇、十六醇及十八醇,,,千克,税委会公告2026年第5号
29051910,3，3-二甲基丁-2-醇（频哪基醇）,23,,千克,税委会公告2026年第5号
29051990,其他,S,,千克,税委会公告2026年第5号
29052210,香叶醇、橙花醇（3，7-二甲基-2，6-辛二烯-1-醇）,,,千克,税委会公告2026年第5号
29052220,香茅醇（3，7-二甲基-6-辛烯-1-醇）,,,千克,税委会公告2026年第5号
29052230,芳樟醇,A,R,千克,税委会公告2026年第5号
29052290,其他,,,千克,税委会公告2026年第5号
29052900,其他,,,千克,税委会公告2026年第5号
29053100,1，2-乙二醇,,,千克,日常维护
29053200,1，2-丙二醇,,,千克,税委会公告2026年第5号
29053910,2，5-二甲基已二醇,,,千克,税委会公告2026年第5号
29053990,"其他抗癌药原料（白消安）1,3-丙二醇",S,,千克,税委会公告2026年第5号
29054100,2-乙基-2-（羟甲基）丙烷-1，3-二醇（三羟甲基丙烷）,,,千克,税委会公告2026年第5号
29054200,季戊四醇,,,千克,税委会公告2026年第5号
29054300,甘露糖醇,A,R,千克,税委会公告2026年第5号
29054400,山梨醇,,,千克,税委会公告2026年第5号
29054500,丙三醇（甘油）,A,R,千克,税委会公告2026年第5号
29054910,木糖醇,A,R,千克,税委会公告2026年第5号
29054990,其他,,,千克,税委会公告2026年第5号
29055100,乙氯维诺（INN）,I,,千克,税委会公告2026年第5号
29055900,其他,I,,千克,税委会公告2026年第5号
29061100,薄荷醇,,,千克,税委会公告2026年第5号
29061200,环己醇、甲基环己醇及二甲基环己醇,AB,MN,千克,税委会公告2026年第5号
29061310,固醇,,,千克,税委会公告2026年第5号
29061320,肌醇,A,R,千克,税委会公告2026年第5号
29061910,萜品醇,,,千克,税委会公告2026年第5号
29061990,其他,,,千克,税委会公告2026年第5号
29062100,苄醇,,,千克,税委会公告2026年第5号
29062910,2-苯基乙醇,,,千克,税委会公告2026年第5号
29062990,其他第三分章酚、酚醇及其卤化、磺化、硝化或亚硝化衍生物,89,,千克,税委会公告2026年第5号
29071110,苯酚,AB,MN,千克,税委会公告2026年第5号
29071190,其他,,,千克,税委会公告2026年第5号
29071211,间甲酚,,,千克,税委会公告2026年第5号
29071212,邻甲酚,,,千克,税委会公告2026年第5号
29071219,其他,AB,MRNS,千克,税委会公告2026年第5号
29071290,其他,,,千克,税委会公告2026年第5号
29071310,壬基酚,AB,MN,千克,税委会公告2026年第5号
29071390,其他,,,千克,税委会公告2026年第5号
29071510,2-萘酚（β-萘酚）,,,千克,税委会公告2026年第5号
29071590,其他,AB,RS,千克,税委会公告2026年第5号
29071910,邻仲丁基酚、邻异丙基酚,AB,MN,千克,税委会公告2026年第5号
29071990,其他,,,千克,税委会公告2026年第5号
29072100,间苯二酚及其盐,,,千克,税委会公告2026年第5号
29072210,对苯二酚,,,千克,税委会公告2026年第5号
29072290,其他,,,千克,税委会公告2026年第5号
29072300,4，4′-异亚丙基联苯酚（双酚A，二苯基酚丙烷）及其盐,,,千克,税委会公告2026年第5号
29072910,邻苯二酚,,,千克,税委会公告2026年第5号
29072990,其他,S,,千克,税委会公告2026年第5号
29081100,五氯苯酚（ISO）,89AB,MN,千克,税委会公告2026年第5号
29081910,对氯苯酚,,,千克,税委会公告2026年第5号
29081990,其他,S,,千克,税委会公告2026年第5号
29089100,地乐酚（ISO）及其盐,89,,千克,税委会公告2026年第5号
29089200,4，6-二硝基邻甲酚［二硝酚（ISO）］及其盐,89,,千克,税委会公告2026年第5号
29089910,对硝基酚、对硝基酚钠,,,千克,税委会公告2026年第5号
29089990,其他第四分章醚、过氧化醇、过氧化醚、缩醛及半缩醛过氧化物、过氧化酮、三节环环氧化物、缩醛及半缩醛及其卤化、磺化、硝化或亚硝化衍生物,S,,千克,税委会公告2026年第5号
29091100,乙醚,23AB,MN,千克,税委会公告2026年第5号
29091910,甲醚,,,千克,税委会公告2026年第5号
29091990,其他,S,,千克,税委会公告2026年第5号
29092000,环烷醚、环烯醚或环萜烯醚及其卤化、磺化、硝化或亚硝化衍生物,,,千克,税委会公告2026年第5号
29093010,1-烷氧基-4-（4-乙烯基环己基）-2，3-二氟苯,,,千克,税委会公告2026年第5号
29093020,4-（4-烷氧基苯基）-4'-烷烯基-1，1'-双环己烷及其氟代衍生物,,,千克,税委会公告2026年第5号
29093090,其他,S,,千克,税委会公告2026年第5号
29094100,2，2’-氧联二乙醇（二甘醇）,,,千克,税委会公告2026年第5号
29094300,乙二醇或二甘醇的单丁醚,,,千克,税委会公告2026年第5号
29094400,乙二醇或二甘醇的其他单烷基醚,,,千克,税委会公告2026年第5号
29094910,间苯氧基苄醇,,,千克,税委会公告2026年第5号
29094990,其他,,,千克,税委会公告2026年第5号
29095000,醚酚、醚醇酚及其卤化、磺化、硝化或亚硝化衍生物,,,千克,税委会公告2026年第5号
29096010,缩醛及半缩醛过氧化物，及其卤化、磺化、硝化或亚硝化衍生物,,,千克,税委会公告2026年第5号
29096090,其他,,,千克,税委会公告2026年第5号
29101000,环氧乙烷（氧化乙烯）,AB,MN,千克,税委会公告2026年第5号
29102000,甲基环氧乙烷（氧化丙烯）,,,千克,税委会公告2026年第5号
29103000,1-氯-2，3-环氧丙烷（表氯醇）,AB,MN,千克,税委会公告2026年第5号
29104000,狄氏剂（ISO，INN）,89,,千克,税委会公告2026年第5号
29105000,异狄氏剂（ISO）,89,,千克,税委会公告2026年第5号
29109000,其他,,,千克,税委会公告2026年第5号
29110000,缩醛及半缩醛，不论是否含有其他含氧基，及其卤化、磺化、硝化或亚硝化衍生物第五分章醛基化合物,,,千克,税委会公告2026年第5号
29121100,甲醛,AB,MN,千克,税委会公告2026年第5号
29121200,乙醛,AB,MN,千克,税委会公告2026年第5号
29121900,其他,,,千克,税委会公告2026年第5号
29122100,苯甲醛,,,千克,税委会公告2026年第5号
29122910,铃兰醛（对叔丁基-α-甲基-氧化肉桂醛）,,,千克,税委会公告2026年第5号
29122990,其他,,,千克,税委会公告2026年第5号
29124100,香草醛（3-甲氧基-4-羟基苯甲醛）,,,千克,税委会公告2026年第5号
29124200,乙基香草醛（3-乙氧基-4-羟基苯甲醛）,,,千克,税委会公告2026年第5号
29124910,醛醇,,,千克,税委会公告2026年第5号
29124990,其他,,,千克,税委会公告2026年第5号
29125000,环聚醛,S,,千克,税委会公告2026年第5号
29126000,多聚甲醛,AB,MN,千克,税委会公告2026年第5号
29130000,税目29.12所列产品的卤化、磺化、硝化或亚硝化衍生物第六分章酮基化合物及醌基化合物,ABG,MN,千克,税委会公告2026年第5号
29141100,丙酮,23AB,MN,千克,税委会公告2026年第5号
29141200,丁酮［甲基乙基（甲）酮］,23,,千克,税委会公告2026年第5号
29141300,4-甲基-2-戊酮［甲基异丁基（甲）酮］,AB,MN,千克,税委会公告2026年第5号
29141900,其他,23,,千克,税委会公告2026年第5号
29142200,环己酮及甲基环己酮,AB,MN,千克,税委会公告2026年第5号
29142300,芷香酮及甲基芷香酮,,,千克,税委会公告2026年第5号
29142910,樟脑,B,N,千克,税委会公告2026年第5号
29142990,其他,,,千克,税委会公告2026年第5号
29143100,苯丙酮（苯基丙-2-酮）,23,,千克,税委会公告2026年第5号
29143910,苯乙酮,,,千克,税委会公告2026年第5号
29143990,其他,,,千克,税委会公告2026年第5号
29144000,酮醇及酮醛,S,,千克,税委会公告2026年第5号
29145011,覆盆子酮,,,千克,税委会公告2026年第5号
29145019,其他,,,千克,税委会公告2026年第5号
29145020,2-羟基-4-甲氧基二苯甲酮,,,千克,税委会公告2026年第5号
29145090,其他,,,千克,税委会公告2026年第5号
29146100,蒽醌,,,千克,税委会公告2026年第5号
29146200,辅酶Q10[癸烯醌（INN）],,,千克,税委会公告2026年第5号
29146900,其他,S,,千克,税委会公告2026年第5号
29147100,十氯酮（ISO）,89,,千克,税委会公告2026年第5号
29147900,其他第七分章羧酸及其酸酐、酰卤化物、过氧化物和过氧酸以及它们的卤化、磺化、硝化或亚硝化衍生物,S,,千克,税委会公告2026年第5号
29151100,甲酸,AB,MN,千克,税委会公告2026年第5号
29151200,甲酸盐,,,千克,税委会公告2026年第5号
29151300,甲酸酯,,,千克,税委会公告2026年第5号
29152111,食品级的,ABG,MRNS,千克,税委会公告2026年第5号
29152119,其他,G,,千克,税委会公告2026年第5号
29152190,其他,ABG,MRNS,千克,税委会公告2026年第5号
29152400,乙酸酐,23AB,MN,千克,税委会公告2026年第5号
29152910,乙酸钠,AG,R,千克,税委会公告2026年第5号
29152990,其他,,,千克,税委会公告2026年第5号
29153100,乙酸乙酯,ABG,MRNS,千克,税委会公告2026年第5号
29153200,乙酸乙烯酯,AB,MN,千克,税委会公告2026年第5号
29153300,乙酸（正）丁酯,AB,MN,千克,税委会公告2026年第5号
29153600,地乐酚（ISO）乙酸酯,S,,千克,税委会公告2026年第5号
29153900,其他,AB,MRNS,千克,税委会公告2026年第5号
29154000,一氯代乙酸、二氯乙酸或三氯乙酸及其盐和酯,,,千克,税委会公告2026年第5号
29155010,丙酸,AB,MRNS,千克,税委会公告2026年第5号
29155090,其他,AB,MRNS,千克,税委会公告2026年第5号
29156000,丁酸、戊酸及其盐和酯,,,千克,税委会公告2026年第5号
29157010,硬脂酸,A,R,千克,税委会公告2026年第5号
29157090,其他,X,,千克,税委会公告2026年第5号
29159000,其他,AB,MRNS,千克,税委会公告2026年第5号
29161100,丙烯酸及其盐,,,千克,税委会公告2026年第5号
29161210,丙烯酸甲酯,AB,MN,千克,税委会公告2026年第5号
29161220,丙烯酸乙酯,AB,MN,千克,税委会公告2026年第5号
29161230,丙烯酸丁酯,AB,MN,千克,税委会公告2026年第5号
29161240,丙烯酸异辛酯,,,千克,税委会公告2026年第5号
29161290,其他,X,,千克,税委会公告2026年第5号
29161300,甲基丙烯酸及其盐,AB,MN,千克,税委会公告2026年第5号
29161400,甲基丙烯酸酯,,,千克,税委会公告2026年第5号
29161500,油酸、亚油酸或亚麻酸及其盐和酯,,,千克,税委会公告2026年第5号
29161600,乐杀螨（ISO）,S,,千克,税委会公告2026年第5号
29161900,其他,S,,千克,税委会公告2026年第5号
29162010,二溴菊酸、DV菊酸甲酯,,,千克,税委会公告2026年第5号
29162090,其他,S,,千克,税委会公告2026年第5号
29163100,苯甲酸及其盐和酯,ABG,MRNS,千克,税委会公告2026年第5号
29163200,过氧化苯甲酰及苯甲酰氯,AB,MRNS,千克,税委会公告2026年第5号
29163400,苯乙酸及其盐,23,,千克,税委会公告2026年第5号
29163910,邻甲基苯甲酸,,,千克,税委会公告2026年第5号
29163920,布洛芬,,,千克,税委会公告2026年第5号
29163930,2-（3-碘-4-乙基苯基）-2-甲基丙酸,,,千克,税委会公告2026年第5号
29163990,其他,S,,千克,税委会公告2026年第5号
29171110,草酸,,,千克,税委会公告2026年第5号
29171120,草酸钴,4xy,,千克,税委会公告2026年第5号
29171190,其他,,,千克,税委会公告2026年第5号
29171200,己二酸及其盐和酯,A,R,千克,税委会公告2026年第5号
29171310,癸二酸及其盐和酯,,,千克,税委会公告2026年第5号
29171390,其他,,,千克,税委会公告2026年第5号
29171400,马来酐,,,千克,税委会公告2026年第5号
29171900,其他,S,,千克,税委会公告2026年第5号
29172010,四氢苯酐,,,千克,税委会公告2026年第5号
29172090,其他,S,,千克,税委会公告2026年第5号
29173200,邻苯二甲酸二辛酯,,,千克,税委会公告2026年第5号
29173300,邻苯二甲酸二壬酯及邻苯二甲酸二癸酯,,,千克,税委会公告2026年第5号
29173410,邻苯二甲酸二丁酯,S,,千克,税委会公告2026年第5号
29173490,其他,,,千克,税委会公告2026年第5号
29173500,邻苯二甲酸酐,AB,MN,千克,税委会公告2026年第5号
29173611,精对苯二甲酸,,,千克,税委会公告2026年第5号
29173619,其他,,,千克,税委会公告2026年第5号
29173690,其他,,,千克,税委会公告2026年第5号
29173700,对苯二甲酸二甲酯,,,千克,税委会公告2026年第5号
29173910,间苯二甲酸,,,千克,税委会公告2026年第5号
29173990,其他,S,,千克,税委会公告2026年第5号
29181100,乳酸及其盐和酯,AB,MRNS,千克,税委会公告2026年第5号
29181200,酒石酸,AG,R,千克,税委会公告2026年第5号
29181300,酒石酸盐及酒石酸酯,ABG,MRNS,千克,税委会公告2026年第5号
29181400,柠檬酸,4Axy,R,千克,税委会公告2026年第5号
29181500,柠檬酸盐及柠檬酸酯,4Axy,R,千克,税委会公告2026年第5号
29181600,葡糖酸及其盐和酯,,,千克,税委会公告2026年第5号
29181700,2，2-二苯基-2-羟基乙酸（二苯基乙醇酸）,23,,千克,税委会公告2026年第5号
29181800,乙酯杀螨醇（ISO）,S,,千克,税委会公告2026年第5号
29181900,其他,23,,千克,税委会公告2026年第5号
29182110,水杨酸、水杨酸钠,,,千克,税委会公告2026年第5号
29182190,其他,,,千克,税委会公告2026年第5号
29182210,邻乙酰水杨酸（阿司匹林）,,,千克,税委会公告2026年第5号
29182290,其他,,,千克,税委会公告2026年第5号
29182300,水杨酸的其他酯及其盐,,,千克,税委会公告2026年第5号
29182900,其他,A,R,千克,税委会公告2026年第5号
29183000,含醛基或酮基但不含其他含氧基的羧酸及其酸酐、酰卤化物、过氧化物和过氧酸以及它们的衍生物,S,,千克,税委会公告2026年第5号
29189100,2，4，5-涕（ISO）（2，4，5-三氯苯氧基乙酸）及其盐和酯,89,,千克,税委会公告2026年第5号
29189900,其他第八分章非金属无机酸酯及其盐以及它们的卤化、磺化、硝化或亚硝化衍生物,S,,千克,税委会公告2026年第5号
29191000,三（2，3-二溴丙基）磷酸酯,89,,千克,日常维护
29199000,其他,AB,MRNS,千克,日常维护
29201100,对硫磷（ISO）及甲基对硫磷（ISO）,,,千克,税委会公告2026年第5号
29201900,其他,S,,千克,税委会公告2026年第5号
29202100,亚磷酸二甲酯,23,,千克,日常维护
29202200,亚磷酸二乙酯,23,,千克,日常维护
29202300,亚磷酸三甲酯,23AB,MN,千克,日常维护
29202400,亚磷酸三乙酯,23AB,MN,千克,日常维护
29202910,其他亚磷酸酯,,,千克,日常维护
29202990,其他,S,,千克,税委会公告2026年第5号
29203000,硫丹（ISO）,89,,千克,税委会公告2026年第5号
29209000,其他碳酸二苯酯第九分章含氮基化合物,,,千克,税委会公告2026年第5号
29211100,甲胺、二甲胺或三甲胺及其盐,AB,,千克,税委会公告2026年第5号
29211200,2-（N，N-二甲基氨基）氯乙烷盐酸盐,23,,千克,税委会公告2026年第5号
29211300,2-（N，N-二乙基氨基）氯乙烷盐酸盐,23,,千克,税委会公告2026年第5号
29211400,2-（N，N-二异丙基氨基）氯乙烷盐酸盐,23,,千克,税委会公告2026年第5号
29211910,二正丙胺,AB,MN,千克,税委会公告2026年第5号
29211920,异丙胺,,,千克,税委会公告2026年第5号
29211930,N，N-二（2-氯乙基）乙胺,32,,千克,税委会公告2026年第5号
29211940,N，N-二（2-氯乙基）甲胺,32,,千克,税委会公告2026年第5号
29211950,三（2-氯乙基）胺,32,,千克,税委会公告2026年第5号
29211960,二烷（甲、乙、正丙或异丙）氨基乙基-2-氯及其质子化盐,23,,千克,税委会公告2026年第5号
29211990,其他,,,千克,税委会公告2026年第5号
29212110,乙二胺,,,千克,税委会公告2026年第5号
29212190,其他,,,千克,税委会公告2026年第5号
29212210,己二酸己二胺盐（尼龙-66盐）,,,千克,税委会公告2026年第5号
29212290,其他,,,千克,税委会公告2026年第5号
29212900,其他,S,,千克,税委会公告2026年第5号
29213000,环烷单胺或多胺、环烯单胺或多胺、环萜烯单胺或多胺及其衍生物以及它们的盐,I,,千克,税委会公告2026年第5号
29214110,苯胺,AB,MN,千克,税委会公告2026年第5号
29214190,其他,,,千克,税委会公告2026年第5号
29214200,苯胺衍生物及其盐,S,,千克,税委会公告2026年第5号
29214300,甲苯胺及其衍生物以及它们的盐,,,千克,税委会公告2026年第5号
29214400,二苯胺及其衍生物以及它们的盐,,,千克,税委会公告2026年第5号
29214500,1-萘胺（α-萘胺）、2-萘胺（β-萘胺）及其衍生物以及它们的盐,,,千克,税委会公告2026年第5号
29214600,安非他明（INN）、苄非他明（INN）、右苯丙胺（INN）、乙非他明（INN）、芬坎法明（INN）、利非他明（INN）、左苯丙胺（INN）、美芬雷司（INN）、苯丁胺（INN）以及它们的盐,I,,千克,税委会公告2026年第5号
29214910,对异丙基苯胺,,,千克,税委会公告2026年第5号
29214920,二甲基苯胺,,,千克,税委会公告2026年第5号
29214930,2，6-甲基乙基苯胺,,,千克,税委会公告2026年第5号
29214940,2，6-二乙基苯胺,,,千克,税委会公告2026年第5号
29214990,其他盐酸舍曲林,S,,千克,税委会公告2026年第5号
29215110,邻苯二胺,,,千克,税委会公告2026年第5号
29215190,其他,S,,千克,税委会公告2026年第5号
29215900,其他,,,千克,税委会公告2026年第5号
29221100,单乙醇胺及其盐,,,千克,税委会公告2026年第5号
29221200,二乙醇胺及其盐,,,千克,税委会公告2026年第5号
29221400,右丙氧吩（INN）及其盐,I,,千克,税委会公告2026年第5号
29221500,三乙醇胺,23A,R,千克,税委会公告2026年第5号
29221600,全氟辛基磺酸二乙醇铵,89,,千克,税委会公告2026年第5号
29221700,甲基二乙醇胺和乙基二乙醇胺,23,,千克,税委会公告2026年第5号
29221800,2-（N，N-二异丙基氨基）乙醇,23,,千克,税委会公告2026年第5号
29221910,乙胺丁醇,,,千克,税委会公告2026年第5号
29221921,二甲氨基乙醇及其质子化盐,,,千克,税委会公告2026年第5号
29221922,二乙氨基乙醇及其质子化盐,3,,千克,税委会公告2026年第5号
29221929,其他,23,,千克,税委会公告2026年第5号
29221930,乙基二乙醇胺的盐,,,千克,税委会公告2026年第5号
29221940,甲基二乙醇胺的盐,,,千克,税委会公告2026年第5号
29221950,本芴醇,,,千克,税委会公告2026年第5号
29221990,其他,S,,千克,税委会公告2026年第5号
29222100,氨基羟基萘磺酸及其盐,,,千克,税委会公告2026年第5号
29222910,茴香胺、二茴香胺、氨基苯乙醚及其盐,,,千克,税委会公告2026年第5号
29222990,其他,I,,千克,税委会公告2026年第5号
29223100,安非拉酮（INN）、美沙酮（INN）和去甲美沙酮（INN）以及它们的盐,I,,千克,税委会公告2026年第5号
29223910,4-甲基甲卡西酮,I,,千克,税委会公告2026年第5号
29223920,安非他酮及其盐,,,千克,税委会公告2026年第5号
29223990,其他,,,千克,税委会公告2026年第5号
29224110,赖氨酸,AB,MPQ,千克,税委会公告2026年第5号
29224190,其他,AB,MPRQ,千克,税委会公告2026年第5号
29224210,谷氨酸,A,MP,千克,税委会公告2026年第5号
29224220,谷氨酸钠,A,MP,千克,税委会公告2026年第5号
29224290,其他,A,MP,千克,税委会公告2026年第5号
29224310,邻氨基苯甲酸（氨茴酸）,23,,千克,税委会公告2026年第5号
29224390,其他,,,千克,税委会公告2026年第5号
29224400,替利定（INN）及其盐,I,,千克,税委会公告2026年第5号
29224911,氨甲环酸,AB,MRS,千克,税委会公告2026年第5号
29224919,其他,I,,千克,税委会公告2026年第5号
29224991,普鲁卡因及其盐,,,千克,税委会公告2026年第5号
29224999,其他,AB,MRNQ,千克,税委会公告2026年第5号
29225010,对羟基苯甘氨酸及其邓钾盐,A,R,千克,税委会公告2026年第5号
29225020,莱克多巴胺和盐酸莱克多巴胺,L,,千克,税委会公告2026年第5号
29225090,其他抗癌药原料（盐酸米托蒽醌）,I,,千克,税委会公告2026年第5号
29231000,胆碱及其盐,A,R,千克,税委会公告2026年第5号
29232000,卵磷脂及其他磷氨基类脂,A,R,千克,税委会公告2026年第5号
29233000,全氟辛基磺酸四乙基铵,89,,千克,税委会公告2026年第5号
29234000,全氟辛基磺酸二癸基二甲基铵,89,,千克,税委会公告2026年第5号
29239000,其他,S,,千克,税委会公告2026年第5号
29241100,甲丙氨酯（INN）,I,,千克,税委会公告2026年第5号
29241200,氟乙酰胺（ISO）、久效磷（ISO）及磷胺（ISO）,89,,千克,税委会公告2026年第5号
29241910,二甲基甲酰胺,,,千克,税委会公告2026年第5号
29241990,其他,,,千克,税委会公告2026年第5号
29242100,烷基脲及其衍生物以及它们的盐,,,千克,税委会公告2026年第5号
29242300,2-乙酰氨基苯甲酸（N-乙酰邻氨基苯甲酸）及其盐,23,,千克,税委会公告2026年第5号
29242400,炔己蚁胺（INN）,I,,千克,税委会公告2026年第5号
29242500,甲草胺（ISO）,S,,千克,税委会公告2026年第5号
29242910,对乙酰氨基苯乙醚（非那西丁）,Q,,千克,税委会公告2026年第5号
29242920,对乙酰氨基酚（扑热息痛）,Q,,千克,税委会公告2026年第5号
29242930,阿斯巴甜,,,千克,税委会公告2026年第5号
29242990,其他抗癌药原料（氟他胺）,S,,千克,税委会公告2026年第5号
29251100,糖精及其盐,A,R,千克,税委会公告2026年第5号
29251200,格鲁米特（INN）,I,,千克,税委会公告2026年第5号
29251900,其他,I,,千克,税委会公告2026年第5号
29252100,杀虫脒（ISO）,89,,千克,税委会公告2026年第5号
29252900,其他,S,,千克,税委会公告2026年第5号
29261000,丙烯腈,,,千克,税委会公告2026年第5号
29262000,1-氰基胍（双氰胺）,,,千克,税委会公告2026年第5号
29263000,芬普雷司（INN）及其盐；美沙酮（INN）中间体（4-氰基-2-二甲氨基-4，4-二苯基丁烷）,I,,千克,税委会公告2026年第5号
29264000,α-苯基乙酰基乙腈,,,千克,税委会公告2026年第5号
29269010,对氯氰苄,,,千克,税委会公告2026年第5号
29269020,间苯二甲腈,,,千克,税委会公告2026年第5号
29269090,其他己二腈,,,千克,日常维护
29270000,重氮化合物、偶氮化合物及氧化偶氮化合物,S,,千克,税委会公告2026年第5号
29280000,肼（联氨）及胲（羟胺）的有机衍生物,3,,千克,税委会公告2026年第5号
29291010,2，4-和2，6-甲苯二异氰酸酯混合物（甲苯二异氰酸酯TDI）,AB,MN,千克,税委会公告2026年第5号
29291020,二甲苯二异氰酸酯（TODI）,,,千克,税委会公告2026年第5号
29291030,二苯基甲烷二异氰酸酯（纯MDI）,,,千克,税委会公告2026年第5号
29291040,六亚甲基二异氰酸酯,,,千克,税委会公告2026年第5号
29291090,其他,,,千克,税委会公告2026年第5号
29299010,环已基氨基磺酸钠（甜蜜素）,A,R,千克,税委会公告2026年第5号
29299020,二烷（甲、乙、正丙或异丙）氨基膦酰二卤,23,,千克,日常维护
29299030,二烷（甲、乙、正丙或异丙）氨基膦酸二烷（甲、乙、正丙或异丙）酯,23,,千克,日常维护
29299090,其他第十分章有机—无机化合物、杂环化合物、核酸及其盐以及磺（酰）胺,S,,千克,税委会公告2026年第5号
29301000,2-（N，N-二甲基氨基）乙硫醇,,,千克,税委会公告2026年第5号
29302000,硫代氨基甲酸盐（或酯）及二硫代氨基甲酸盐,S,,千克,税委会公告2026年第5号
29303000,一硫化二烃氨基硫羰、二硫化二烃氨基硫羰及四硫化二烃氨基硫羰,S,,千克,税委会公告2026年第5号
29304000,甲硫氨酸（蛋氨酸）,A,MP,千克,税委会公告2026年第5号
29306000,2-（N，N-二乙基氨基）乙硫醇,23,,千克,税委会公告2026年第5号
29307000,二（2-羟乙基）硫醚［硫二甘醇（INN）］,23,,千克,税委会公告2026年第5号
29308000,涕灭威（ISO）、敌菌丹（ISO）及甲胺磷（ISO）,,,千克,税委会公告2026年第5号
29309010,双巯丙氨酸（胱氨酸）,A,MP,千克,税委会公告2026年第5号
29309020,二硫代碳酸酯（或盐）［黄原酸酯（或盐）］,,,千克,税委会公告2026年第5号
29309030,乙酰甲胺磷,S,,千克,日常维护
29309090,其他抗癌药原料（比卡鲁胺）罕见病药原料（青霉胺）,A,MP,千克,税委会公告2026年第5号
29311000,四甲基铅及四乙基铅,ABX,MN,千克,税委会公告2026年第5号
29312000,三丁基锡化合物,X,,千克,税委会公告2026年第5号
29314100,甲基膦酸二甲酯,23,,千克,日常维护
29314200,丙基膦酸二甲酯,AB,MRNS,千克,日常维护
29314300,乙基膦酸二乙酯,23,,千克,日常维护
29314400,甲基膦酸,23,,千克,日常维护
29314500,甲基膦酸和脒基尿素（1:1）生成的盐,23AB,MRNS,千克,日常维护
29314600,1-丙基磷酸环酐,23AB,MRNS,千克,日常维护
29314700,（5-乙基-2-甲基-2-氧代-1，3，2-二氧磷杂环己-5-基）甲基膦酸二甲酯,23,,千克,日常维护
29314800,3，9-二甲基-2，4，8，10-四氧杂-3，9-二磷杂螺[5，5]十一烷-3，9二氧化物,AB23,MRNS,千克,日常维护
29314910,双甘膦,AB,RS,千克,税委会公告2026年第5号
29314990,其他,23,,千克,日常维护
29315100,甲基膦酰二氯,23,,千克,日常维护
29315200,丙基膦酰二氯,AB,MRNS,千克,日常维护
29315300,O-（3-氯丙基）O-[4-硝基-3-（三氟甲基）苯基]甲基硫代膦酸酯,AB,MRNS,千克,日常维护
29315400,敌百虫（ISO）,S,,千克,日常维护
29315900,其他,AB,MRNS,千克,日常维护
29319000,其他,AB,MRNS,千克,税委会公告2026年第5号
29321100,四氢呋喃,AB,MN,千克,税委会公告2026年第5号
29321200,2-糠醛,B,N,千克,税委会公告2026年第5号
29321300,糠醇及四氢糠醇,,,千克,税委会公告2026年第5号
29321400,三氯蔗糖,,,千克,税委会公告2026年第5号
29321900,其他恩格列净,,,千克,税委会公告2026年第5号
29322010,香豆素、甲基香豆素及乙基香豆素,,,千克,税委会公告2026年第5号
29322090,其他内酯,S,,千克,税委会公告2026年第5号
29329100,4-丙烯基-1，2-亚甲二氧基苯（异黄樟脑）,23,,千克,税委会公告2026年第5号
29329200,1-（1，3-苯并二噁茂-5-基）丙烷-2-酮,23,,千克,税委会公告2026年第5号
29329300,3，4-亚甲二氧基苯甲醛（胡椒醛）,23,,千克,税委会公告2026年第5号
29329400,4-烯丙基-1，2-亚甲二氧基苯（黄樟脑）,23,,千克,税委会公告2026年第5号
29329500,四氢大麻酚（所有的异构体）,I,,千克,税委会公告2026年第5号
29329600,克百威（ISO）,S,,千克,税委会公告2026年第5号
29329910,7-羟基苯并呋喃（呋喃酚）,,,千克,税委会公告2026年第5号
29329920,2，2'-双甲氧羰基-4，4'-双甲氧基-5，5'，6，6'-双亚甲二氧基联苯（联苯双酯）,,,千克,税委会公告2026年第5号
29329930,蒿甲醚,,,千克,税委会公告2026年第5号
29329990,其他贝前列素钠抗癌药原料（多西他赛、紫杉醇）阿卡波糖水合物抗癌药原料(淫羊藿素),S,,千克,税委会公告2026年第5号
29331100,二甲基苯基吡唑酮（安替比林）及其衍生物,,,千克,税委会公告2026年第5号
29331920,安乃近,Q,,千克,税委会公告2026年第5号
29331990,其他抗癌药原料（赛沃替尼）,,,千克,税委会公告2026年第5号
29332100,乙内酰脲及其衍生物,,,千克,税委会公告2026年第5号
29332900,其他,S,,千克,税委会公告2026年第5号
29333100,吡啶及其盐,AB,MN,千克,税委会公告2026年第5号
29333210,六氢吡啶（哌啶）,23,,千克,税委会公告2026年第5号
29333220,六氢吡啶（哌啶）盐,,,千克,税委会公告2026年第5号
29333300,阿芬太尼（INN）、阿尼利定（INN）、苯氰米特（INN）、溴西泮（INN）、卡芬太尼（INN）、地芬诺新（INN）、地芬诺酯（INN）、地匹哌酮（INN）、芬太尼（INN）、凯托米酮（INN）、哌醋甲酯（INN）、喷他左辛（INN）、哌替啶（INN）、哌替啶中间体A（INN）、苯环利定（INN）、苯哌利定（INN）、哌苯甲醇（INN）、哌氰米特（INN）、哌丙吡胺（INN）、瑞芬太尼（INN）和三甲利定（INN）以及它们的盐,I,,千克,税委会公告2026年第5号
29333400,其他芬太尼及它们的衍生物,I,,千克,税委会公告2026年第5号
29333500,奎宁环-3-醇（3-奎宁醇）,23,,千克,税委会公告2026年第5号
29333600,4-苯氨基-N-苯乙基哌啶（ANPP）,23,,千克,税委会公告2026年第5号
29333700,N-苯乙基-4-哌啶酮（NPP）,23,,千克,税委会公告2026年第5号
29333910,二苯乙醇酸-3-奎宁环脂,23,,千克,税委会公告2026年第5号
29333990,其他抗癌药原料（吉美嘧啶、甲磺酸阿帕替尼、西达本胺、甲苯磺酸尼拉帕利）,,,千克,税委会公告2026年第5号
29334100,左非诺（INN）及其盐,I,,千克,税委会公告2026年第5号
29334900,其他抗癌药原料（马来酸吡咯替尼）,,,千克,税委会公告2026年第5号
29335200,丙二酰脲（巴比土酸）及其盐,,,千克,税委会公告2026年第5号
29335300,阿洛巴比妥（INN）、异戊巴比妥（INN）、巴比妥（INN）、布他比妥（INN）、正丁巴比妥（INN）、环己巴比妥（INN）、甲苯巴比妥（INN）、戊巴比妥（INN）、苯巴比妥（INN）、仲丁巴比妥（INN）、司可巴比妥（INN）和乙烯比妥（INN）以及它们的盐,I,,千克,税委会公告2026年第5号
29335400,其他丙二酰脲（巴比土酸）的衍生物，以及它们的盐,,,千克,税委会公告2026年第5号
29335500,氯普唑仑（INN），甲氯喹酮（INN），甲喹酮（INN）和齐培丙醇（INN），以及它们的盐,I,,千克,税委会公告2026年第5号
29335910,胞嘧啶,,,千克,税委会公告2026年第5号
29335920,环丙氟哌酸,,,千克,税委会公告2026年第5号
29335990,其他恩替卡韦利格列汀抗癌药原料（甲磺酸伊马替尼、硫唑嘌呤、培美曲塞二钠、左亚叶酸钙、甲磺酸氟马替尼、甲磺酸阿美替尼、泽布替尼、奥雷巴替尼）,,,千克,税委会公告2026年第5号
29336100,三聚氰胺（蜜胺）,,,千克,税委会公告2026年第5号
29336910,三聚氰氯,,,千克,税委会公告2026年第5号
29336921,二氯异氰脲酸,,,千克,税委会公告2026年第5号
29336922,三氯异氰脲酸,AB,MN,千克,税委会公告2026年第5号
29336929,其他,A,R,千克,税委会公告2026年第5号
29336990,其他抗癌药原料（奥替拉西钾）,S,,千克,税委会公告2026年第5号
29337100,6-己内酰胺,,,千克,税委会公告2026年第5号
29337200,氯巴占（INN）和甲乙哌酮（INN）,I,,千克,税委会公告2026年第5号
29337900,其他内酰胺抗癌药原料（来那度胺）罕见病药原料（吡非尼酮）,S,,千克,税委会公告2026年第5号
29339100,阿普唑仑（INN）、卡马西泮（INN）、氯氮卓（INN）、氯硝西泮（INN）、氯拉卓酸、地洛西泮（INN）、地西泮（INN）、艾司唑仑（INN）、氯氟卓乙酯（INN）、氟地西泮（INN）、氟硝西泮（INN）、氟西泮（INN）、哈拉西泮（INN）、劳拉西泮（INN）、氯甲西泮（INN）、马吲哚（INN）、美达西泮（INN）、咪达唑仑（INN）、硝甲西泮（INN）、硝西泮（INN）、去甲西泮（INN）、奥沙西泮（INN）、匹那西泮（INN）、普拉西泮（INN）、吡咯戊酮（INN）、替马西泮（INN）、四氢西泮（INN）和三唑仑（INN），以及它们的盐,I,,千克,税委会公告2026年第5号
29339200,甲基谷硫磷（ISO）,,,千克,日常维护
29339900,其他抗癌药原料（阿那曲唑、来曲唑、硼替佐米、替莫唑胺、帕米帕利）阿托伐他汀钙维格列汀,,,千克,税委会公告2026年第5号
29341010,三苯甲基氨噻肟酸,,,千克,税委会公告2026年第5号
29341090,其他抗癌药原料（达沙替尼）,,,千克,税委会公告2026年第5号
29342000,结构上含有一个苯并噻唑环系（不论是否氢化）的化合物，但未经进一步稠合的罕见病药原料（利鲁唑）,,,千克,税委会公告2026年第5号
29343000,结构上含有一个吩噻嗪环系（不论是否氢化）的化合物，但未经进一步稠合的,,,千克,税委会公告2026年第5号
29349100,阿米雷司（INN），溴替唑仑（INN），氯噻西泮（INN），氯恶唑仑（INN），右吗拉胺（INN），卤恶唑仑（INN），凯他唑仑（INN），美索卡（INN），恶唑仑（INN），匹莫林（INN），苯巴曲嗪（INN），芬美曲嗪（INN）和舒芬太尼（INN），以及它们的盐,I,,千克,税委会公告2026年第5号
29349200,其他芬太尼以及它们的衍生物,I,,千克,税委会公告2026年第5号
29349910,磺内酯及磺内酰胺,,,千克,税委会公告2026年第5号
29349920,呋喃唑酮,A,M,千克,税委会公告2026年第5号
29349930,核酸及其盐,ABV,,千克,税委会公告2026年第5号
29349940,奈韦拉平、依发韦仑、利托那韦及它们的盐,,,千克,税委会公告2026年第5号
29349950,克拉维酸及其盐,,,千克,税委会公告2026年第5号
29349960,7-苯乙酰氨基-3-氯甲基-4-头孢烷酸对甲氧基苄酯、7-氨基头孢烷酸、7-氨基脱乙酰氧基头孢烷酸,,,千克,税委会公告2026年第5号
29349970,6-氨基青霉烷酸(6-APA),,,千克,税委会公告2026年第5号
29349990,其他抗癌药原料（地西他滨、氟脲苷、环磷酰胺、吉非替尼、卡培他滨、雷替曲塞、磷酸氟达拉滨、替加氟、阿糖胞苷、盐酸阿糖胞苷、盐酸埃克替尼、盐酸吉西他滨、异环磷酰胺、呋喹替尼）,A,R,千克,税委会公告2026年第5号
29351000,N-甲基全氟辛基磺酰胺,89,,千克,税委会公告2026年第5号
29352000,N-乙基全氟辛基磺酰胺,89,,千克,税委会公告2026年第5号
29353000,N-乙基-N-（2-羟乙基）全氟辛基磺酰胺,89,,千克,税委会公告2026年第5号
29354000,N-（2-羟乙基）-N-甲基全氟辛基磺酰胺,89,,千克,税委会公告2026年第5号
29355000,其他全氟辛基磺酰胺,,,千克,税委会公告2026年第5号
29359000,其他罕见病药原料（波生坦）第十一分章维生素原、维生素及激素,,,千克,税委会公告2026年第5号
29362100,维生素A及其衍生物,A,R,千克,税委会公告2026年第5号
29362200,维生素B1及其衍生物,A,R,千克,税委会公告2026年第5号
29362300,维生素B2及其衍生物,A,R,千克,税委会公告2026年第5号
29362400,D或DL-泛酸（维生素B5）及其衍生物,A,R,千克,税委会公告2026年第5号
29362500,维生素B6及其衍生物,A,R,千克,税委会公告2026年第5号
29362600,维生素B12及其衍生物,A,R,千克,税委会公告2026年第5号
29362700,维生素C及其衍生物,A,R,千克,税委会公告2026年第5号
29362800,维生素E及其衍生物,A,R,千克,税委会公告2026年第5号
29362900,其他维生素及其衍生物,A,R,千克,税委会公告2026年第5号
29369010,维生素AD3,A,R,千克,税委会公告2026年第5号
29369090,其他,A,R,千克,税委会公告2026年第5号
29371100,生长激素及其衍生物和结构类似物,,,千克,税委会公告2026年第5号
29371210,重组人胰岛素及其盐,L,,千克,税委会公告2026年第5号
29371290,其他,L,,千克,税委会公告2026年第5号
29371900,其他抗癌药原料（醋酸曲普瑞林）德谷胰岛素、地特胰岛素,L,,千克,税委会公告2026年第5号
29372100,可的松、氢化可的松、脱氢可的松及脱氢皮质醇,Q,,千克,税委会公告2026年第5号
29372210,地塞米松,Q,,千克,税委会公告2026年第5号
29372290,其他,Q,,千克,税委会公告2026年第5号
29372311,孕马结合雌激素,Q,,千克,税委会公告2026年第5号
29372319,其他抗癌药原料（福美坦）,Q,,千克,税委会公告2026年第5号
29372390,其他,L,,千克,税委会公告2026年第5号
29372900,其他抗癌药原料（依西美坦）,Q,,千克,税委会公告2026年第5号
29375000,前列腺素、血栓烷和白细胞三烯及其衍生物和结构类似物罕见病药原料（曲前列尼尔）,,,千克,税委会公告2026年第5号
29379000,其他第十二分章天然或合成再制的苷（配糖物）、植物碱及其盐、醚、酯和其他衍生物,AQ,R,千克,税委会公告2026年第5号
29381000,芸香苷（芦丁）及其衍生物,Q,,千克,税委会公告2026年第5号
29389010,齐多夫定、拉米夫定、司他夫定、地达诺新及它们的盐,,,千克,税委会公告2026年第5号
29389090,其他甘草酸,y4x,,千克,税委会公告2026年第5号
29391100,罂粟秆浓缩物、丁丙诺啡（INN）、可待因、双氢可待因（INN）、乙基吗啡、埃托啡（INN）、海洛因、氢可酮（INN）、氢吗啡酮（INN）、吗啡、尼可吗啡（INN）、羟考酮（INN）、羟吗啡酮（INN）、福尔可定（INN）、醋氢可酮（INN）和蒂巴因，以及它们的盐,I,,千克,税委会公告2026年第5号
29391900,其他,Q,,千克,税委会公告2026年第5号
29392000,金鸡纳生物碱及其衍生物，以及它们的盐,Q,,千克,税委会公告2026年第5号
29393000,咖啡因及其盐,AI,R,千克,日常维护
29394100,麻黄碱及其盐,Q,,千克,税委会公告2026年第5号
29394200,假麻黄碱（INN）及其盐,Q,,千克,税委会公告2026年第5号
29394300,d-去甲假麻黄碱（INN）及其盐,I,,千克,税委会公告2026年第5号
29394400,去甲麻黄碱及其盐,23,,千克,税委会公告2026年第5号
29394500,左甲苯丙胺、去氧麻黄碱（INN）、去氧麻黄碱外消旋体以及它们的盐,I,,千克,税委会公告2026年第5号
29394900,其他,I,,千克,税委会公告2026年第5号
29395100,芬乙茶碱（INN）及其盐,I,,千克,税委会公告2026年第5号
29395900,其他,Q,,千克,税委会公告2026年第5号
29396100,麦角新碱（INN）及其盐,3Q2,,千克,税委会公告2026年第5号
29396200,麦角胺（INN）及其盐,3Q2,,千克,税委会公告2026年第5号
29396300,麦角酸及其盐,3Q2,,千克,税委会公告2026年第5号
29396900,其他,I,,千克,税委会公告2026年第5号
29397210,可卡因及其盐,I,,千克,税委会公告2026年第5号
29397290,其他,I,,千克,税委会公告2026年第5号
29397910,烟碱及其盐,ABQ,MN,千克,刚果（布）协定税率
29397920,番木鳖碱（士的年）及其盐,ABQ,MN,千克,税委会公告2026年第5号
29397990,其他抗癌药原料（酒石酸长春瑞滨、硫酸长春新碱、盐酸托泊替康、盐酸伊立替康）,I,,千克,税委会公告2026年第5号
29398010,石房蛤毒素,23Q,,千克,税委会公告2026年第5号
29398090,其他第十三分章其他有机化合物,3AB,MRN,千克,税委会公告2026年第5号
29400010,木糖,AQ,R,千克,税委会公告2026年第5号
29400090,其他,AQS,R,千克,税委会公告2026年第5号
29411011,氨苄青霉素,Q,,千克,税委会公告2026年第5号
29411012,氨苄青霉素三水酸,Q,,千克,税委会公告2026年第5号
29411019,其他,Q,,千克,税委会公告2026年第5号
29411091,羟氨苄青霉素,Q,,千克,税委会公告2026年第5号
29411092,羟氨苄青霉素三水酸,Q,,千克,税委会公告2026年第5号
29411094,青霉素V,Q,,千克,税委会公告2026年第5号
29411095,磺苄青霉素,Q,,千克,税委会公告2026年第5号
29411096,邻氯青霉素,Q,,千克,税委会公告2026年第5号
29411099,其他,Q,,千克,税委会公告2026年第5号
29412000,链霉素及其衍生物以及它们的盐,Q,,千克,税委会公告2026年第5号
29413011,四环素,Q,,千克,税委会公告2026年第5号
29413012,四环素盐,Q,,千克,税委会公告2026年第5号
29413020,四环素衍生物及其盐,Q,,千克,税委会公告2026年第5号
29414000,氯霉素及其衍生物以及它们的盐,Q,,千克,税委会公告2026年第5号
29415000,红霉素及其衍生物以及它们的盐,Q,,千克,税委会公告2026年第5号
29419010,庆大霉素及其衍生物以及它们的盐,Q,,千克,税委会公告2026年第5号
29419020,卡那霉素及其衍生物以及它们的盐,Q,,千克,税委会公告2026年第5号
29419030,利福平及其衍生物以及它们的盐,Q,,千克,税委会公告2026年第5号
29419040,林可霉素及其衍生物以及它们的盐,Q,,千克,税委会公告2026年第5号
29419052,头孢氨苄及其盐,Q,,千克,税委会公告2026年第5号
29419053,头孢唑啉及其盐,Q,,千克,税委会公告2026年第5号
29419054,头孢拉啶及其盐,Q,,千克,税委会公告2026年第5号
29419055,头孢三嗪（头孢曲松）及其盐,Q,,千克,税委会公告2026年第5号
29419056,头孢哌酮及其盐,Q,,千克,税委会公告2026年第5号
29419057,头孢噻肟及其盐,Q,,千克,税委会公告2026年第5号
29419058,头孢克罗及其盐,Q,,千克,税委会公告2026年第5号
29419059,其他,QS,,千克,税委会公告2026年第5号
29419060,麦迪霉素及其衍生物以及它们的盐,Q,,千克,税委会公告2026年第5号
29419070,乙酰螺旋霉素及其衍生物以及它们的盐,Q,,千克,税委会公告2026年第5号
29419090,其他抗癌药原料（吡柔比星、丝裂霉素、盐酸表柔比星、盐酸多柔比星、盐酸平阳霉素、盐酸柔红霉素、盐酸伊达比星）吗替麦考酚酯盐酸阿柔比星,Q,,千克,税委会公告2026年第5号
29420000,其他有机化合物,,,千克,税委会公告2026年第5号
30012000,腺体、其他器官及其分泌物的提取物,AQFEB,PQ,千克,税委会公告2026年第5号
30019010,肝素及其盐,Q,,千克,税委会公告2026年第5号
30019090,其他,ABQV,VW,千克,税委会公告2026年第5号
30021200,抗血清及其他血份,ABR,PVQW,千克,税委会公告2026年第5号
30021300,非混合的免疫制品，未配定剂量或制成零售包装,ABL,PVQW,千克,税委会公告2026年第5号
30021400,混合的免疫制品，未配定剂量或制成零售包装,AB,PVQW,千克,税委会公告2026年第5号
30021500,免疫制品，已配定剂量或制成零售包装,AB,PVQW,千克,税委会公告2026年第5号
30024100,人用疫苗,QAB,VW,千克,税委会公告2026年第5号
30024200,兽用疫苗,R,,千克,税委会公告2026年第5号
30024920,蓖麻毒素,23Q,,千克,税委会公告2026年第5号
30024930,细菌及病毒CAR-T细胞治疗药品生产用病毒载体（包括慢病毒载体、逆转录病毒载体）,3AB,PVQW,千克/株,税委会公告2026年第5号
30024990,其他,ABS,PVQW,千克,税委会公告2026年第5号
30025100,细胞治疗产品,AB,PVQW,千克,税委会公告2026年第5号
30025900,其他,AB,PVQW,千克,税委会公告2026年第5号
30029040,遗传物质和基因修饰生物体,3AB,PVQW,千克,税委会公告2026年第5号
30029090,其他,ABQFE,PQ,千克,税委会公告2026年第5号
30031011,氨苄青霉素,Q,,千克,税委会公告2026年第5号
30031012,羟氨苄青霉素,Q,,千克,税委会公告2026年第5号
30031013,青霉素V,Q,,千克,税委会公告2026年第5号
30031019,其他,Q,,千克,税委会公告2026年第5号
30031090,其他,Q,,千克,税委会公告2026年第5号
30032011,头孢噻肟,Q,,千克,税委会公告2026年第5号
30032012,头孢他啶,Q,,千克,税委会公告2026年第5号
30032013,头孢西丁,Q,,千克,税委会公告2026年第5号
30032014,头孢替唑,Q,,千克,税委会公告2026年第5号
30032015,头孢克罗,Q,,千克,税委会公告2026年第5号
30032016,头孢呋辛,Q,,千克,税委会公告2026年第5号
30032017,头孢三嗪（头孢曲松）,Q,,千克,税委会公告2026年第5号
30032018,头孢哌酮,Q,,千克,税委会公告2026年第5号
30032019,其他,Q,,千克,税委会公告2026年第5号
30032090,其他,Q,,千克,税委会公告2026年第5号
30033100,含有胰岛素,Q,,千克,税委会公告2026年第5号
30033900,其他,Q,,千克,税委会公告2026年第5号
30034100,含有麻黄碱及其盐,Q,,千克,税委会公告2026年第5号
30034200,含有伪麻黄碱（INN）及其盐,Q,,千克,税委会公告2026年第5号
30034300,含有去甲麻黄碱及其盐,Q,,千克,税委会公告2026年第5号
30034900,其他,Q,,千克,税委会公告2026年第5号
30036010,含有青蒿素及其衍生物,Q,,千克,税委会公告2026年第5号
30036090,其他,Q,,千克,税委会公告2026年第5号
30039000,其他,EFQ,,千克,税委会公告2026年第5号
30041011,氨苄青霉素制剂,Q,,千克,税委会公告2026年第5号
30041012,羟氨苄青霉素制剂,R,,千克,税委会公告2026年第5号
30041013,青霉素V制剂,Q,,千克,税委会公告2026年第5号
30041019,其他,R,,千克,税委会公告2026年第5号
30041090,其他,Q,,千克,税委会公告2026年第5号
30042011,头孢噻肟制剂,Q,,千克,税委会公告2026年第5号
30042012,头孢他啶制剂,Q,,千克,税委会公告2026年第5号
30042013,头孢西丁制剂,Q,,千克,税委会公告2026年第5号
30042014,头孢替唑制剂,Q,,千克,税委会公告2026年第5号
30042015,头孢克罗制剂,Q,,千克,税委会公告2026年第5号
30042016,头孢呋辛制剂,Q,,千克,税委会公告2026年第5号
30042017,头孢三嗪（头孢曲松）制剂,Q,,千克,税委会公告2026年第5号
30042018,头孢哌酮制剂,Q,,千克,税委会公告2026年第5号
30042019,其他,Q,,千克,税委会公告2026年第5号
30042090,其他,R,,千克,税委会公告2026年第5号
30043110,含有重组人胰岛素的,L,,千克,税委会公告2026年第5号
30043190,其他,L,,千克,税委会公告2026年第5号
30043200,含有皮质甾类激素及其衍生物或结构类似物,L,,千克,税委会公告2026年第5号
30043900,其他,Q,,千克,税委会公告2026年第5号
30044100,含有麻黄碱及其盐,23Q,,千克,税委会公告2026年第5号
30044200,含有伪麻黄碱（INN）及其盐,23Q,,千克,税委会公告2026年第5号
30044300,含有去甲麻黄碱及其盐,I,,千克,税委会公告2026年第5号
30044900,其他具有抗癌作用的含有生物碱及其衍生物的药品（混合或非混合，治病或防病用已配定剂量或零售包装）噻托溴铵粉吸入剂、噻托溴铵喷雾剂、吸入用异丙托溴铵溶液、吸入用复方异丙托溴铵溶液、异丙托溴铵气雾剂盐酸羟考酮制剂,Q,,千克,税委会公告2026年第5号
30045000,其他，含有维生素或税目29.36所列产品,Q,,千克,税委会公告2026年第5号
30046010,含有青蒿素及其衍生物,Q,,千克,税委会公告2026年第5号
30046090,其他,Q,,千克,税委会公告2026年第5号
30049010,含有磺胺类,R,,千克,税委会公告2026年第5号
30049020,含有联苯双酯,Q,,千克,税委会公告2026年第5号
30049051,中药酒,FE,,千克,税委会公告2026年第5号
30049052,片仔癀,QFE,,千克,税委会公告2026年第5号
30049053,白药,FEQ,,千克,税委会公告2026年第5号
30049054,清凉油,Q,,千克,税委会公告2026年第5号
30049055,安宫牛黄丸,QFE,,千克,税委会公告2026年第5号
30049059,其他,QFE,,千克,税委会公告2026年第5号
30049090,其他,FEQ,,千克,税委会公告2026年第5号
30051010,橡皮膏,,,千克,税委会公告2026年第5号
30051090,其他,,,千克,税委会公告2026年第5号
30059010,药棉、纱布、绷带,,,千克,税委会公告2026年第5号
30059090,其他,,,千克,税委会公告2026年第5号
30061000,无菌外科肠线、类似的无菌缝合材料（包括外科或牙科用无菌可吸收缝线）及外伤创口闭合用的无菌黏合胶布；无菌昆布及无菌昆布塞条；外科或牙科用无菌吸收性止血材料；外科或牙科用无菌抗粘连阻隔材料，不论是否可吸收,,,千克,税委会公告2026年第5号
30063000,X光检查造影剂；用于病人的诊断试剂碘普罗胺注射液、钆布醇注射液,ABQ,VW,千克,税委会公告2026年第5号
30064000,牙科粘固剂及其他牙科填料；骨骼粘固剂,,,千克,税委会公告2026年第5号
30065000,急救药箱、药包,,,千克,税委会公告2026年第5号
30066010,以激素为基本成分的避孕药,Q,,千克,税委会公告2026年第5号
30066090,其他,Q,,千克,税委会公告2026年第5号
30067000,专用于人类或作兽药用的凝胶制品，作为外科手术或体检时躯体部位的润滑剂，或者作为躯体和医疗器械之间的耦合剂,,,千克,税委会公告2026年第5号
30069100,可确定用于造口术的用具,,,千克,税委会公告2026年第5号
30069200,废药物,9,,千克,税委会公告2026年第5号
30069300,安慰剂和盲法（或双盲法）临床试验试剂盒，用于经许可的临床试验，已配定剂量,Q,,千克,税委会公告2026年第5号
31010011,鸟粪,AB,PQ,千克,税委会公告2026年第5号
31010019,其他,8AB,PQ,千克,税委会公告2026年第5号
31010090,其他,AB,PQ,千克,税委会公告2026年第5号
31021000,尿素，不论是否水溶液,tAB,MN,千克,税委会公告2026年第5号
31022100,硫酸铵,7ABv,R,千克,税委会公告2026年第5号
31022900,其他,7Bv,,千克,税委会公告2026年第5号
31023000,硝酸铵，不论是否水溶液,9kAB,MN,千克,税委会公告2026年第5号
31024000,硝酸铵与碳酸钙或其他无肥效无机物的混合物,7vB,N,千克,税委会公告2026年第5号
31025000,硝酸钠,7ABv,MNS,千克,税委会公告2026年第5号
31026000,硝酸钙和硝酸铵的复盐及混合物,7Bv,N,千克,税委会公告2026年第5号
31028000,尿素及硝酸铵混合物的水溶液或氨水溶液,7Bv,N,千克,税委会公告2026年第5号
31029010,氰氨化钙,7ABv,MN,千克,税委会公告2026年第5号
31029090,其他,7Bv,N,千克,税委会公告2026年第5号
31031110,重过磷酸钙,7ABv,MN,千克,税委会公告2026年第5号
31031190,其他,7ABv,MN,千克,税委会公告2026年第5号
31031900,其他,7ABv,MN,千克,税委会公告2026年第5号
31039000,其他,7Bv,N,千克,税委会公告2026年第5号
31042020,纯氯化钾,7Bv,N,千克,税委会公告2026年第5号
31042090,其他,7ABv,RN,千克,税委会公告2026年第5号
31043000,硫酸钾,7ABv,MN,千克,税委会公告2026年第5号
31049010,光卤石、钾盐及其他天然粗钾盐,7Bv,N,千克,税委会公告2026年第5号
31049090,其他,7Bv,N,千克,税委会公告2026年第5号
31051000,制成片及类似形状或每件毛重不超过10千克的本章各项货品,9B,N,千克,税委会公告2026年第5号
31052000,含氮、磷、钾三种肥效元素的矿物肥料或化学肥料,ABt,MN,千克,税委会公告2026年第5号
31053000,磷酸氢铵,ABt,RN,千克,税委会公告2026年第5号
31054000,磷酸二氢铵及磷酸二氢铵与磷酸氢二铵的混合物,7ABv,MN,千克,税委会公告2026年第5号
31055100,含有硝酸盐及磷酸盐,7ABv,MN,千克,税委会公告2026年第5号
31055900,其他,7ABv,MN,千克,税委会公告2026年第5号
31056000,含磷、钾两种肥效元素的矿物肥料或化学肥料,7ABv,MN,千克,税委会公告2026年第5号
31059010,有机—无机复混肥料,7ABv,MN,千克,税委会公告2026年第5号
31059090,其他,7ABv,MN,千克,税委会公告2026年第5号
32011000,坚木浸膏,,,千克,税委会公告2026年第5号
32012000,荆树皮浸膏,,,千克,税委会公告2026年第5号
32019010,其他鞣料浸膏,FE,,千克,税委会公告2026年第5号
32019090,其他,,,千克,税委会公告2026年第5号
32021000,有机合成鞣料,,,千克,税委会公告2026年第5号
32029000,其他无铬鞣剂,,,千克,税委会公告2026年第5号
32030011,天然靛蓝及以其为基本成分的制品,A,R,千克,税委会公告2026年第5号
32030019,其他,ABEF,RS,千克,税委会公告2026年第5号
32030020,动物质着色料及以其为基本成分的制品,A,MR,千克,税委会公告2026年第5号
32041100,分散染料及以其为基本成分的制品,AB,RS,千克,税委会公告2026年第5号
32041200,酸性染料（不论是否预金属络合）及以其为基本成分的制品；媒染染料及以其为基本成分的制品,AB,RS,千克,税委会公告2026年第5号
32041300,碱性染料及以其为基本成分的制品,AB,RS,千克,税委会公告2026年第5号
32041400,直接染料及以其为基本成分的制品,AB,RS,千克,税委会公告2026年第5号
32041510,合成靛蓝（还原靛蓝）,A,R,千克,税委会公告2026年第5号
32041590,其他,,,千克,税委会公告2026年第5号
32041600,活性染料及以其为基本成分的制品,,,千克,税委会公告2026年第5号
32041700,颜料及以其为基本成分的制品彩色光刻胶用光刻胶颜料分散液,,,千克,税委会公告2026年第5号
32041810,类胡萝卜素（包括胡萝卜素）,,,千克,税委会公告2026年第5号
32041820,以类胡萝卜素（包括胡萝卜素）为基本成分的制品,AB,RS,千克,税委会公告2026年第5号
32041911,硫化黑（硫化青）及以其为基本成分的制品,,,千克,税委会公告2026年第5号
32041919,其他,,,千克,税委会公告2026年第5号
32041990,其他,AB,RS,千克,税委会公告2026年第5号
32042000,用作荧光增白剂的有机合成产品,A,M,千克,税委会公告2026年第5号
32049010,生物染色剂及染料指示剂,,,千克,税委会公告2026年第5号
32049090,其他,,,千克,税委会公告2026年第5号
32050000,色淀；本章注释三所述的以色淀为基本成分的制品,A,R,千克,税委会公告2026年第5号
32061111,金红石型含量≥99.8%、明度（干粉L*）≥99.0,4xy,,千克,税委会公告2026年第5号
32061119,其他,4xy,,千克,税委会公告2026年第5号
32061190,其他,,,千克,税委会公告2026年第5号
32061900,其他,,,千克,税委会公告2026年第5号
32062000,以铬化合物为基本成分的颜料及制品,,,千克,税委会公告2026年第5号
32064100,群青及以其为基本成分的制品,,,千克,税委会公告2026年第5号
32064210,锌钡白,,,千克,税委会公告2026年第5号
32064290,其他,,,千克,税委会公告2026年第5号
32064911,以钒酸铋为基本成分的颜料及制品,,,千克,税委会公告2026年第5号
32064919,其他,,,千克,税委会公告2026年第5号
32064990,其他,,,千克,税委会公告2026年第5号
32065000,用作发光体的无机产品,,,千克,税委会公告2026年第5号
32071000,调制颜料、遮光剂、着色剂及类似制品,,,千克,税委会公告2026年第5号
32072000,珐琅和釉料、釉底料（泥釉）及类似制品,,,千克,税委会公告2026年第5号
32073000,光瓷釉及类似制品,,,千克,税委会公告2026年第5号
32074000,搪瓷玻璃料及其他玻璃，呈粉、粒或粉片状的,,,千克,税委会公告2026年第5号
32081000,以聚酯为基本成分,A,M,千克,税委会公告2026年第5号
32082010,以丙烯酸聚合物为基本成分,A,M,千克,税委会公告2026年第5号
32082020,以乙烯基聚合物为基本成分,A,M,千克,税委会公告2026年第5号
32089010,以聚胺酯类化合物为基本成分,A,M,千克,税委会公告2026年第5号
32089090,其他,A,LM,千克,税委会公告2026年第5号
32091000,以丙烯酸聚合物或乙烯基聚合物为基本成分,A,LM,千克,税委会公告2026年第5号
32099010,以环氧树脂为基本成分,A,LM,千克,税委会公告2026年第5号
32099020,以氟树脂为基本成分,A,LM,千克,税委会公告2026年第5号
32099090,其他,A,LM,千克,税委会公告2026年第5号
32100000,其他油漆及清漆（包括瓷漆、大漆及水浆涂料）；加工皮革用的水性颜料,,L,千克,税委会公告2026年第5号
32110000,配制的催干剂,,,千克,税委会公告2026年第5号
32121000,压印箔,,,千克,税委会公告2026年第5号
32129000,其他,,,千克,税委会公告2026年第5号
32131000,成套的颜料,,,千克,税委会公告2026年第5号
32139000,其他,,,千克,税委会公告2026年第5号
32141010,半导体器件封装材料,,,千克,税委会公告2026年第5号
32141090,其他,,,千克,税委会公告2026年第5号
32149000,其他,,,千克,税委会公告2026年第5号
32151100,"黑色黑色,用于装入税目8443.31、8443.32或8443.39所列设备的工程形态的固体油墨",AB,MN,千克,税委会公告2026年第5号
32151900,其他其他，用于装入税目8443.31、8443.32或8443.39所列设备的工程形态的固体油墨,,,千克,税委会公告2026年第5号
32159010,书写墨水,,,千克,税委会公告2026年第5号
32159020,水性喷墨墨水,,,千克,税委会公告2026年第5号
32159090,其他,,,千克,税委会公告2026年第5号
33011200,橙油,A,R,千克,税委会公告2026年第5号
33011300,柠檬油,A,R,千克,税委会公告2026年第5号
33011910,白柠檬油（酸橙油）,A,R,千克,税委会公告2026年第5号
33011990,其他,A,R,千克,税委会公告2026年第5号
33012400,胡椒薄荷油,A,R,千克,税委会公告2026年第5号
33012500,其他薄荷油,A,R,千克,税委会公告2026年第5号
33012910,樟脑油,AB,MRN,千克,税委会公告2026年第5号
33012920,香茅油,A,R,千克,税委会公告2026年第5号
33012930,茴香油,A,R,千克,税委会公告2026年第5号
33012940,桂油,A,R,千克,税委会公告2026年第5号
33012950,山苍子油,A,R,千克,税委会公告2026年第5号
33012960,桉叶油,AB,MRN,千克,税委会公告2026年第5号
33012991,老鹳草油（香叶油）,A,R,千克,税委会公告2026年第5号
33012999,其他黄樟油,23A,R,千克,税委会公告2026年第5号
33013010,鸢尾凝脂,,,千克,税委会公告2026年第5号
33013090,其他,FE,,千克,税委会公告2026年第5号
33019010,提取的油树脂,FE,,千克,税委会公告2026年第5号
33019020,柑桔属果实的精油脱萜的萜烯副产品,,,千克,税委会公告2026年第5号
33019090,其他,,,千克,税委会公告2026年第5号
33021010,生产饮料用的以香料为基本成分的制品，按容量计酒精浓度不超过0.5％的,A,R,千克,税委会公告2026年第5号
33021090,其他,A,R,千克,税委会公告2026年第5号
33029000,其他,,,千克,税委会公告2026年第5号
33030000,香水及花露水,AB,MN,千克/件,税委会公告2026年第5号
33041000,唇用化妆品,89,,千克/件,税委会公告2026年第5号
33042000,眼用化妆品,89,,千克/件,税委会公告2026年第5号
33043000,指（趾）甲化妆品,AB,MN,千克/件,税委会公告2026年第5号
33049100,粉，不论是否压紧,89,,千克/件,税委会公告2026年第5号
33049900,其他,89,,千克/件,税委会公告2026年第5号
33051000,洗发剂（香波）,ABFE,MN,千克,税委会公告2026年第5号
33052000,烫发剂,AB,MN,千克,税委会公告2026年第5号
33053000,定型剂,AB,MN,千克,税委会公告2026年第5号
33059000,其他,AB,MN,千克,税委会公告2026年第5号
33061010,牙膏,ABEF,RS,千克,税委会公告2026年第5号
33061090,其他,,,千克,税委会公告2026年第5号
33062000,清洁牙缝用的纱线（牙线）,,,千克,税委会公告2026年第5号
33069010,漱口剂,AB,RS,千克,税委会公告2026年第5号
33069090,其他,AB,RS,千克,税委会公告2026年第5号
33071000,剃须用制剂,AB,MN,千克,税委会公告2026年第5号
33072000,人体除臭剂及止汗剂,AB,MN,千克,税委会公告2026年第5号
33073000,香浴盐及其他泡澡用制剂,AB,MN,千克,税委会公告2026年第5号
33074100,神香及其他通过燃烧散发香气的制品,,,千克,税委会公告2026年第5号
33074900,其他,,,千克,税委会公告2026年第5号
33079000,其他,,,千克,税委会公告2026年第5号
34011100,盥洗用（包括含有药物的产品）,89,,千克,税委会公告2026年第5号
34011910,洗衣皂,,,千克,税委会公告2026年第5号
34011990,其他,89,,千克,税委会公告2026年第5号
34012000,其他形状的肥皂,89,,千克,税委会公告2026年第5号
34013000,洁肤用的有机表面活性产品及制品，液状或膏状并制成零售包装的，不论是否含有肥皂,89,,千克,税委会公告2026年第5号
34023100,直链烷基苯磺酸及其盐,,,千克,税委会公告2026年第5号
34023900,其他,,,千克,税委会公告2026年第5号
34024100,阳离子型,,,千克,税委会公告2026年第5号
34024200,非离子型,,,千克,税委会公告2026年第5号
34024900,其他,,,千克,税委会公告2026年第5号
34025010,合成洗涤粉,,,千克,税委会公告2026年第5号
34025090,其他,,,千克,税委会公告2026年第5号
34029000,其他,,,千克,税委会公告2026年第5号
34031100,处理纺织材料、皮革、毛皮或其他材料的制剂,,,千克,税委会公告2026年第5号
34031900,其他,,,千克,税委会公告2026年第5号
34039100,处理纺织材料、皮革、毛皮或其他材料的制剂,,,千克,税委会公告2026年第5号
34039900,其他,,,千克,税委会公告2026年第5号
34042000,聚氧乙烯（聚乙二醇）蜡,,,千克,税委会公告2026年第5号
34049000,其他,89,,千克,税委会公告2026年第5号
34051000,鞋靴或皮革用的上光剂及类似制品,,,千克,税委会公告2026年第5号
34052000,保养木制家具、地板或其他木制品用的上光剂及类似制品,,,千克,税委会公告2026年第5号
34053000,车身用的上光剂及类似制品，但金属用的光洁剂除外,,,千克,税委会公告2026年第5号
34054000,擦洗膏、去污粉及类似制品,,,千克,税委会公告2026年第5号
34059000,其他,,,千克,税委会公告2026年第5号
34060000,各种蜡烛及类似品,EF,,千克,税委会公告2026年第5号
34070010,牙科用蜡及造型膏,,,千克,税委会公告2026年第5号
34070020,以熟石膏为基本成分的牙科用其他制品,,,千克,税委会公告2026年第5号
34070090,其他,,,千克,税委会公告2026年第5号
35011000,酪蛋白,AB,RS,千克,税委会公告2026年第5号
35019000,其他,A,R,千克,税委会公告2026年第5号
35021100,干的,AB,PQ,千克,税委会公告2026年第5号
35021900,其他,AB,PQ,千克,税委会公告2026年第5号
35022000,乳白蛋白，包括两种或两种以上的乳清蛋白浓缩物乳清蛋白粉（按重量计干质成分的乳清蛋白含量超过80%）乳铁蛋白,AB,PRS,千克,税委会公告2026年第5号
35029000,其他,A,R,千克,税委会公告2026年第5号
35030010,明胶及其衍生物,AB,PRQ,千克,税委会公告2026年第5号
35030090,其他,AB,PRQ,千克,税委会公告2026年第5号
35040010,蛋白胨,A,R,千克,税委会公告2026年第5号
35040020,植物蛋白，以干基计蛋白质含量≥90%,A,R,千克,税委会公告2026年第5号
35040090,其他,A,R,千克,税委会公告2026年第5号
35051000,糊精及其他改性淀粉,A,MR,千克,税委会公告2026年第5号
35052000,胶,A,MR,千克,税委会公告2026年第5号
35061000,适于作胶或粘合剂用的产品，零售包装每件净重不超过1千克,A,M,千克,税委会公告2026年第5号
35069110,以聚酰胺为基本成分的,,,千克,税委会公告2026年第5号
35069120,以环氧树脂为基本成分的,,,千克,税委会公告2026年第5号
35069190,其他专门或主要用于显示屏或触摸屏制造的光学透明膜黏合剂和光固化液体黏合剂,A,M,千克,税委会公告2026年第5号
35069900,其他,,,千克,税委会公告2026年第5号
35071000,粗制凝乳酶及其浓缩物,A,R,千克,税委会公告2026年第5号
35079010,碱性蛋白酶,A,R,千克,税委会公告2026年第5号
35079020,碱性脂肪酶,A,R,千克,税委会公告2026年第5号
35079090,其他抗癌药原料（门冬酰胺酶）,AB,RVW,千克,税委会公告2026年第5号
36010000,发射药,,,千克,税委会公告2026年第5号
36020010,硝铵炸药,3,,千克,税委会公告2026年第5号
36020090,其他,3k,,千克,税委会公告2026年第5号
36031000,安全导火索,k,,千克,税委会公告2026年第5号
36032000,导爆索,k,,千克,税委会公告2026年第5号
36033000,火帽,k,,千克,税委会公告2026年第5号
36034000,雷管,3,,千克,税委会公告2026年第5号
36035000,引爆器,3,,千克,税委会公告2026年第5号
36036000,电雷管,3,,千克,税委会公告2026年第5号
36041000,烟花、爆竹,AB,MN,千克,税委会公告2026年第5号
36049000,其他,k,,千克,税委会公告2026年第5号
36050000,火柴，但税目36.04的烟火制品除外,,,千克,税委会公告2026年第5号
36061000,直接灌注香烟打火机及类似打火器用的液体燃料或液化气体燃料，其包装容器的容积不超过300立方厘米,,,千克,税委会公告2026年第5号
36069011,已切成形可直接使用,,,千克,税委会公告2026年第5号
36069019,其他,,,千克,税委会公告2026年第5号
36069090,其他,,,千克,税委会公告2026年第5号
37011000,X光用,,,千克/平方米,税委会公告2026年第5号
37012000,一次成像平片,,,千克,税委会公告2026年第5号
37013021,激光照排片,,,千克/平方米,税委会公告2026年第5号
37013022,PS版,,,千克/平方米,税委会公告2026年第5号
37013024,CTP版,,,千克/平方米,税委会公告2026年第5号
37013025,柔性印刷版,,,千克/平方米,税委会公告2026年第5号
37013029,其他,,,千克/平方米,税委会公告2026年第5号
37013090,其他,,,千克/平方米,税委会公告2026年第5号
37019100,彩色摄影用,,,千克,税委会公告2026年第5号
37019920,照相制版用,,,千克/平方米,税委会公告2026年第5号
37019990,其他,,,千克/平方米,税委会公告2026年第5号
37021000,X光用,,,千克/平方米,税委会公告2026年第5号
37023110,一次成像卷片,,,千克/平方米,年初维护
37023190,其他,,,千克/平方米,年初维护
37023210,一次成像卷片,,,千克/平方米,年初维护
37023220,照相制版用,,,千克/平方米,税委会公告2026年第5号
37023290,其他,,,千克/平方米,年初维护
37023920,照相制版用,,,千克/平方米,税委会公告2026年第5号
37023990,其他,,,千克/平方米,税委会公告2026年第5号
37024100,彩色摄影用，宽度超过610毫米，长度超过200米,,,千克/平方米,年初维护
37024221,印刷电路板制造用光致抗蚀干膜,,,千克/平方米,税委会公告2026年第5号
37024229,其他,,,千克/平方米,税委会公告2026年第5号
37024292,红色或红外激光胶片红色或红外激光胶片，宽度＞80厘米，长度＞1000米,,,千克/平方米,税委会公告2026年第5号
37024299,其他,,,千克/平方米,税委会公告2026年第5号
37024321,激光照排片,,,千克/平方米,税委会公告2026年第5号
37024329,其他,,,千克/平方米,税委会公告2026年第5号
37024390,其他,,,千克/平方米,税委会公告2026年第5号
37024421,激光照排片,,,千克/平方米,税委会公告2026年第5号
37024422,印刷电路板制造用光致抗蚀干膜,,,千克/平方米,税委会公告2026年第5号
37024429,其他,,,千克/平方米,税委会公告2026年第5号
37024490,其他,,,千克/平方米,税委会公告2026年第5号
37025200,宽度不超过16毫米,,,千克/平方米,税委会公告2026年第5号
37025300,幻灯片用，宽度超过16毫米，但不超过35毫米，长度不超过30米,,,千克/平方米,年初维护
37025410,宽度为35毫米，长度不超过2米,,,千克/平方米,年初维护
37025490,其他,,,千克/平方米,税委会公告2026年第5号
37025520,电影胶片,,,千克/平方米,年初维护
37025590,其他,,,千克/平方米,年初维护
37025620,电影胶片,,,千克/平方米,年初维护
37025690,其他,,,千克/平方米,年初维护
37029600,宽度不超过35毫米，长度不超过30米,,,千克/平方米,税委会公告2026年第5号
37029700,宽度不超过35毫米，长度超过30米,,,千克/平方米,税委会公告2026年第5号
37029800,宽度超过35毫米,,,千克/平方米,税委会公告2026年第5号
37031010,感光纸及纸板,,,千克,年初维护
37031090,其他,,,千克,年初维护
37032010,感光纸及纸板,,,千克,年初维护
37032090,其他,,,千克,年初维护
37039010,感光纸及纸板,,,千克,年初维护
37039090,其他,,,千克,年初维护
37040010,电影胶片,V,,千克,税委会公告2026年第5号
37040090,其他,V,,千克,税委会公告2026年第5号
37050010,教学专用幻灯片,V,,千克,税委会公告2026年第5号
37050021,书籍、报刊的,V,,千克,税委会公告2026年第5号
37050029,其他,V,,千克,税委会公告2026年第5号
37050090,其他,V,,千克,税委会公告2026年第5号
37061010,教学专用,b,,千克/米,税委会公告2026年第5号
37061090,其他,b,,千克/米,税委会公告2026年第5号
37069010,教学专用,b,,千克/米,税委会公告2026年第5号
37069090,其他,b,,千克/米,税委会公告2026年第5号
37071000,感光乳液感光乳剂（不含银的）,,,千克,税委会公告2026年第5号
37079010,冲洗照相胶卷及相片用,,,千克,税委会公告2026年第5号
37079020,复印机用,,,千克,税委会公告2026年第5号
37079090,其他,,,千克,税委会公告2026年第5号
38011000,人造石墨,,,千克,税委会公告2026年第5号
38012000,胶态或半胶态石墨,,,千克,税委会公告2026年第5号
38013000,电极用碳糊及炉衬用的类似糊,,,千克,税委会公告2026年第5号
38019010,表面处理的球化石墨,3,,千克,日常维护
38019090,其他,3,,千克,税委会公告2026年第5号
38021010,木质的,G,,千克,税委会公告2026年第5号
38021090,其他,G,,千克,税委会公告2026年第5号
38029000,其他,FE,,千克,税委会公告2026年第5号
38030000,妥尔油，不论是否精炼,,,千克,税委会公告2026年第5号
38040000,木浆残余碱液，不论是否浓缩、脱糖或经化学处理，包括木素磺酸盐，但不包括税目38.03的妥尔油,9,,千克,税委会公告2026年第5号
38051000,脂松节油、木松节油和硫酸盐松节油,AB,MN,千克,税委会公告2026年第5号
38059010,松油,AB,MN,千克,税委会公告2026年第5号
38059090,其他,,,千克,税委会公告2026年第5号
38061010,松香,,,千克,税委会公告2026年第5号
38061020,树脂酸,,,千克,税委会公告2026年第5号
38062010,松香盐及树脂酸盐,,,千克,税委会公告2026年第5号
38062090,其他,,,千克,税委会公告2026年第5号
38063000,酯胶,AB,PRQS,千克,税委会公告2026年第5号
38069000,其他,,,千克,税委会公告2026年第5号
38070000,木焦油；精制木焦油；木杂酚油；粗木精；植物沥青；以松香、树脂酸或植物沥青为基本成分的啤酒桶沥青及类似制品,,,千克,税委会公告2026年第5号
38085200,DDT（ISO）［滴滴涕（INN）］，每包净重不超过300克,89,,千克,税委会公告2026年第5号
38085920,零售包装的,,,千克,税委会公告2026年第5号
38085990,其他,,,千克,税委会公告2026年第5号
38086100,每包净重不超过300克,AS,M,千克,税委会公告2026年第5号
38086200,每包净重超过300克，但不超过7.5千克,AS,M,千克,税委会公告2026年第5号
38086900,其他,AS,M,千克,税委会公告2026年第5号
38089111,蚊香,AS,M,千克,税委会公告2026年第5号
38089112,生物杀虫剂,89,,千克,税委会公告2026年第5号
38089119,其他,AS,M,千克,税委会公告2026年第5号
38089190,其他,AS,M,千克,税委会公告2026年第5号
38089210,零售包装,89,,千克,税委会公告2026年第5号
38089290,其他,,,千克,税委会公告2026年第5号
38089311,零售包装,89,,千克,税委会公告2026年第5号
38089319,其他,AS,M,千克,税委会公告2026年第5号
38089391,零售包装,89,,千克,税委会公告2026年第5号
38089399,其他,89,,千克,税委会公告2026年第5号
38089400,消毒剂,,,千克,税委会公告2026年第5号
38089910,零售包装,S,,千克,税委会公告2026年第5号
38089990,其他,S,,千克,税委会公告2026年第5号
38091000,以淀粉物质为基本成分,,,千克,税委会公告2026年第5号
38099100,纺织工业及类似工业用,,,千克,税委会公告2026年第5号
38099200,造纸工业及类似工业用,,,千克,税委会公告2026年第5号
38099300,制革工业及类似工业用,,,千克,税委会公告2026年第5号
38101000,金属表面酸洗剂；金属及其他材料制成的焊粉或焊膏,,,千克,税委会公告2026年第5号
38109000,其他,,,千克,税委会公告2026年第5号
38111100,以铅化合物为基本成分,,,千克,税委会公告2026年第5号
38111900,其他,,,千克,税委会公告2026年第5号
38112100,含有石油或从沥青矿物提取的油类,,,千克,税委会公告2026年第5号
38112900,其他,,,千克,税委会公告2026年第5号
38119000,其他,,,千克,税委会公告2026年第5号
38121000,配制的橡胶促进剂,,,千克,税委会公告2026年第5号
38122000,橡胶或塑料用复合增塑剂,,,千克,税委会公告2026年第5号
38123100,2，2，4-三甲基-1，2-二氢化喹啉（TMQ）低聚体混合物,,,千克,税委会公告2026年第5号
38123910,其他橡胶防老剂,,,千克,税委会公告2026年第5号
38123990,其他,,,千克,税委会公告2026年第5号
38130010,灭火器的装配药,,L,千克,税委会公告2026年第5号
38130020,已装药的灭火弹,,,千克,税委会公告2026年第5号
38140000,其他税目未列名的有机复合溶剂及稀释剂；除漆剂,,,千克,税委会公告2026年第5号
38151100,以镍及其化合物为活性物的,,,千克,税委会公告2026年第5号
38151200,以贵金属及其化合物为活性物的,3,,千克,税委会公告2026年第5号
38151900,其他,,,千克,税委会公告2026年第5号
38159000,其他,,,千克,税委会公告2026年第5号
38160010,夯混白云石,,,千克,税委会公告2026年第5号
38160020,其他,,,千克,税委会公告2026年第5号
38170000,混合烷基苯及混合烷基萘,,,千克,税委会公告2026年第5号
38180012,直径在15.24厘米及以下，厚度在220微米以上的,,,千克/片,税委会公告2026年第5号
38180013,直径在15.24厘米及以下，厚度在220微米及以下的,,,千克/片,税委会公告2026年第5号
38180014,直径在15.24厘米以上，厚度在220微米以上的,,,千克/片,日常维护
38180015,直径在15.24厘米以上，厚度在220微米及以下的,,,千克/片,日常维护
38180090,其他,,,千克,税委会公告2026年第5号
38190000,闸用液压油及其他液压传动用液体，不含石油或从沥青矿物提取的油类，或者按重量计石油或从沥青矿物提取的油类含量低于70％,,,千克,税委会公告2026年第5号
38200000,防冻剂及解冻剂,,,千克,税委会公告2026年第5号
38210000,制成的供微生物（包括病毒及类似品）或植物、人体、动物细胞生长或维持用的培养基,,,千克,税委会公告2026年第5号
38221100,疟疾用,AB,PVQW,千克,税委会公告2026年第5号
38221200,寨卡病毒及由伊蚊属蚊子传播的其他疾病用,AB,PVQW,千克,税委会公告2026年第5号
38221300,血型鉴定用,AB,VW,千克,税委会公告2026年第5号
38221900,其他已配制的用于甲型肝炎病毒、乙型肝炎病毒、丙型肝炎病毒、人类免疫缺陷病毒、梅毒螺旋体的诊断试剂盒鲎试剂,ABR,PVQW,千克,税委会公告2026年第5号
38229000,其他,AB,VW,千克,税委会公告2026年第5号
38231100,硬脂酸,,,千克,税委会公告2026年第5号
38231200,油酸,A,R,千克,税委会公告2026年第5号
38231300,妥尔油脂肪酸,,,千克,税委会公告2026年第5号
38231900,其他植物油脱臭馏出物（DD油）,,,千克,税委会公告2026年第5号
38237000,工业用脂肪醇,,,千克,税委会公告2026年第5号
38241000,铸模及铸芯用粘合剂,,,千克,税委会公告2026年第5号
38243000,自身混合或与金属粘合剂混合的未烧结金属碳化物,34xy,,千克,税委会公告2026年第5号
38244010,高效减水剂,,,千克,税委会公告2026年第5号
38244090,其他,,L,千克,税委会公告2026年第5号
38245000,非耐火的灰泥及混凝土,,,千克,税委会公告2026年第5号
38246000,子目2905.44以外的山梨醇,,,千克,税委会公告2026年第5号
38248100,含环氧乙烷（氧化乙烯）的,,,千克,税委会公告2026年第5号
38248200,含多氯联苯（PCBs）、多氯三联苯（PCTs）或多溴联苯（PBBs）的,89,,千克,税委会公告2026年第5号
38248300,含三（2，3-二溴丙基）磷酸酯的,,,千克,税委会公告2026年第5号
38248400,含艾氏剂（ISO）、毒杀芬（ISO）、氯丹（ISO）、十氯酮（ISO）、DDT（ISO）[滴滴涕（INN）、1，1，1-三氯-2，2-双（4-氯苯基）乙烷]、狄氏剂（ISO，INN）、硫丹（ISO）、异狄氏剂（ISO）、七氯（ISO）或灭蚁灵（ISO）的,89,,千克,税委会公告2026年第5号
38248500,含1，2，3，4，5，6-六氯环己烷〔六六六（ISO）〕，包括林丹（ISO，INN）的,89,,千克,税委会公告2026年第5号
38248600,含五氯苯（ISO）或六氯苯（ISO）的,89,,千克,税委会公告2026年第5号
38248700,含全氟辛基磺酸及其盐，全氟辛基磺胺或全氟辛基磺酰氯的,,,千克,税委会公告2026年第5号
38248800,含四、五、六、七或八溴联苯醚的,89,,千克,税委会公告2026年第5号
38248900,含短链氯化石蜡的,89,,千克,日常维护
38249100,主要由（5-乙基-2-甲基-2氧代-1，3，2-二氧磷杂环己-5-基）甲基膦酸二甲酯和双[（5-乙基-2-甲基-2氧代-1，3，2-二氧磷杂环己-5-基）甲基]甲基膦酸酯（阻燃剂FRC-1）组成的混合物及制品,,,千克,日常维护
38249200,甲基膦酸聚乙二醇酯,,,千克,日常维护
38249910,杂醇油,,,千克,税委会公告2026年第5号
38249920,除墨剂、蜡纸改正液及类似品,,,千克,税委会公告2026年第5号
38249930,增碳剂,,,千克,税委会公告2026年第5号
38249991,按重量计含滑石50%以上的混合物,4xy,,千克,税委会公告2026年第5号
38249992,按重量计含氧化镁70%以上的混合物,4xy,,千克,税委会公告2026年第5号
38249993,表面包覆钴化物的氢氧化镍（掺杂碳）,,,千克,税委会公告2026年第5号
38249999,其他锂离子电池用再生黑粉用于生产聚酰胺的发酵液（含氨基酸、有机酸、有机胺、有机醇、核苷酸、多糖等）载金炭高钛渣（二氧化钛质量百分含量大于70％的）按重量计氧化锌含量在50％及以上的混合物粗氢氧化镍钴,4xy,,千克,税委会公告2026年第5号
38251000,城市垃圾,9,,千克,税委会公告2026年第5号
38252000,下水道淤泥,9,,千克,税委会公告2026年第5号
38253000,医疗废物,9,,千克,税委会公告2026年第5号
38254100,卤化物的,9,,千克,税委会公告2026年第5号
38254900,其他,9,,千克,税委会公告2026年第5号
38255000,废的金属酸液、液压油、制动油及防冻液,9,,千克,税委会公告2026年第5号
38256100,主要含有有机成分的,9,,千克,税委会公告2026年第5号
38256900,其他,9,,千克,税委会公告2026年第5号
38259000,其他,A,R,千克,税委会公告2026年第5号
38260000,生物柴油及其混合物，不含或含有按重量计低于70％的石油或从沥青矿物提取的油类,,,千克/升,税委会公告2026年第5号
38271100,含全氯氟烃（CFCs）的，不论是否含氢氯氟烃（HCFCs）、全氟烃（PFCs）或氢氟烃（HFCs）,14ABxy,MN,千克,税委会公告2026年第5号
38271200,含氢溴氟烃（HBFCs）的,14xy,,千克,税委会公告2026年第5号
38271300,含四氯化碳的,,,千克,税委会公告2026年第5号
38271400,含1，1，1-三氯乙烷（甲基氯仿）的,1,,千克,税委会公告2026年第5号
38272000,含溴氯二氟甲烷（Halon-1211）、三氟溴甲烷（Halon-1301）或二溴四氟乙烷（Halon-2402）的,14xy,,千克,税委会公告2026年第5号
38273100,含子目2903.41至2903.48物质的,14xy,,千克,税委会公告2026年第5号
38273200,其他，含子目2903.71至2903.75物质的,14xy,,千克,税委会公告2026年第5号
38273900,其他,14xy,,千克,税委会公告2026年第5号
38274000,含溴化甲烷（甲基溴）或溴氯甲烷的,14xy,,千克,税委会公告2026年第5号
38275100,含三氟甲烷（HFC-23）的,14xy,,千克,税委会公告2026年第5号
38275900,其他,,,千克,税委会公告2026年第5号
38276100,按重量计含15%及以上1，1，1-三氟乙烷（HFC-143a）的,14xy,,千克,税委会公告2026年第5号
38276200,其他，不归入上述子目，按重量计含55%及以上五氟乙烷（HFC-125），但不含无环烃的不饱和氟化衍生物（HFOs）的,14xy,,千克,税委会公告2026年第5号
38276300,其他，不归入上述子目，按重量计含40%及以上五氟乙烷（HFC-125）的,14xy,,千克,税委会公告2026年第5号
38276400,其他，不归入上述子目，按重量计含30%及以上1，1，1，2-四氟乙烷（HFC-134a）的，但不含无环烃的不饱和氟化衍生物（HFOs）,14xy,,千克,税委会公告2026年第5号
38276500,其他，不归入上述子目的，按重量计含20%及以上二氟甲烷（HFC-32）和20%及以上五氟乙烷（HFC-125）的,14xy,,千克,税委会公告2026年第5号
38276800,其他，不归入上述子目，含子目2903.41至2903.48所列物质的,14xy,,千克,税委会公告2026年第5号
38276900,其他,,,千克,税委会公告2026年第5号
38279000,其他,,,千克,税委会公告2026年第5号
39011000,聚乙烯，比重小于0.94比重小于0.94的聚乙烯（进口CIF价高于3800美元/吨）,,,千克,税委会公告2026年第5号
39012000,聚乙烯，比重在0.94及以上比重在0.94及以上的聚乙烯（进口CIF价高于3800美元/吨）,,,千克,税委会公告2026年第5号
39013000,乙烯-乙酸乙烯酯共聚物,,,千克,税委会公告2026年第5号
39014010,乙烯-丙烯共聚物（乙丙橡胶）,,,千克,税委会公告2026年第5号
39014020,线型低密度聚乙烯,,,千克,税委会公告2026年第5号
39014090,其他,,,千克,税委会公告2026年第5号
39019010,乙烯-丙烯共聚物（乙丙橡胶）,,,千克,税委会公告2026年第5号
39019090,其他,,,千克,税委会公告2026年第5号
39021000,聚丙烯,,,千克,税委会公告2026年第5号
39022000,聚异丁烯,A,R,千克,税委会公告2026年第5号
39023010,乙烯-丙烯共聚物（乙丙橡胶）,,,千克,税委会公告2026年第5号
39023090,其他,,,千克,税委会公告2026年第5号
39029000,其他,,,千克,税委会公告2026年第5号
39031100,可发性的,,,千克,税委会公告2026年第5号
39031910,改性的,,,千克,税委会公告2026年第5号
39031990,其他,,,千克,税委会公告2026年第5号
39032000,苯乙烯-丙烯腈（SAN）共聚物,,,千克,税委会公告2026年第5号
39033010,改性的,,,千克,税委会公告2026年第5号
39033090,其他,,,千克,税委会公告2026年第5号
39039000,其他,,,千克,税委会公告2026年第5号
39041010,糊树脂,,,千克,税委会公告2026年第5号
39041090,其他,7,,千克,日常维护
39042100,未塑化,,,千克,日常维护
39042200,已塑化,,,千克,日常维护
39043000,氯乙烯-乙酸乙烯酯共聚物,,,千克,税委会公告2026年第5号
39044000,其他氯乙烯共聚物,,,千克,税委会公告2026年第5号
39045000,偏二氯乙烯聚合物,,,千克,税委会公告2026年第5号
39046100,聚四氟乙烯,,,千克,税委会公告2026年第5号
39046900,其他,X,,千克,税委会公告2026年第5号
39049000,其他,,,千克,税委会公告2026年第5号
39051200,水分散体,,,千克,税委会公告2026年第5号
39051900,其他,,,千克,税委会公告2026年第5号
39052100,水分散体,,,千克,税委会公告2026年第5号
39052900,其他,,,千克,税委会公告2026年第5号
39053000,聚乙烯醇，不论是否含有未水解的乙酸酯基,A,R,千克,税委会公告2026年第5号
39059100,共聚物乙烯-乙烯醇共聚物,,,千克,税委会公告2026年第5号
39059900,其他,,,千克,税委会公告2026年第5号
39061000,聚甲基丙烯酸甲酯,,,千克,税委会公告2026年第5号
39069010,聚丙烯酰胺,A,R,千克,税委会公告2026年第5号
39069020,丙烯酸-丙烯酸钠交联共聚物,,,千克,税委会公告2026年第5号
39069090,其他,X,,千克,税委会公告2026年第5号
39071010,聚甲醛,,,千克,税委会公告2026年第5号
39071090,其他,,,千克,税委会公告2026年第5号
39072100,双（聚氧乙烯）甲基膦酸酯,,,千克,日常维护
39072910,聚四亚甲基醚二醇,,,千克,税委会公告2026年第5号
39072990,其他,,,千克,日常维护
39073000,环氧树脂溴的质量百分含量在18％及以上或进口CIF价格高于3800美元/吨的环氧树脂（如溶于溶剂，以纯环氧树脂折算溴的百分含量）,AB,MN,千克,税委会公告2026年第5号
39074000,聚碳酸酯,,,千克,税委会公告2026年第5号
39075000,醇酸树脂,AB,MN,千克,税委会公告2026年第5号
39076110,切片,,,千克,税委会公告2026年第5号
39076190,其他,,,千克,税委会公告2026年第5号
39076910,切片,,,千克,税委会公告2026年第5号
39076990,其他,,,千克,税委会公告2026年第5号
39077000,聚乳酸,,,千克,税委会公告2026年第5号
39079100,不饱和,,,千克,税委会公告2026年第5号
39079910,聚对苯二甲酸丁二酯,,,千克,税委会公告2026年第5号
39079991,聚对苯二甲酸-己二酸-丁二醇酯热塑性液晶芳香族聚酯共聚物,AB,RS,千克,税委会公告2026年第5号
39079999,其他热塑性液晶芳香族聚酯共聚物,AB,RS,千克,税委会公告2026年第5号
39081011,聚酰胺-6，6切片,,,千克,税委会公告2026年第5号
39081012,聚酰胺-6切片,,,千克,税委会公告2026年第5号
39081019,其他,,,千克,税委会公告2026年第5号
39081090,其他,,,千克,税委会公告2026年第5号
39089010,芳香族聚酰胺及其共聚物,,,千克,税委会公告2026年第5号
39089020,半芳香族聚酰胺及其共聚物,,,千克,税委会公告2026年第5号
39089090,其他,,,千克,税委会公告2026年第5号
39091000,尿素树脂；硫脲树脂,,,千克,税委会公告2026年第5号
39092000,蜜胺树脂,,,千克,税委会公告2026年第5号
39093100,聚（亚甲基苯基异氰酸酯）（粗MDI、聚合MDI）,,,千克,税委会公告2026年第5号
39093900,其他,AB,MN,千克,税委会公告2026年第5号
39094000,酚醛树脂,AB,MN,千克,税委会公告2026年第5号
39095000,聚氨基甲酸酯,AB,MN,千克,税委会公告2026年第5号
39100000,初级形状的聚硅氧烷,,,千克,日常维护
39111000,石油树脂、苯并呋喃树脂、茚树脂、苯并呋喃-茚树脂及多萜树脂,,,千克,税委会公告2026年第5号
39112000,聚（1，3-亚苯基甲基膦酸酯）,,,千克,日常维护
39119000,其他偏苯三酸酐和异氰酸预缩聚物芳基酸与芳基胺预缩聚物改性三羟乙基脲酸酯类预缩聚物环烯烃聚合物,,,千克,税委会公告2026年第5号
39121100,未塑化,,,千克,税委会公告2026年第5号
39121200,已塑化,,,千克,税委会公告2026年第5号
39122000,硝酸纤维素（包括胶棉）,,,千克,税委会公告2026年第5号
39123100,羧甲基纤维素及其盐,,,千克,税委会公告2026年第5号
39123900,其他,,,千克,税委会公告2026年第5号
39129000,其他,,,千克,税委会公告2026年第5号
39131000,藻酸及其盐和酯,AB,RS,千克,税委会公告2026年第5号
39139000,其他,,,千克,税委会公告2026年第5号
39140000,初级形状的离子交换剂，以税目39.01至39.13的聚合物为基本成分的第二分章废碎料及下脚料；半制品；制成品,,,千克,税委会公告2026年第5号
39151000,乙烯聚合物的,9,,千克,税委会公告2026年第5号
39152000,苯乙烯聚合物的,9,,千克,税委会公告2026年第5号
39153000,氯乙烯聚合物的,9,,千克,税委会公告2026年第5号
39159010,聚对苯二甲酸乙二酯的,9,,千克,税委会公告2026年第5号
39159090,其他,9,,千克,税委会公告2026年第5号
39161000,乙烯聚合物制,,,千克,税委会公告2026年第5号
39162010,异型材,,,千克,税委会公告2026年第5号
39162090,其他,,,千克,税委会公告2026年第5号
39169010,聚酰胺制,,,千克,税委会公告2026年第5号
39169090,其他,,,千克,税委会公告2026年第5号
39171000,硬化蛋白或纤维素材料制的人造肠衣（香肠用肠衣）,A,R,千克,税委会公告2026年第5号
39172100,乙烯聚合物制,,,千克,税委会公告2026年第5号
39172200,丙烯聚合物制,,,千克,税委会公告2026年第5号
39172300,氯乙烯聚合物制,,,千克,税委会公告2026年第5号
39172900,其他塑料制,,,千克,税委会公告2026年第5号
39173100,软管，最小爆破压力为27.6兆帕斯卡,,,千克,税委会公告2026年第5号
39173200,其他未装有附件的管子，未经加强也未与其他材料合制,,,千克,税委会公告2026年第5号
39173300,其他装有附件的管子，未经加强也未与其他材料合制,,,千克,税委会公告2026年第5号
39173900,其他,,,千克,税委会公告2026年第5号
39174000,管子附件,,,千克,税委会公告2026年第5号
39181010,糊墙品,,,千克,税委会公告2026年第5号
39181090,其他,,,千克,税委会公告2026年第5号
39189010,糊墙品,,,千克,税委会公告2026年第5号
39189090,其他,,,千克,税委会公告2026年第5号
39191010,丙烯酸树脂类为基本成分,,,千克,税委会公告2026年第5号
39191091,胶囊型反光膜,,,千克,税委会公告2026年第5号
39191099,其他,,,千克,税委会公告2026年第5号
39199010,胶囊型反光膜,,,千克,税委会公告2026年第5号
39199090,其他半导体晶圆制造用自粘式圆形抛光垫,,,千克,税委会公告2026年第5号
39201010,乙烯聚合物制电池隔膜,,,千克,税委会公告2026年第5号
39201090,其他,,,千克,税委会公告2026年第5号
39202010,丙烯聚合物制电池隔膜,,,千克,税委会公告2026年第5号
39202090,其他,,,千克,税委会公告2026年第5号
39203000,苯乙烯聚合物制,,,千克,税委会公告2026年第5号
39204300,按重量计增塑剂含量不小于6％,,,千克,税委会公告2026年第5号
39204900,其他,,,千克,税委会公告2026年第5号
39205100,聚甲基丙烯酸甲酯制,,,千克,税委会公告2026年第5号
39205900,其他,,,千克,税委会公告2026年第5号
39206100,聚碳酸酯制,,,千克,税委会公告2026年第5号
39206200,聚对苯二甲酸乙二酯制,,,千克,税委会公告2026年第5号
39206300,不饱和聚酯制,,,千克,税委会公告2026年第5号
39206900,其他聚酯制,,,千克,税委会公告2026年第5号
39207100,再生纤维素制,,,千克,税委会公告2026年第5号
39207300,乙酸纤维素制,,,千克,税委会公告2026年第5号
39207900,其他纤维素衍生物制,,,千克,税委会公告2026年第5号
39209100,聚乙烯醇缩丁醛制聚乙烯醇缩丁醛膜（厚度不超过3毫米）,,,千克,税委会公告2026年第5号
39209200,聚酰胺制,,,千克,税委会公告2026年第5号
39209300,氨基树脂制,,,千克,税委会公告2026年第5号
39209400,酚醛树脂制,,,千克,税委会公告2026年第5号
39209910,聚四氟乙烯制,,,千克,税委会公告2026年第5号
39209990,其他塑料制聚酰亚胺膜（厚度不超过0.03毫米）,,,千克,税委会公告2026年第5号
39211100,苯乙烯聚合物制,,,千克,税委会公告2026年第5号
39211210,人造革及合成革,,,千克/米,税委会公告2026年第5号
39211290,其他,,,千克,税委会公告2026年第5号
39211310,人造革及合成革,,,千克/米,税委会公告2026年第5号
39211390,其他,,,千克,税委会公告2026年第5号
39211400,再生纤维素制,,,千克,税委会公告2026年第5号
39211910,人造革及合成革,,,千克/米,税委会公告2026年第5号
39211990,其他,,,千克,税委会公告2026年第5号
39219020,聚乙烯嵌有玻璃纤维的板、片,,,千克,税委会公告2026年第5号
39219030,聚异丁烯为基本成分的附有人造毛毡的板、片、卷材,,,千克,税委会公告2026年第5号
39219090,其他,3,,千克,税委会公告2026年第5号
39221000,浴缸、淋浴盘、洗涤槽及盥洗盆,,,千克,税委会公告2026年第5号
39222000,马桶座圈及盖,,,千克,税委会公告2026年第5号
39229000,其他,,,千克,税委会公告2026年第5号
39231000,"盒、箱（包括板条箱）及类似品税目3923.10或8486.90的，具有特定形状或装置,供运输或包装半导体晶圆、掩模或光罩的塑料盒、箱、板条箱及类似物品",,,千克,税委会公告2026年第5号
39232100,乙烯聚合物制,,,千克,税委会公告2026年第5号
39232900,其他塑料制,,,千克,税委会公告2026年第5号
39233000,坛、瓶及类似品,,,千克,税委会公告2026年第5号
39234000,卷轴、纡子、筒管及类似品,,,千克,税委会公告2026年第5号
39235000,塞子、盖子及类似品,,,千克,税委会公告2026年第5号
39239000,其他,,,千克,税委会公告2026年第5号
39241000,餐具及厨房用具,A,R,千克,税委会公告2026年第5号
39249000,其他,,,千克,税委会公告2026年第5号
39251000,囤、柜、罐、桶及类似容器，容积超过300升,,,千克,税委会公告2026年第5号
39252000,门、窗及其框架、门槛,,,千克,税委会公告2026年第5号
39253000,窗板、百叶窗（包括威尼斯式百叶窗）或类似制品及其零件,,,千克,税委会公告2026年第5号
39259000,其他,,,千克,税委会公告2026年第5号
39261000,办公室或学校用品,,,千克,税委会公告2026年第5号
39262011,聚氯乙烯制,,,千克/双,税委会公告2026年第5号
39262019,其他,,,千克/双,税委会公告2026年第5号
39262090,其他,,,千克,税委会公告2026年第5号
39263000,家具、车厢或类似品的附件,,,千克,税委会公告2026年第5号
39264000,小雕塑品及其他装饰品,,,千克,税委会公告2026年第5号
39269010,机器及仪器用零件,,,千克,税委会公告2026年第5号
39269090,其他,3,,千克,税委会公告2026年第5号
40011000,天然胶乳，不论是否预硫化,,,千克,刚果（布）协定税率
40012100,烟胶片,,,千克,刚果（布）协定税率
40012200,技术分类天然橡胶（TSNR）,,,千克,刚果（布）协定税率
40012900,其他,,,千克,刚果（布）协定税率
40013000,巴拉塔胶、古塔波胶、银胶菊胶、糖胶树胶及类似的天然树胶,,,千克,刚果（布）协定税率
40021110,羧基丁苯橡胶,,,千克,税委会公告2026年第5号
40021190,其他,,,千克,税委会公告2026年第5号
40021911,未经任何加工的丁苯橡胶（溶聚的除外）,,,千克,税委会公告2026年第5号
40021912,充油丁苯橡胶（溶聚的除外）,,,千克,税委会公告2026年第5号
40021913,热塑丁苯橡胶,,,千克,税委会公告2026年第5号
40021914,充油热塑丁苯橡胶,,,千克,税委会公告2026年第5号
40021915,未经任何加工的溶聚丁苯橡胶,,,千克,税委会公告2026年第5号
40021916,充油溶聚丁苯橡胶,,,千克,税委会公告2026年第5号
40021919,其他,,,千克,税委会公告2026年第5号
40021990,其他,,,千克,税委会公告2026年第5号
40022010,初级形状的,,,千克,税委会公告2026年第5号
40022090,其他,,,千克,税委会公告2026年第5号
40023110,初级形状的,,,千克,税委会公告2026年第5号
40023190,其他,,,千克,税委会公告2026年第5号
40023910,初级形状的,,,千克,税委会公告2026年第5号
40023990,其他,,,千克,税委会公告2026年第5号
40024100,胶乳,,,千克,税委会公告2026年第5号
40024910,初级形状的,7,,千克,税委会公告2026年第5号
40024990,其他,7,,千克,税委会公告2026年第5号
40025100,胶乳,,,千克,税委会公告2026年第5号
40025910,初级形状的,,,千克,税委会公告2026年第5号
40025990,其他,,,千克,税委会公告2026年第5号
40026010,初级形状的,,,千克,税委会公告2026年第5号
40026090,其他,,,千克,税委会公告2026年第5号
40027010,初级形状的,,,千克,税委会公告2026年第5号
40027090,其他,,,千克,税委会公告2026年第5号
40028000,税目40.01所列产品与本税目所列产品的混合物,,,千克,刚果（布）协定税率
40029100,胶乳,,,千克,税委会公告2026年第5号
40029911,初级形状的,,,千克,税委会公告2026年第5号
40029919,其他,,,千克,税委会公告2026年第5号
40029990,其他,,,千克,税委会公告2026年第5号
40030000,再生橡胶，初级形状或板、片、带,,,千克,税委会公告2026年第5号
40040000,橡胶（硬质橡胶的除外）的废碎料、下脚料及其粉、粒,9,,千克,税委会公告2026年第5号
40051000,与碳黑或硅石混合,A,M,千克,刚果（布）协定税率
40052000,溶液；子目4005.10以外的分散体,A,M,千克,刚果（布）协定税率
40059100,板、片、带,A,M,千克,刚果（布）协定税率
40059900,其他,A,M,千克,刚果（布）协定税率
40061000,轮胎翻新用胎面补料胎条,,,千克,税委会公告2026年第5号
40069010,其他形状的未硫化橡胶,,,千克,税委会公告2026年第5号
40069020,未硫化橡胶制品,,,千克,税委会公告2026年第5号
40070000,硫化橡胶线及绳,,,千克,税委会公告2026年第5号
40081100,板、片、带,,,千克,税委会公告2026年第5号
40081900,其他,,,千克,税委会公告2026年第5号
40082100,板、片、带,,,千克,税委会公告2026年第5号
40082900,其他,,,千克,税委会公告2026年第5号
40091100,未装有附件,,,千克,税委会公告2026年第5号
40091200,装有附件,,,千克,税委会公告2026年第5号
40092100,未装有附件,,,千克,税委会公告2026年第5号
40092200,装有附件,,,千克,税委会公告2026年第5号
40093100,未装有附件,,,千克,税委会公告2026年第5号
40093200,装有附件,,,千克,税委会公告2026年第5号
40094100,未装有附件,,,千克,税委会公告2026年第5号
40094200,装有附件,,,千克,税委会公告2026年第5号
40101100,仅用金属加强的,,,千克,税委会公告2026年第5号
40101200,仅用纺织材料加强的,,,千克,税委会公告2026年第5号
40101900,其他,,,千克,税委会公告2026年第5号
40103100,梯形截面的环形传动带（三角带），V形肋状的，外周长超过60厘米，但不超过180厘米,,,千克,税委会公告2026年第5号
40103200,梯形截面的环形传动带（三角带），外周长超过60厘米，但不超过180厘米，V形肋状的除外,,,千克,税委会公告2026年第5号
40103300,梯形截面的环形传动带（三角带），V形肋状的，外周长超过180厘米，但不超过240厘米,,,千克,税委会公告2026年第5号
40103400,梯形截面的环形传动带（三角带），外周长超过180厘米，但不超过240厘米，V形肋状的除外,,,千克,税委会公告2026年第5号
40103500,环形同步带，外周长超过60厘米，但不超过150厘米,,,千克,税委会公告2026年第5号
40103600,环形同步带，外周长超过150厘米，但不超过198厘米,,,千克,税委会公告2026年第5号
40103900,其他,,,千克,税委会公告2026年第5号
40111000,机动小客车（包括旅行小客车及赛车）用,A,LM,千克/条,税委会公告2026年第5号
40112000,客运机动车辆或货运机动车辆用,A,M,千克/条,税委会公告2026年第5号
40113000,航空器用,,,千克/条,税委会公告2026年第5号
40114000,摩托车用,A,LM,千克/条,税委会公告2026年第5号
40115000,自行车用,,,千克/条,税委会公告2026年第5号
40117010,人字形胎面或类似胎面,A,M,千克/条,税委会公告2026年第5号
40117090,其他,,,千克/条,税委会公告2026年第5号
40118011,辋圈尺寸不超过61厘米,A,M,千克/条,税委会公告2026年第5号
40118012,辋圈尺寸超过61厘米,A,M,千克/条,税委会公告2026年第5号
40118091,辋圈尺寸不超过61厘米,,,千克/条,税委会公告2026年第5号
40118092,辋圈尺寸超过61厘米,,,千克/条,税委会公告2026年第5号
40119010,人字形胎面或类似胎面的,A,M,千克/条,税委会公告2026年第5号
40119090,其他,,,千克/条,税委会公告2026年第5号
40121100,机动小客车（包括旅行小客车及赛车）用,A,M,千克/条,税委会公告2026年第5号
40121200,机动大客车或货运机动车辆用,A,M,千克/条,税委会公告2026年第5号
40121300,航空器用,,,千克/条,税委会公告2026年第5号
40121900,其他,,,千克/条,税委会公告2026年第5号
40122010,汽车用,A,M,千克/条,税委会公告2026年第5号
40122090,其他,,,千克/条,税委会公告2026年第5号
40129010,航空器用,,,千克,税委会公告2026年第5号
40129020,汽车用,A,M,千克,税委会公告2026年第5号
40129090,其他,,,千克,税委会公告2026年第5号
40131000,机动小客车（包括旅行小客车及赛车）、客运机动车辆或货运机动车辆用,A,M,千克/条,税委会公告2026年第5号
40132000,自行车用,,,千克/条,税委会公告2026年第5号
40139010,航空器用,,,千克/条,税委会公告2026年第5号
40139090,其他,,,千克/条,税委会公告2026年第5号
40141000,避孕套,,,千克,税委会公告2026年第5号
40149000,其他,A,M,千克,税委会公告2026年第5号
40151200,医疗、外科、牙科或兽医用,,,千克/双,税委会公告2026年第5号
40151900,其他,,,千克/双,税委会公告2026年第5号
40159010,医疗、外科、牙科或兽医用,,,千克,税委会公告2026年第5号
40159090,其他,,,千克,税委会公告2026年第5号
40161010,机器及仪器用零件,,,千克,税委会公告2026年第5号
40161090,其他,,,千克,税委会公告2026年第5号
40169100,铺地制品及门垫,,,千克,税委会公告2026年第5号
40169200,橡皮擦,,,千克,税委会公告2026年第5号
40169310,机器及仪器用,,,千克,税委会公告2026年第5号
40169390,其他,,,千克,税委会公告2026年第5号
40169400,船舶或码头的碰垫，不论是否可充气,,,千克,税委会公告2026年第5号
40169500,其他可充气制品轨道机车用气囊升弓装置,,,千克,税委会公告2026年第5号
40169910,机器及仪器用零件奶衬,,,千克,税委会公告2026年第5号
40169990,其他,,,千克,税委会公告2026年第5号
40170010,各种形状的硬质橡胶，包括废碎料,9,,千克,税委会公告2026年第5号
40170020,硬质橡胶制品,,,千克,税委会公告2026年第5号
41012011,经退鞣处理的,ABFE,PQ,千克/张,税委会公告2026年第5号
41012019,其他,ABFE,PQ,千克/张,税委会公告2026年第5号
41012020,马科动物皮生驴皮,ABFE,PQ,千克/张,税委会公告2026年第5号
41015011,经退鞣处理的,ABFE,PQ,千克/张,税委会公告2026年第5号
41015019,其他,ABFE,PQ,千克/张,税委会公告2026年第5号
41015020,马科动物皮,ABFE,PQ,千克/张,税委会公告2026年第5号
41019011,经退鞣处理的,FEAB,PQ,千克,税委会公告2026年第5号
41019019,其他,FEAB,PQ,千克,税委会公告2026年第5号
41019020,马科动物皮,FEAB,PQ,千克,税委会公告2026年第5号
41021000,带毛,AB,PQ,千克/张,税委会公告2026年第5号
41022110,经退鞣处理的,AB,PQ,千克/张,税委会公告2026年第5号
41022190,其他,AB,PQ,千克/张,税委会公告2026年第5号
41022910,经退鞣处理的,AB,PQ,千克/张,税委会公告2026年第5号
41022990,其他,AB,PQ,千克/张,税委会公告2026年第5号
41032000,爬行动物皮,FEAB,PQ,千克/张,税委会公告2026年第5号
41033000,猪皮,ABFE,PQ,千克/张,税委会公告2026年第5号
41039011,经退鞣处理的,AB,PQ,千克/张,税委会公告2026年第5号
41039019,其他,AB,PQ,千克/张,税委会公告2026年第5号
41039021,经退鞣处理的,AB,PQ,千克/张,税委会公告2026年第5号
41039029,其他,AB,PQ,千克/张,税委会公告2026年第5号
41039090,其他,ABEF,PQ,千克/张,税委会公告2026年第5号
41041111,蓝湿的,ABFE,PQ,千克,税委会公告2026年第5号
41041119,其他,EF,,千克,税委会公告2026年第5号
41041120,马科动物皮,EF,,千克,税委会公告2026年第5号
41041911,蓝湿的,ABFE,PQ,千克,税委会公告2026年第5号
41041919,其他,EF,,千克,税委会公告2026年第5号
41041920,马科动物皮,EF,,千克,税委会公告2026年第5号
41044100,全粒面未剖层革；粒面剖层革,EF,,千克,税委会公告2026年第5号
41044910,机器带用牛、马皮革,FE,,千克,税委会公告2026年第5号
41044990,其他,EF,,千克,税委会公告2026年第5号
41051010,蓝湿的,AB,PQ,千克,税委会公告2026年第5号
41051090,其他,,,千克,税委会公告2026年第5号
41053000,干革（坯革）,,,千克,税委会公告2026年第5号
41062100,湿革（包括蓝湿皮）蓝湿山羊皮,,,千克,税委会公告2026年第5号
41062200,干革（坯革）,,,千克,税委会公告2026年第5号
41063110,蓝湿的,FEAB,PQ,千克,税委会公告2026年第5号
41063190,其他,EF,,千克,税委会公告2026年第5号
41063200,干革（坯革）,EF,,千克,税委会公告2026年第5号
41064000,爬行动物的,FE,,千克,税委会公告2026年第5号
41069100,湿革（包括蓝湿皮）,FE,,千克,税委会公告2026年第5号
41069200,干革（坯革）,FE,,千克,税委会公告2026年第5号
41071110,牛皮,FE,,千克/张,税委会公告2026年第5号
41071120,马科动物皮,FE,,千克/张,税委会公告2026年第5号
41071210,牛皮,FE,,千克/张,税委会公告2026年第5号
41071220,马科动物皮,FE,,千克/张,税委会公告2026年第5号
41071910,机器带用,FE,,千克/张,税委会公告2026年第5号
41071990,其他,EF,,千克/张,税委会公告2026年第5号
41079100,全粒面未剖层革,EF,,千克,税委会公告2026年第5号
41079200,粒面剖层革,FE,,千克,税委会公告2026年第5号
41079910,机器带用,FE,,千克,税委会公告2026年第5号
41079990,其他,EF,,千克,税委会公告2026年第5号
41120000,经鞣制或半硝处理后进一步加工的不带毛的绵羊或羔羊皮革，包括羊皮纸化处理的，不论是否剖层，但税目41.14的皮革除外,,,千克,税委会公告2026年第5号
41131000,山羊或小山羊皮的,,,千克,税委会公告2026年第5号
41132000,猪皮的,EF,,千克,税委会公告2026年第5号
41133000,爬行动物皮的,FE,,千克,税委会公告2026年第5号
41139000,其他,FE,,千克,税委会公告2026年第5号
41141000,油鞣皮革（包括结合鞣制的油鞣皮革）,FE,,千克,税委会公告2026年第5号
41142000,漆皮及层压漆皮；镀金属皮革,,,千克,税委会公告2026年第5号
41151000,以皮革或皮革纤维为基本成分的再生皮革，成块、成张或成条，不论是否成卷,,,千克,税委会公告2026年第5号
41152000,皮革或再生皮革的边角废料，不适宜作皮革制品用；皮革粉末,9,,千克,税委会公告2026年第5号
42010000,各种材料制成的鞍具及挽具（包括缰绳、挽绳、护膝垫、口套、鞍褥、马褡裢、狗外套及类似品），适合各种动物用,FE,,千克,税委会公告2026年第5号
42021110,衣箱,FE,,千克/个,税委会公告2026年第5号
42021190,其他,FE,,千克/个,税委会公告2026年第5号
42021210,衣箱,,,千克/个,税委会公告2026年第5号
42021290,其他,,,千克/个,税委会公告2026年第5号
42021900,其他,,,千克/个,税委会公告2026年第5号
42022100,以皮革或再生皮革作面,FE,,千克/个,税委会公告2026年第5号
42022200,以塑料片或纺织材料作面,,,千克/个,税委会公告2026年第5号
42022900,其他,,,千克/个,税委会公告2026年第5号
42023100,以皮革或再生皮革作面,FE,,千克/个,税委会公告2026年第5号
42023200,以塑料片或纺织材料作面,,,千克/个,税委会公告2026年第5号
42023900,其他,,,千克/个,税委会公告2026年第5号
42029100,以皮革或再生皮革作面,FE,,千克/个,税委会公告2026年第5号
42029200,以塑料片或纺织材料作面,,,千克/个,税委会公告2026年第5号
42029900,其他,,,千克/个,税委会公告2026年第5号
42031000,衣服,EF,,千克/件,税委会公告2026年第5号
42032100,专供运动用,FE,,千克/双,税委会公告2026年第5号
42032910,劳保手套,FE,,千克/双,税委会公告2026年第5号
42032990,其他,FE,,千克/双,税委会公告2026年第5号
42033010,腰带,FE,,千克,税委会公告2026年第5号
42033020,子弹带,FE,,千克,税委会公告2026年第5号
42034000,其他衣着附件,FE,,千克,税委会公告2026年第5号
42050010,座套,FE,,千克,税委会公告2026年第5号
42050020,机器、机械器具或其他专门技术用途的,FE,,千克,税委会公告2026年第5号
42050090,其他,FE,,千克,税委会公告2026年第5号
42060000,肠线（蚕胶丝除外）、肠膜、膀胱或筋腱制品,,,千克,税委会公告2026年第5号
43011000,整张水貂皮，不论是否带头、尾或爪,AB,PQ,千克,税委会公告2026年第5号
43013000,下列羔羊的整张毛皮，不论是否带头、尾或爪：阿斯特拉罕羔羊、大尾羔羊、卡拉库尔羔羊、波斯羔羊及类似羔羊，印度、中国或蒙古羔羊,AB,PQ,千克,税委会公告2026年第5号
43016000,整张狐皮，不论是否带头、尾或爪,AFEB,PQ,千克/张,税委会公告2026年第5号
43018010,整张兔皮，不论是否带头、尾或爪,AFEB,PQ,千克/张,税委会公告2026年第5号
43018090,其他,ABEF,PQ,千克/张,税委会公告2026年第5号
43019010,黄鼠狼尾,ABEF,PQ,千克,税委会公告2026年第5号
43019090,其他,ABFE,PQ,千克,税委会公告2026年第5号
43021100,水貂皮,,,千克/张,税委会公告2026年第5号
43021910,灰鼠皮、白鼬皮、其他貂皮、狐皮、水獭皮、旱獭皮及猞猁皮,EF,,千克/张,税委会公告2026年第5号
43021920,兔皮,FE,,千克/张,税委会公告2026年第5号
43021930,下列羔羊皮：阿斯特拉罕羔羊、大尾羔羊、卡拉库尔羔羊、波斯羔羊及类似羔羊，印度、中国或蒙古羔羊,,,千克/张,税委会公告2026年第5号
43021990,其他,EF,,千克/张,税委会公告2026年第5号
43022000,未缝制的头、尾、爪及其他块、片,EF,,千克,税委会公告2026年第5号
43023010,灰鼠、白鼬、貂、狐、水獭、旱獭及猞猁的整张毛皮及其块、片,EF,,千克,税委会公告2026年第5号
43023090,其他,EF,,千克,税委会公告2026年第5号
43031010,毛皮衣服,EF,,千克/件,税委会公告2026年第5号
43031020,毛皮衣着附件,EF,,千克,税委会公告2026年第5号
43039000,其他,EF,,千克,税委会公告2026年第5号
43040010,人造毛皮,,,千克,税委会公告2026年第5号
43040020,人造毛皮制品,,,千克,税委会公告2026年第5号
44011100,针叶木,ABEF,PQ,千克,税委会公告2026年第5号
44011200,非针叶木,ABEF,PQ,千克,税委会公告2026年第5号
44012100,针叶木,ABFE,PQ,千克,税委会公告2026年第5号
44012200,非针叶木,ABFE,PQ,千克,税委会公告2026年第5号
44013100,木屑棒,9AB,PQ,千克,税委会公告2026年第5号
44013200,木屑块,9AB,PQ,千克,税委会公告2026年第5号
44013900,其他,9AB,PQ,千克,税委会公告2026年第5号
44014100,锯末,9AB,MPQ,千克,税委会公告2026年第5号
44014900,其他,9AB,MPQ,千克,税委会公告2026年第5号
44021000,竹的,,,千克,税委会公告2026年第5号
44022000,果壳的或果核的,,,千克,税委会公告2026年第5号
44029000,其他,8,,千克,税委会公告2026年第5号
44031100,针叶木,8AEF,P,千克/立方米,税委会公告2026年第5号
44031200,非针叶木,8AEF,PQ,千克/立方米,税委会公告2026年第5号
44032110,红松和樟子松,8AEF,PQ,千克/立方米,税委会公告2026年第5号
44032120,辐射松,8A,PQ,千克/立方米,税委会公告2026年第5号
44032190,其他,8AEF,MPQ,千克/立方米,税委会公告2026年第5号
44032210,红松和樟子松,8AEF,PQ,千克/立方米,税委会公告2026年第5号
44032220,辐射松,8A,PQ,千克/立方米,税委会公告2026年第5号
44032290,其他,8AEF,MPQ,千克/立方米,税委会公告2026年第5号
44032300,冷杉和云杉，最小截面尺寸在15厘米及以上,8AEF,PQ,千克/立方米,税委会公告2026年第5号
44032400,其他冷杉和云杉,8AEF,PQ,千克/立方米,税委会公告2026年第5号
44032510,落叶松,8A,PQ,千克/立方米,税委会公告2026年第5号
44032520,花旗松,8A,PQ,千克/立方米,税委会公告2026年第5号
44032590,其他,8AEF,PQ,千克/立方米,税委会公告2026年第5号
44032610,落叶松,8A,PQ,千克/立方米,税委会公告2026年第5号
44032620,花旗松,8A,MP,千克/立方米,税委会公告2026年第5号
44032690,其他,8AEF,MP,千克/立方米,税委会公告2026年第5号
44034100,深红色红柳桉木、浅红色红柳桉木及巴栲红柳桉木,8A,PQ,千克/立方米,税委会公告2026年第5号
44034200,柚木,8A,PQ,千克/立方米,税委会公告2026年第5号
44034920,奥克曼（奥克榄）,8A,PQ,千克/立方米,税委会公告2026年第5号
44034930,龙脑香木（克隆）,8A,PQ,千克/立方米,税委会公告2026年第5号
44034940,山樟（香木）,8A,PQ,千克/立方米,税委会公告2026年第5号
44034950,印加木（波罗格）,8A,PQ,千克/立方米,税委会公告2026年第5号
44034960,大干巴豆（门格里斯或康派斯）,8A,PQ,千克/立方米,税委会公告2026年第5号
44034970,异翅香木,8A,PQ,千克/立方米,税委会公告2026年第5号
44034980,红木,8AEF,PQ,千克/立方米,税委会公告2026年第5号
44034990,其他,8AEF,PQ,千克/立方米,税委会公告2026年第5号
44039100,栎木（橡木）,8AEF,PQ,千克/立方米,税委会公告2026年第5号
44039300,水青冈木（山毛榉木），最小截面尺寸在15厘米及以上,8AE,P,千克/立方米,税委会公告2026年第5号
44039400,其他水青冈木（山毛榉木）,8A,PQ,千克/立方米,税委会公告2026年第5号
44039500,桦木，最小截面尺寸在15厘米及以上,8A,P,千克/立方米,税委会公告2026年第5号
44039600,其他桦木,8A,P,千克/立方米,税委会公告2026年第5号
44039700,杨木,8A,PQ,千克/立方米,税委会公告2026年第5号
44039800,桉木,8A,PQ,千克/立方米,税委会公告2026年第5号
44039930,红木，但税号4403.4980所列热带红木除外,8AEF,PQ,千克/立方米,税委会公告2026年第5号
44039940,泡桐木,8A,PQ,千克/立方米,税委会公告2026年第5号
44039950,水曲柳,8AEF,PQ,千克/立方米,税委会公告2026年第5号
44039960,北美硬阔叶木,8A,PQ,千克/立方米,税委会公告2026年第5号
44039980,其他未列名的温带非针叶木,8AEF,PQ,千克/立方米,税委会公告2026年第5号
44039990,其他,8A,PQ,千克/立方米,税委会公告2026年第5号
44041000,针叶木的,ABFE,PQ,千克,税委会公告2026年第5号
44042000,非针叶木的,ABFE,PQ,千克,税委会公告2026年第5号
44050000,木丝；木粉,AB,PQ,千克,税委会公告2026年第5号
44061100,针叶木,4ABxy,PQ,千克/立方米,税委会公告2026年第5号
44061200,非针叶木,4ABxy,PQ,千克/立方米,税委会公告2026年第5号
44069100,针叶木,FE,,千克/立方米,税委会公告2026年第5号
44069200,非针叶木,FE,,千克/立方米,税委会公告2026年第5号
44071110,红松和樟子松,AB,PQ,千克/立方米,税委会公告2026年第5号
44071120,辐射松,AB,PQ,千克/立方米,税委会公告2026年第5号
44071200,冷杉及云杉,AB,PQ,千克/立方米,税委会公告2026年第5号
44071300,云杉-松木-冷杉,AB,PQ,千克/立方米,税委会公告2026年第5号
44071400,铁杉-冷杉,AB,PQ,千克/立方米,税委会公告2026年第5号
44071910,花旗松,AB,PQ,千克/立方米,税委会公告2026年第5号
44071990,其他,AB,PQ,千克/立方米,税委会公告2026年第5号
44072100,美洲桃花心木,AB,PQ,千克/立方米,税委会公告2026年第5号
44072200,苏里南肉豆蔻木、细孔绿心樟及美洲轻木,AB,PQ,千克/立方米,税委会公告2026年第5号
44072300,柚木,AB,PQ,千克/立方米,税委会公告2026年第5号
44072500,深红色红柳桉木、浅红色红柳桉木及巴栲红柳桉木,AB,PQ,千克/立方米,税委会公告2026年第5号
44072600,白柳桉木、白色红柳桉木、白色柳桉木、黄色红柳桉木及阿兰木,AB,PQ,千克/立方米,税委会公告2026年第5号
44072700,沙比利,AB,PQ,千克/立方米,税委会公告2026年第5号
44072800,伊罗科木,AB,PQ,千克/立方米,税委会公告2026年第5号
44072920,非洲桃花心木,AB,PQ,千克/立方米,税委会公告2026年第5号
44072930,波罗格,AB,PQ,千克/立方米,税委会公告2026年第5号
44072940,红木,AB,PQ,千克/立方米,税委会公告2026年第5号
44072990,其他,AB,PQ,千克/立方米,税委会公告2026年第5号
44079100,栎木（橡木）,AB,PQ,千克/立方米,税委会公告2026年第5号
44079200,水青冈木（山毛榉木）,AB,PQ,千克/立方米,税委会公告2026年第5号
44079300,槭木（枫木）,AB,PQ,千克/立方米,税委会公告2026年第5号
44079400,樱桃木,AB,PQ,千克/立方米,税委会公告2026年第5号
44079500,白蜡木,AB,PQ,千克/立方米,税委会公告2026年第5号
44079600,桦木,AB,PQ,千克/立方米,税委会公告2026年第5号
44079700,杨木,AB,PQ,千克/立方米,税委会公告2026年第5号
44079910,红木，但税号4407.2940所列热带红木除外,AB,PQ,千克/立方米,税委会公告2026年第5号
44079920,泡桐木,AB,PQ,千克/立方米,税委会公告2026年第5号
44079930,北美硬阔叶木,AB,PQ,千克/立方米,税委会公告2026年第5号
44079980,其他未列名的温带非针叶木,AB,PQ,千克/立方米,税委会公告2026年第5号
44079990,其他,AB,PQ,千克/立方米,税委会公告2026年第5号
44081011,用胶合板等多层板制的,ABFE,MPQ,千克,税委会公告2026年第5号
44081019,其他,ABFE,MPQ,千克,税委会公告2026年第5号
44081020,制胶合板用单板,ABFE,MPQ,千克,税委会公告2026年第5号
44081090,其他,ABFE,PQ,千克,税委会公告2026年第5号
44083111,用胶合板等多层板制的,AB,MPQ,千克,税委会公告2026年第5号
44083119,其他,AB,PQ,千克,税委会公告2026年第5号
44083120,制胶合板用单板,AB,MPQ,千克,税委会公告2026年第5号
44083190,其他,AB,PQ,千克,税委会公告2026年第5号
44083911,用胶合板等多层板制的,ABFE,MPQ,千克,税委会公告2026年第5号
44083919,其他,ABFE,PQ,千克,税委会公告2026年第5号
44083920,制胶合板用单板,ABFE,MPQ,千克,税委会公告2026年第5号
44083990,其他,ABFE,PQ,千克,税委会公告2026年第5号
44089011,用胶合板等多层板制的,ABFE,MPQ,千克,税委会公告2026年第5号
44089012,温带非针叶木制,ABFE,PQ,千克,税委会公告2026年第5号
44089013,竹制,ABE,PQ,千克,税委会公告2026年第5号
44089019,其他,AB,MPQ,千克,税委会公告2026年第5号
44089021,温带非针叶木制,ABFE,MPQ,千克,税委会公告2026年第5号
44089029,其他,ABFE,MPQ,千克,税委会公告2026年第5号
44089091,温带非针叶木制,ABFE,PQ,千克,税委会公告2026年第5号
44089099,其他,ABFE,PQ,千克,税委会公告2026年第5号
44091010,地板条（块）,ABFE,PQ,千克,税委会公告2026年第5号
44091090,其他,ABFE,PQ,千克,税委会公告2026年第5号
44092110,地板条（块）,ABE,PQ,千克,税委会公告2026年第5号
44092190,其他,ABE,PQ,千克,税委会公告2026年第5号
44092210,地板条（块）,AB,PQ,千克,税委会公告2026年第5号
44092290,其他,AB,PQ,千克,税委会公告2026年第5号
44092910,地板条（块）,AB,PQ,千克,税委会公告2026年第5号
44092990,其他,AB,PQ,千克,税委会公告2026年第5号
44101100,碎料板,AB,PQ,千克,税委会公告2026年第5号
44101200,定向刨花板,AB,PQ,千克,税委会公告2026年第5号
44101900,其他,AB,PQ,千克,税委会公告2026年第5号
44109011,麦稻秸秆制,AB,PQ,千克,税委会公告2026年第5号
44109019,其他,AB,PQ,千克,税委会公告2026年第5号
44109090,其他,AB,PQ,千克,税委会公告2026年第5号
44111211,未经机械加工或盖面的,AB,PQ,千克,税委会公告2026年第5号
44111219,其他,AB,PQ,千克,税委会公告2026年第5号
44111221,辐射松制的,AB,PQ,千克,税委会公告2026年第5号
44111229,其他,AB,PQ,千克,税委会公告2026年第5号
44111291,未经机械加工或盖面的,AB,PQ,千克,税委会公告2026年第5号
44111299,其他,AB,PQ,千克,税委会公告2026年第5号
44111311,未经机械加工或盖面的,AB,PQ,千克,税委会公告2026年第5号
44111319,其他,AB,MPQ,千克,税委会公告2026年第5号
44111321,辐射松制的,AB,PQ,千克,税委会公告2026年第5号
44111329,其他,AB,PQ,千克,税委会公告2026年第5号
44111391,未经机械加工或盖面的,AB,PQ,千克,税委会公告2026年第5号
44111399,其他,AB,PQ,千克,税委会公告2026年第5号
44111411,未经机械加工或盖面的,AB,PQ,千克,税委会公告2026年第5号
44111419,其他,AB,MPQ,千克,税委会公告2026年第5号
44111421,辐射松制的,AB,PQ,千克,税委会公告2026年第5号
44111429,其他,AB,PQ,千克,税委会公告2026年第5号
44111491,未经机械加工或盖面的,AB,PQ,千克,税委会公告2026年第5号
44111499,其他,AB,PQ,千克,税委会公告2026年第5号
44119210,未经机械加工或盖面的,AB,PQ,千克,税委会公告2026年第5号
44119290,其他,AB,MPQ,千克,税委会公告2026年第5号
44119310,辐射松制的,AB,PQ,千克,税委会公告2026年第5号
44119390,其他,AB,PQ,千克,税委会公告2026年第5号
44119410,密度超过每立方厘米0.35克，但未超过每立方厘米0.5克,AB,PQ,千克,税委会公告2026年第5号
44119421,未经机械加工或盖面的,AB,PQ,千克,税委会公告2026年第5号
44119429,其他,AB,PQ,千克,税委会公告2026年第5号
44121011,至少有一表层是热带木,ABFE,MPQ,千克/立方米,税委会公告2026年第5号
44121019,其他,AB,MPQ,千克/立方米,税委会公告2026年第5号
44121020,其他，至少有一表层是非针叶木,ABEF,MPQ,千克/立方米,税委会公告2026年第5号
44121093,中间至少有一层是本章本国子目注释三所列的热带木,ABEF,MPQ,千克/立方米,税委会公告2026年第5号
44121094,其他，中间至少有一层是其他热带木,ABEF,MPQ,千克/立方米,税委会公告2026年第5号
44121095,其他，中间至少含有一层木碎料板,ABEF,MPQ,千克/立方米,税委会公告2026年第5号
44121099,其他,ABE,MPQ,千克/立方米,税委会公告2026年第5号
44123100,至少有一表层是热带木,ABFE,MPQ,千克/立方米,税委会公告2026年第5号
44123300,其他，至少有一表层是下列非针叶木：桤木、白蜡木、水青冈木（山毛榉木）、桦木、樱桃木、栗木、榆木、桉木、山核桃、七叶树、椴木、槭木、栎木（橡木）、悬铃木、杨木、刺槐木、鹅掌楸或核桃木,ABFE,MPQ,千克/立方米,税委会公告2026年第5号
44123410,其他，至少有一表层是温带非针叶木（税号4412.3300的非针叶木除外）,ABEF,MPQ,千克/立方米,税委会公告2026年第5号
44123490,其他,ABEF,MPQ,千克/立方米,税委会公告2026年第5号
44123900,其他，上下表层均为针叶木,ABFE,MPQ,千克/立方米,税委会公告2026年第5号
44124100,至少有一表层是热带木,ABFE,MPQ,千克/立方米,税委会公告2026年第5号
44124200,其他，至少有一表层是非针叶木,ABFE,MPQ,千克/立方米,税委会公告2026年第5号
44124911,中间至少有一层是本章本国子目注释三所列的热带木,ABFE,MPQ,千克/立方米,税委会公告2026年第5号
44124919,其他，中间至少有一层是其他热带木,ABFE,MPQ,千克/立方米,税委会公告2026年第5号
44124920,其他，中间至少含有一层木碎料板,ABFE,MPQ,千克/立方米,税委会公告2026年第5号
44124990,其他,ABFE,MPQ,千克/立方米,税委会公告2026年第5号
44125100,至少有一表层是热带木,ABFE,MPQ,千克/立方米,税委会公告2026年第5号
44125200,其他，至少有一表层是非针叶木,ABFE,MPQ,千克/立方米,税委会公告2026年第5号
44125911,中间至少有一层是本章本国子目注释三所列的热带木,ABFE,MPQ,千克/立方米,税委会公告2026年第5号
44125919,其他，中间至少有一层是其他热带木,ABFE,MPQ,千克/立方米,税委会公告2026年第5号
44125920,其他，中间至少含有一层木碎料板,ABFE,MPQ,千克/立方米,税委会公告2026年第5号
44125990,其他,ABEF,MPQ,千克/立方米,税委会公告2026年第5号
44129100,至少有一表层是热带木,ABFE,MPQ,千克/立方米,税委会公告2026年第5号
44129200,其他，至少有一表层是非针叶木,ABFE,MPQ,千克/立方米,税委会公告2026年第5号
44129920,中间至少有一层是本章本国子目注释三所列的热带木,ABFE,MPQ,千克/立方米,税委会公告2026年第5号
44129930,其他，中间至少有一层是其他热带木,ABFE,MPQ,千克/立方米,税委会公告2026年第5号
44129940,其他，中间至少含有一层木碎料板,ABFE,MPQ,千克/立方米,税委会公告2026年第5号
44129990,其他,ABEF,MPQ,千克/立方米,税委会公告2026年第5号
44130000,强化木，成块、板、条或异型的,AB,MPQ,千克,税委会公告2026年第5号
44141000,热带木的,ABFE,PQ,千克,税委会公告2026年第5号
44149010,辐射松制的,AB,PQ,千克,税委会公告2026年第5号
44149090,其他,ABFE,PQ,千克,税委会公告2026年第5号
44151000,箱、盒、板条箱、圆桶及类似的包装容器；电缆卷筒,ABFE,PQ,千克/件,税委会公告2026年第5号
44152010,辐射松制的,AB,PQ,千克/件,税委会公告2026年第5号
44152090,其他,ABFE,PQ,千克/件,税委会公告2026年第5号
44160010,辐射松制的,AB,PQ,千克,税委会公告2026年第5号
44160090,其他橡木制大桶、琵琶桶、盆和其他木制箍桶及其零件，包括桶板,ABFE,PQ,千克,税委会公告2026年第5号
44170010,辐射松制的,AB,PQ,千克,税委会公告2026年第5号
44170090,其他,ABFE,PQ,千克,税委会公告2026年第5号
44181100,热带木的,ABFE,PQ,千克,税委会公告2026年第5号
44181910,辐射松制的,AB,PQ,千克,税委会公告2026年第5号
44181990,其他,ABFE,PQ,千克,税委会公告2026年第5号
44182100,热带木的,ABFE,PQ,千克,税委会公告2026年第5号
44182900,其他,ABFE,PQ,千克,税委会公告2026年第5号
44183000,柱及梁，子目4418.81至4418.89的货品除外,ABEF,PQ,千克,税委会公告2026年第5号
44184000,水泥构件的模板,AB,PQ,千克,税委会公告2026年第5号
44185000,木瓦及盖屋板,AB,PQ,千克,税委会公告2026年第5号
44187310,马赛克地板用,AB,PQ,千克,税委会公告2026年第5号
44187320,其他，竹制多层的,AB,PQ,千克,税委会公告2026年第5号
44187390,其他,AB,PQ,千克,税委会公告2026年第5号
44187400,其他，马赛克地板用,ABFE,PQ,千克,税委会公告2026年第5号
44187500,其他，多层的,ABFE,PQ,千克,税委会公告2026年第5号
44187900,其他,ABFE,PQ,千克,税委会公告2026年第5号
44188100,集成材,ABE,PQ,千克,税委会公告2026年第5号
44188200,正交胶合木,ABE,PQ,千克,税委会公告2026年第5号
44188300,工字梁,ABE,PQ,千克,税委会公告2026年第5号
44188900,其他,ABE,PQ,千克,税委会公告2026年第5号
44189100,竹的,ABE,PQ,千克,税委会公告2026年第5号
44189200,蜂窝结构木镶板,ABEF,PQ,千克,税委会公告2026年第5号
44189900,其他,ABEF,PQ,千克,税委会公告2026年第5号
44191100,切面包板、砧板及类似板,ABE,PRQ,千克,税委会公告2026年第5号
44191210,一次性筷子,AB,PRQ,千克,税委会公告2026年第5号
44191290,其他,ABE,PRQ,千克,税委会公告2026年第5号
44191900,其他,ABE,PRQ,千克,税委会公告2026年第5号
44192000,热带木的,ABEF,PRQ,千克,税委会公告2026年第5号
44199010,一次性筷子,AB,PQ,千克,税委会公告2026年第5号
44199090,其他,AB,PRQ,千克,税委会公告2026年第5号
44201110,木刻,ABEF,PQ,千克,税委会公告2026年第5号
44201120,木扇,ABEF,PQ,千克,税委会公告2026年第5号
44201190,其他,ABEF,PQ,千克,税委会公告2026年第5号
44201911,木刻,ABEF,PQ,千克,税委会公告2026年第5号
44201912,竹刻,ABE,PQ,千克,税委会公告2026年第5号
44201920,木扇,ABEF,PQ,千克,税委会公告2026年第5号
44201990,其他,ABEF,PQ,千克,税委会公告2026年第5号
44209010,镶嵌木,FEAB,PQ,千克,税委会公告2026年第5号
44209090,其他,FEAB,PQ,千克,税委会公告2026年第5号
44211000,衣架,ABFE,PQ,千克,税委会公告2026年第5号
44212000,棺材,ABEF,PQ,千克,税委会公告2026年第5号
44219110,圆签、圆棒、冰果棒、压舌片及类似一次性制品,AB,PQ,千克,税委会公告2026年第5号
44219190,其他,ABE,PQ,千克,税委会公告2026年第5号
44219910,木制圆签、圆棒、冰果棒、压舌片及类似一次性制品,FEAB,PQ,千克,税委会公告2026年第5号
44219990,其他,AB,PQ,千克,税委会公告2026年第5号
45011000,未加工或简单加工的天然软木,AB,PQ,千克,年初维护
45019010,软木废料,9AB,PQ,千克,税委会公告2026年第5号
45019020,碎的、粉粒状的或粉状的软木（软木碎、软木粒或软木粉）,AB,PQ,千克,税委会公告2026年第5号
45020000,天然软木，除去表皮或粗切成方形，或成长方块、正方块、板、片或条状（包括作塞子用的方块坯料）,AB,PQ,千克,税委会公告2026年第5号
45031000,塞子,AB,PQ,千克,税委会公告2026年第5号
45039000,其他,AB,PQ,千克,税委会公告2026年第5号
45041000,块、板、片及条；任何形状的砖、瓦；实心圆柱体，包括圆片,AB,PQ,千克,税委会公告2026年第5号
45049000,其他,AB,PQ,千克,税委会公告2026年第5号
46012100,竹制的,AB,PQ,千克/张,税委会公告2026年第5号
46012200,藤制的,AB,PQ,千克/张,税委会公告2026年第5号
46012911,灯心草属材料制的,AB,PQ,千克/张,税委会公告2026年第5号
46012919,其他,AB,PQ,千克/张,税委会公告2026年第5号
46012921,苇帘,AB,PQ,千克/张,税委会公告2026年第5号
46012929,其他,AB,PQ,千克/张,税委会公告2026年第5号
46012990,其他,AB,PQ,千克/张,税委会公告2026年第5号
46019210,缏条及类似产品，不论是否缝合成宽条,AB,PQ,千克,税委会公告2026年第5号
46019290,其他,AB,PQ,千克,税委会公告2026年第5号
46019310,缏条及类似产品，不论是否缝合成宽条,AB,PQ,千克,税委会公告2026年第5号
46019390,其他,AB,PQ,千克,税委会公告2026年第5号
46019411,缏条（绳）,AB,PQ,千克,税委会公告2026年第5号
46019419,其他,AB,PQ,千克,税委会公告2026年第5号
46019491,缏条及类似产品，不论是否缝合成宽条,AB,PQ,千克,税委会公告2026年第5号
46019499,其他,AB,PQ,千克,税委会公告2026年第5号
46019910,缏条及类似产品，不论是否缝合成宽条,,,千克,税委会公告2026年第5号
46019990,其他,,,千克,税委会公告2026年第5号
46021100,竹制的,AB,PQ,千克,税委会公告2026年第5号
46021200,藤制的,AB,PQ,千克,税委会公告2026年第5号
46021910,草制的,AB,PQ,千克,税委会公告2026年第5号
46021920,玉米皮制的,AB,PQ,千克,税委会公告2026年第5号
46021930,柳条制的,AB,PQ,千克,税委会公告2026年第5号
46021990,其他,AB,PQ,千克,税委会公告2026年第5号
46029000,其他,,,千克,税委会公告2026年第5号
47010000,机械木浆,,,千克,税委会公告2026年第5号
47020000,化学木浆，溶解级,,,千克,税委会公告2026年第5号
47031100,针叶木的,,,千克,税委会公告2026年第5号
47031900,非针叶木的,,,千克,税委会公告2026年第5号
47032100,针叶木的,,,千克,税委会公告2026年第5号
47032900,非针叶木的,,,千克,税委会公告2026年第5号
47041100,针叶木的,,,千克,税委会公告2026年第5号
47041900,非针叶木的,,,千克,税委会公告2026年第5号
47042100,针叶木的,,,千克,税委会公告2026年第5号
47042900,非针叶木的,,,千克,税委会公告2026年第5号
47050000,用机械与化学联合制浆法制得的木浆,,,千克,税委会公告2026年第5号
47061000,棉短绒纸浆,,,千克,税委会公告2026年第5号
47062000,从回收（废碎）纸或纸板提取的纤维浆,,,千克,税委会公告2026年第5号
47063000,其他，竹浆,,,千克,税委会公告2026年第5号
47069100,机械浆,,,千克,税委会公告2026年第5号
47069200,化学浆,,,千克,税委会公告2026年第5号
47069300,用机械和化学联合法制得的浆,,,千克,税委会公告2026年第5号
47071000,未漂白的牛皮纸或纸板及瓦楞纸或纸板,9AB,MPQ,千克,税委会公告2026年第5号
47072000,主要由漂白化学木浆制成未经本体染色的其他纸和纸板,9AB,MPQ,千克,税委会公告2026年第5号
47073000,主要由机械浆制成的纸或纸板（例如，报纸、杂志及类似印刷品）,9AB,MPQ,千克,税委会公告2026年第5号
47079000,其他，包括未分选的废碎品,9AB,MPQ,千克,税委会公告2026年第5号
48010010,成卷的,,,千克,税委会公告2026年第5号
48010090,其他,,,千克,税委会公告2026年第5号
48021010,宣纸,,,千克,税委会公告2026年第5号
48021090,其他,,,千克,税委会公告2026年第5号
48022010,照相原纸,,,千克,税委会公告2026年第5号
48022090,其他,,,千克,税委会公告2026年第5号
48024000,壁纸原纸,,,千克,税委会公告2026年第5号
48025400,每平方米重量小于40克,,,千克,税委会公告2026年第5号
48025500,每平方米重量在40克及以上，但不超过150克，成卷的,,,千克,税委会公告2026年第5号
48025600,每平方米重量在40克及以上，但不超过150克，成张的，以未折叠计一边不超过435毫米，另一边不超过297毫米,,,千克,税委会公告2026年第5号
48025700,其他，每平方米重量在40克及以上，但不超过150克,,,千克,税委会公告2026年第5号
48025800,每平方米重量超过150克,,,千克,税委会公告2026年第5号
48026100,成卷的,,,千克,税委会公告2026年第5号
48026200,成张的，以未折叠计一边不超过435毫米，另一边不超过297毫米,,,千克,税委会公告2026年第5号
48026900,其他,,,千克,税委会公告2026年第5号
48030000,卫生纸、面巾纸、餐巾纸以及家庭或卫生用的类似纸、纤维素絮纸和纤维素纤维网纸，不论是否起纹、压花、打孔、染面、饰面或印花，成卷或成张的,A,M,千克,税委会公告2026年第5号
48041100,未漂白,,,千克,税委会公告2026年第5号
48041900,其他,,,千克,税委会公告2026年第5号
48042100,未漂白,,,千克,税委会公告2026年第5号
48042900,其他,,,千克,税委会公告2026年第5号
48043100,未漂白,,,千克,税委会公告2026年第5号
48043900,其他,,,千克,税委会公告2026年第5号
48044100,未漂白,,,千克,税委会公告2026年第5号
48044200,本体均匀漂白，所含用化学方法制得的木纤维超过全部纤维重量的95％,,,千克,税委会公告2026年第5号
48044900,其他,,,千克,税委会公告2026年第5号
48045100,未漂白,,,千克,税委会公告2026年第5号
48045200,本体均匀漂白，所含用化学方法制得的木纤维超过全部纤维重量的95％,,,千克,税委会公告2026年第5号
48045900,其他,,,千克,税委会公告2026年第5号
48051100,半化学的瓦楞原纸,,,千克,税委会公告2026年第5号
48051200,草浆瓦楞原纸,,,千克,税委会公告2026年第5号
48051900,其他,,,千克,税委会公告2026年第5号
48052400,每平方米重量在150克及以下,,,千克,税委会公告2026年第5号
48052500,每平方米重量超过150克,,,千克,税委会公告2026年第5号
48053000,亚硫酸盐包装纸,,,千克,税委会公告2026年第5号
48054000,滤纸及纸板,,,千克,税委会公告2026年第5号
48055000,毡纸及纸板,,,千克,税委会公告2026年第5号
48059110,电解电容器原纸,,,千克,税委会公告2026年第5号
48059120,装饰原纸,,,千克,税委会公告2026年第5号
48059190,其他,,,千克,税委会公告2026年第5号
48059200,每平方米重量超过150克，但小于225克,,,千克,税委会公告2026年第5号
48059300,每平方米重量在225克及以上,,,千克,税委会公告2026年第5号
48061000,植物羊皮纸,,,千克,税委会公告2026年第5号
48062000,防油纸,,,千克,税委会公告2026年第5号
48063000,描图纸,,,千克,税委会公告2026年第5号
48064000,高光泽透明或半透明纸,,,千克,税委会公告2026年第5号
48070000,成卷或成张的复合纸及纸板（用粘合剂粘合各层纸或纸板制成），未经表面涂布或未浸渍，不论内层是否有加强材料,,,千克,税委会公告2026年第5号
48081000,瓦楞纸及纸板，不论是否穿孔,,,千克,税委会公告2026年第5号
48084000,皱纹牛皮纸，不论是否压花或穿孔,,,千克,税委会公告2026年第5号
48089000,其他,,,千克,税委会公告2026年第5号
48092000,自印复写纸,,,千克,税委会公告2026年第5号
48099000,其他,,,千克,税委会公告2026年第5号
48101300,成卷的,,,千克,税委会公告2026年第5号
48101400,成张的，一边不超过435毫米，另一边不超过297毫米（以未折叠计）,,,千克,税委会公告2026年第5号
48101900,其他,,,千克,税委会公告2026年第5号
48102200,轻质涂布纸,,,千克,税委会公告2026年第5号
48102900,其他,,,千克,税委会公告2026年第5号
48103100,本体均匀漂白，所含用化学方法制得的木纤维超过全部纤维重量的95％，每平方米重量不超过150克,,,千克,税委会公告2026年第5号
48103200,本体均匀漂白，所含用化学方法制得的木纤维超过全部纤维重量的95％，每平方米重量超过150克,,,千克,税委会公告2026年第5号
48103900,其他,,,千克,税委会公告2026年第5号
48109200,多层的,,,千克,税委会公告2026年第5号
48109900,其他,,,千克,税委会公告2026年第5号
48111000,焦油纸及纸板、沥青纸及纸板,,,千克,税委会公告2026年第5号
48114100,自粘的,,,千克,税委会公告2026年第5号
48114900,其他,,,千克,税委会公告2026年第5号
48115110,彩色相纸用双面涂塑纸,,,千克,税委会公告2026年第5号
48115191,纸塑铝复合材料,,,千克,税委会公告2026年第5号
48115199,其他,,,千克,税委会公告2026年第5号
48115910,绝缘纸及纸板,,,千克,税委会公告2026年第5号
48115991,镀铝的,,,千克,税委会公告2026年第5号
48115999,其他,,,千克,税委会公告2026年第5号
48116010,绝缘纸及纸板,,,千克,税委会公告2026年第5号
48116090,其他,,,千克,税委会公告2026年第5号
48119000,其他纸、纸板、纤维素絮纸及纤维素纤维网纸,,,千克,税委会公告2026年第5号
48120000,纸浆制的滤块、滤板及滤片,,,千克,税委会公告2026年第5号
48131000,成小本或管状,7,,千克,税委会公告2026年第5号
48132000,宽度不超过5厘米成卷的,7,,千克,税委会公告2026年第5号
48139000,其他,7,,千克,税委会公告2026年第5号
48142000,用塑料涂面或盖面的壁纸及类似品，起纹、压花、着色、印刷图案或经其他装饰,,,千克,税委会公告2026年第5号
48149000,其他,,,千克,税委会公告2026年第5号
48162000,自印复写纸,,,千克,税委会公告2026年第5号
48169010,热敏转印纸,,,千克,税委会公告2026年第5号
48169090,其他,,,千克,税委会公告2026年第5号
48171000,信封,,,千克,税委会公告2026年第5号
48172000,封缄信片、素色明信片及通信卡片,,,千克,税委会公告2026年第5号
48173000,纸或纸板制的盒子、袋子及夹子，内装各种纸制文具,,,千克,税委会公告2026年第5号
48181000,卫生纸,A,M,千克,税委会公告2026年第5号
48182000,纸手帕及纸面巾,A,M,千克,税委会公告2026年第5号
48183000,纸台布及纸餐巾,A,M,千克,税委会公告2026年第5号
48185000,衣服及衣着附件,,,千克,税委会公告2026年第5号
48189000,其他,A,M,千克,税委会公告2026年第5号
48191000,瓦楞纸或纸板制的箱、盒、匣,,,千克,税委会公告2026年第5号
48192000,非瓦楞纸或纸板制的可折叠箱、盒、匣,,,千克,税委会公告2026年第5号
48193000,底宽40厘米及以上的纸袋,,,千克,税委会公告2026年第5号
48194000,其他纸袋，包括锥形袋,,,千克,税委会公告2026年第5号
48195000,其他包装容器，包括唱片套,A,R,千克,税委会公告2026年第5号
48196000,办公室、商店及类似场所使用的卷宗盒、信件盘、存储盒及类似品,,,千克,税委会公告2026年第5号
48201000,登记本、账本、笔记本、订货本、收据本、信笺本、记事本、日记本及类似品,,,千克,税委会公告2026年第5号
48202000,练习本,,,千克,税委会公告2026年第5号
48203000,活动封面（书籍封面除外）、文件夹及卷宗皮,,,千克,税委会公告2026年第5号
48204000,多联商业表格纸、页间夹有复写纸的本,,,千克,税委会公告2026年第5号
48205000,样品簿及粘贴簿,,,千克,税委会公告2026年第5号
48209000,其他,,,千克,税委会公告2026年第5号
48211000,印制,,,千克,税委会公告2026年第5号
48219000,其他,,,千克,税委会公告2026年第5号
48221000,纺织纱线用,,,千克,税委会公告2026年第5号
48229000,其他,,,千克,税委会公告2026年第5号
48232000,滤纸及纸板,,,千克,税委会公告2026年第5号
48234000,已印制的自动记录器用打印纸卷、纸张及纸盘,,,千克,税委会公告2026年第5号
48236100,竹浆纸制,A,M,千克,税委会公告2026年第5号
48236910,非木植物浆制,A,M,千克,税委会公告2026年第5号
48236990,其他,A,M,千克,税委会公告2026年第5号
48237000,压制或模制纸浆制品,,,千克,税委会公告2026年第5号
48239010,以纸或纸板为底制成的铺地制品,,,千克,税委会公告2026年第5号
48239020,神纸及类似用品,,,千克,税委会公告2026年第5号
48239030,纸扇,,,千克,税委会公告2026年第5号
48239090,其他,,,千克,税委会公告2026年第5号
49011000,单张的，不论是否折叠,,,千克,税委会公告2026年第5号
49019100,字典或百科全书及其连续出版的分册,,,千克,税委会公告2026年第5号
49019900,其他,,,千克,税委会公告2026年第5号
49021000,每周至少出版四次,,,千克,税委会公告2026年第5号
49029000,其他,,,千克,税委会公告2026年第5号
49030000,儿童图画书、绘画或涂色书,,,千克,税委会公告2026年第5号
49040000,乐谱原稿或印本，不论是否装订或印有插图,,,千克,税委会公告2026年第5号
49052000,成册的,,,千克,税委会公告2026年第5号
49059000,其他,,,千克,税委会公告2026年第5号
49060000,手绘的建筑、工程、工业、商业、地形或类似用途的设计图纸原稿；手稿；用感光纸照相复印或用复写纸眷写的上述物品复制件,V,,千克,税委会公告2026年第5号
49070010,邮票,,,千克,税委会公告2026年第5号
49070020,钞票,,,千克,税委会公告2026年第5号
49070030,证券凭证,,,千克,税委会公告2026年第5号
49070090,其他给予存取、安装、复制或使用软件(含游戏)、数据、互联网内容物(含游戏内或应用程序内内容物)、服务或电信服务(含移动服务)权利的印刷品①,,,千克,税委会公告2026年第5号
49081000,釉转印贴花纸（移画印花法用图案纸）,,,千克,税委会公告2026年第5号
49089000,其他,,,千克,税委会公告2026年第5号
49090010,印刷或有图画的明信片,,,千克,税委会公告2026年第5号
49090090,其他,,,千克,税委会公告2026年第5号
49100000,印刷的各种日历，包括日历芯,,,千克,税委会公告2026年第5号
49111010,无商业价值的,,,千克,税委会公告2026年第5号
49111090,其他,,,千克,税委会公告2026年第5号
49119100,图片、设计图样及照片,V,,千克,税委会公告2026年第5号
49119910,纸质的给予存取、安装、复制或使用软件(含游戏)、数据、互联网内容物(含游戏内或应用程序内内容物)、服务或电信服务(含移动服务)权利的印刷品①,,,千克,税委会公告2026年第5号
49119990,其他给予存取、安装、复制或使用软件(含游戏)、数据、互联网内容物(含游戏内或应用程序内内容物)、服务或电信服务(含移动服务)权利的印刷品②,,,千克,税委会公告2026年第5号
50010010,适于缫丝的桑蚕茧,AB,PQ,千克,税委会公告2026年第5号
50010090,其他,AB,PQ,千克,税委会公告2026年第5号
50020011,厂丝,AB,PQ,千克,税委会公告2026年第5号
50020012,土丝,AB,PQ,千克,税委会公告2026年第5号
50020013,双宫丝,AB,PQ,千克,税委会公告2026年第5号
50020019,其他,AB,PQ,千克,税委会公告2026年第5号
50020020,柞蚕丝,AB,PQ,千克,税委会公告2026年第5号
50020090,其他,AB,PQ,千克,税委会公告2026年第5号
50030011,下茧、茧衣、长吐、滞头,AB,PQ,千克,税委会公告2026年第5号
50030012,回收纤维,AB,PQ,千克,税委会公告2026年第5号
50030019,其他,AB,PQ,千克,税委会公告2026年第5号
50030091,绵球,AB,PQ,千克,税委会公告2026年第5号
50030099,其他,AB,PQ,千克,税委会公告2026年第5号
50040000,丝纱线（绢纺纱线除外），非供零售用,,,千克,税委会公告2026年第5号
50050010,细丝纱线,,,千克,税委会公告2026年第5号
50050090,其他,,,千克,税委会公告2026年第5号
50060000,丝纱线及绢纺纱线，供零售用；蚕胶丝,,,千克,税委会公告2026年第5号
50071010,未漂白（包括未练白或练白）或漂白,,,米/千克,税委会公告2026年第5号
50071090,其他,,,米/千克,税委会公告2026年第5号
50072011,未漂白（包括未练白或练白）或漂白,,,米/千克,税委会公告2026年第5号
50072019,其他,,,米/千克,税委会公告2026年第5号
50072021,未漂白（包括未练白或练白）或漂白,,,米/千克,税委会公告2026年第5号
50072029,其他,,,米/千克,税委会公告2026年第5号
50072031,未漂白（包括未练白或练白）或漂白,,,米/千克,税委会公告2026年第5号
50072039,其他,,,米/千克,税委会公告2026年第5号
50072090,其他,,,米/千克,税委会公告2026年第5号
50079010,未漂白（包括未练白或练白）或漂白,,,米/千克,税委会公告2026年第5号
50079090,其他,,,米/千克,税委会公告2026年第5号
51011100,剪羊毛,AB,PQ,千克,日常维护
51011900,其他,AB,PQ,千克,日常维护
51012100,剪羊毛,AB,PQ,千克,日常维护
51012900,其他,AB,PQ,千克,日常维护
51013000,碳化羊毛,AB,PQ,千克,日常维护
51021100,喀什米尔山羊的,AB,PQ,千克,税委会公告2026年第5号
51021910,兔毛,ABFE,PQ,千克,税委会公告2026年第5号
51021920,其他山羊绒,AB,PQ,千克,税委会公告2026年第5号
51021930,骆驼毛、骆驼绒,FEAB,PQ,千克,税委会公告2026年第5号
51021990,其他,FEAB,PQ,千克,税委会公告2026年第5号
51022000,粗毛,FEAB,PQ,千克,税委会公告2026年第5号
51031010,羊毛落毛,AB,PQ,千克,日常维护
51031090,其他,FEAB,PQ,千克,税委会公告2026年第5号
51032010,羊毛废料,AB,PQ,千克,税委会公告2026年第5号
51032090,其他,FEAB,PQ,千克,税委会公告2026年第5号
51033000,动物粗毛废料,FEAB,PQ,千克,税委会公告2026年第5号
51040010,羊毛的回收纤维,AB,PQ,千克,税委会公告2026年第5号
51040090,其他,FEAB,PQ,千克,税委会公告2026年第5号
51051000,粗梳羊毛,AB,PQ,千克,日常维护
51052100,精梳片毛,AB,PQ,千克,日常维护
51052900,其他,AB,PQ,千克,日常维护
51053100,喀什米尔山羊的,AB,PQ,千克,税委会公告2026年第5号
51053910,兔毛,ABFE,PQ,千克,税委会公告2026年第5号
51053921,无毛山羊绒,AB,PQ,千克,税委会公告2026年第5号
51053929,其他,AB,PQ,千克,税委会公告2026年第5号
51053990,其他,ABEF,PQ,千克,税委会公告2026年第5号
51054000,已梳动物粗毛,FEAB,PQ,千克,税委会公告2026年第5号
51061000,按重量计羊毛含量在85％及以上,,,千克,税委会公告2026年第5号
51062000,按重量计羊毛含量在85％以下,,,千克,税委会公告2026年第5号
51071000,按重量计羊毛含量在85％及以上,,,千克,税委会公告2026年第5号
51072000,按重量计羊毛含量在85％以下,,,千克,税委会公告2026年第5号
51081011,山羊绒的,,,千克,税委会公告2026年第5号
51081019,其他,FE,,千克,税委会公告2026年第5号
51081090,其他,FE,,千克,税委会公告2026年第5号
51082011,山羊绒的,,,千克,税委会公告2026年第5号
51082019,其他,FE,,千克,税委会公告2026年第5号
51082090,其他,FE,,千克,税委会公告2026年第5号
51091011,山羊绒的,,,千克,税委会公告2026年第5号
51091019,其他,,,千克,税委会公告2026年第5号
51091090,其他,,,千克,税委会公告2026年第5号
51099011,山羊绒的,,,千克,税委会公告2026年第5号
51099019,其他,,,千克,税委会公告2026年第5号
51099090,其他,,,千克,税委会公告2026年第5号
51100000,动物粗毛或马毛的纱线（包括马毛粗松螺旋花线），不论是否供零售用,FE,,千克,税委会公告2026年第5号
51111111,山羊绒的,,,米/千克,税委会公告2026年第5号
51111119,其他,,,米/千克,税委会公告2026年第5号
51111190,其他,,,米/千克,税委会公告2026年第5号
51111911,山羊绒的,,,米/千克,税委会公告2026年第5号
51111919,其他,,,米/千克,税委会公告2026年第5号
51111990,其他,,,米/千克,税委会公告2026年第5号
51112000,其他，主要或仅与化学纤维长丝混纺,,,米/千克,税委会公告2026年第5号
51113000,其他，主要或仅与化学纤维短纤混纺,,,米/千克,税委会公告2026年第5号
51119000,其他,,,米/千克,税委会公告2026年第5号
51121100,每平方米重量不超过200克,,,米/千克,税委会公告2026年第5号
51121900,其他,,,米/千克,税委会公告2026年第5号
51122000,其他，主要或仅与化学纤维长丝混纺,,,米/千克,税委会公告2026年第5号
51123000,其他，主要或仅与化学纤维短纤混纺,,,米/千克,税委会公告2026年第5号
51129000,其他,,,米/千克,税委会公告2026年第5号
51130000,动物粗毛或马毛的机织物,,,米/千克,税委会公告2026年第5号
52010000,未梳的棉花,4xAB,MPQ,千克,日常维护
52021000,废棉纱线（包括废棉线）,9,,千克,税委会公告2026年第5号
52029100,回收纤维,9B,PQ,千克,税委会公告2026年第5号
52029900,其他,9B,PQ,千克,税委会公告2026年第5号
52030000,已梳的棉花,4xAB,MPQ,千克,日常维护
52041100,按重量计含棉量在85％及以上,,,千克,税委会公告2026年第5号
52041900,其他,,,千克,税委会公告2026年第5号
52042000,供零售用,,,千克,税委会公告2026年第5号
52051100,细度在714.29分特及以上（不超过14公支）,,,千克,税委会公告2026年第5号
52051200,细度在714.29分特以下，但不细于232.56分特（超过14公支，但不超过43公支）,,,千克,税委会公告2026年第5号
52051300,细度在232.56分特以下，但不细于192.31分特（超过43公支，但不超过52公支）,,,千克,税委会公告2026年第5号
52051400,细度在192.31分特以下，但不细于125分特（超过52公支，但不超过80公支）,,,千克,税委会公告2026年第5号
52051500,细度在125分特以下（超过80公支）,,,千克,税委会公告2026年第5号
52052100,细度在714.29分特及以上（不超过14公支）,,,千克,税委会公告2026年第5号
52052200,细度在714.29分特以下，但不细于232.56分特（超过14公支，但不超过43公支）,,,千克,税委会公告2026年第5号
52052300,细度在232.56分特以下，但不细于192.31分特（超过43公支，但不超过52公支）,,,千克,税委会公告2026年第5号
52052400,细度在192.31分特以下，但不细于125分特（超过52公支，但不超过80公支）,,,千克,税委会公告2026年第5号
52052600,细度在125分特以下，但不细于106.38分特（超过80公支，但不超过94公支）,,,千克,税委会公告2026年第5号
52052700,细度在106.38分特以下，但不细于83.33分特（超过94公支，但不超过120公支）,,,千克,税委会公告2026年第5号
52052800,细度在83.33分特以下（超过120公支）,,,千克,税委会公告2026年第5号
52053100,每根单纱细度在714.29分特及以上（每根单纱不超过14公支）,,,千克,税委会公告2026年第5号
52053200,每根单纱细度在714.29分特以下，但不细于232.56分特（每根单纱超过14公支，但不超过43公支）,,,千克,税委会公告2026年第5号
52053300,每根单纱细度在232.56分特以下，但不细于192.31分特（每根单纱超过43公支，但不超过52公支）,,,千克,税委会公告2026年第5号
52053400,每根单纱细度在192.31分特以下，但不细于125分特（每根单纱超过52公支，但不超过80公支）,,,千克,税委会公告2026年第5号
52053500,每根单纱细度在125分特以下（每根单纱超过80公支）,,,千克,税委会公告2026年第5号
52054100,每根单纱细度在714.29分特及以上（每根单纱不超过14公支）,,,千克,税委会公告2026年第5号
52054200,每根单纱细度在714.29分特以下，但不细于232.56分特（每根单纱超过14公支，但不超过43公支）,,,千克,税委会公告2026年第5号
52054300,每根单纱细度在232.56分特以下，但不细于192.31分特（每根单纱超过43公支，但不超过52公支）,,,千克,税委会公告2026年第5号
52054400,每根单纱细度在192.31分特以下，但不细于125分特（每根单纱超过52公支，但不超过80公支）,,,千克,税委会公告2026年第5号
52054600,每根单纱细度在125分特以下，但不细于106.38分特（每根单纱超过80公支，但不超过94公支）,,,千克,税委会公告2026年第5号
52054700,每根单纱细度在106.38分特以下，但不细于83.33分特（每根单纱超过94公支，但不超过120公支）,,,千克,税委会公告2026年第5号
52054800,每根单纱细度在83.33分特以下（每根单纱超过120公支）,,,千克,税委会公告2026年第5号
52061100,细度在714.29分特及以上（不超过14公支）,,,千克,税委会公告2026年第5号
52061200,细度在714.29分特以下，但不细于232.56分特（超过14公支，但不超过43公支）,,,千克,税委会公告2026年第5号
52061300,细度在232.56分特以下，但不细于192.31分特（超过43公支，但不超过52公支）,,,千克,税委会公告2026年第5号
52061400,细度在192.31分特以下，但不细于125分特（超过52公支，但不超过80公支）,,,千克,税委会公告2026年第5号
52061500,细度在125分特以下（超过80公支）,,,千克,税委会公告2026年第5号
52062100,细度在714.29分特及以上（不超过14公支）,,,千克,税委会公告2026年第5号
52062200,细度在714.29分特以下，但不细于232.56分特（超过14公支，但不超过43公支）,,,千克,税委会公告2026年第5号
52062300,细度在232.56分特以下，但不细于192.31分特（超过43公支，但不超过52公支）,,,千克,税委会公告2026年第5号
52062400,细度在192.31分特以下，但不细于125分特（超过52公支，但不超过80公支）,,,千克,税委会公告2026年第5号
52062500,细度在125分特以下（超过80公支）,,,千克,税委会公告2026年第5号
52063100,每根单纱细度在714.29分特及以上（每根单纱不超过14公支）,,,千克,税委会公告2026年第5号
52063200,每根单纱细度在714.29分特以下，但不细于232.56分特（每根单纱超过14公支，但不超过43公支）,,,千克,税委会公告2026年第5号
52063300,每根单纱细度在232.56分特以下，但不细于192.31分特（每根单纱超过43公支，但不超过52公支）,,,千克,税委会公告2026年第5号
52063400,每根单纱细度在192.31分特以下，但不细于125分特（每根单纱超过52公支，但不超过80公支）,,,千克,税委会公告2026年第5号
52063500,每根单纱细度在125分特以下（每根单纱超过80公支）,,,千克,税委会公告2026年第5号
52064100,每根单纱细度在714.29分特及以上（每根单纱不超过14公支）,,,千克,税委会公告2026年第5号
52064200,每根单纱细度在714.29分特以下，但不细于232.56分特（每根单纱超过14公支，但不超过43公支）,,,千克,税委会公告2026年第5号
52064300,每根单纱细度在232.56分特以下，但不细于192.31分特（每根单纱超过43公支，但不超过52公支）,,,千克,税委会公告2026年第5号
52064400,每根单纱细度在192.31分特以下，但不细于125分特（每根单纱超过52公支，但不超过80公支）,,,千克,税委会公告2026年第5号
52064500,每根单纱细度在125分特以下（每根单纱超过80公支）,,,千克,税委会公告2026年第5号
52071000,按重量计含棉量在85％及以上,,,千克,税委会公告2026年第5号
52079000,其他,,,千克,税委会公告2026年第5号
52081100,平纹机织物，每平方米重量不超过100克,,,米/千克,税委会公告2026年第5号
52081200,平纹机织物，每平方米重量超过100克,,,米/千克,税委会公告2026年第5号
52081300,三线或四线斜纹机织物，包括双面斜纹机织物,,,米/千克,税委会公告2026年第5号
52081900,其他机织物,,,米/千克,税委会公告2026年第5号
52082100,平纹机织物，每平方米重量不超过100克,,,米/千克,税委会公告2026年第5号
52082200,平纹机织物，每平方米重量超过100克,,,米/千克,税委会公告2026年第5号
52082300,三线或四线斜纹机织物，包括双面斜纹机织物,,,米/千克,税委会公告2026年第5号
52082900,其他机织物,,,米/千克,税委会公告2026年第5号
52083100,平纹机织物，每平方米重量不超过100克,,,米/千克,税委会公告2026年第5号
52083200,平纹机织物，每平方米重量超过100克,,,米/千克,税委会公告2026年第5号
52083300,三线或四线斜纹机织物，包括双面斜纹机织物,,,米/千克,税委会公告2026年第5号
52083900,其他机织物,,,米/千克,税委会公告2026年第5号
52084100,平纹机织物，每平方米重量不超过100克,,,米/千克,税委会公告2026年第5号
52084200,平纹机织物，每平方米重量超过100克,,,米/千克,税委会公告2026年第5号
52084300,三线或四线斜纹机织物，包括双面斜纹机织物,,,米/千克,税委会公告2026年第5号
52084900,其他机织物,,,米/千克,税委会公告2026年第5号
52085100,平纹机织物，每平方米重量不超过100克,,,米/千克,税委会公告2026年第5号
52085200,平纹机织物，每平方米重量超过100克,,,米/千克,税委会公告2026年第5号
52085910,三线或四线斜纹机织物，包括双面斜纹机织物,,,米/千克,税委会公告2026年第5号
52085990,其他,,,米/千克,税委会公告2026年第5号
52091100,平纹机织物,,,米/千克,税委会公告2026年第5号
52091200,三线或四线斜纹机织物，包括双面斜纹机织物,,,米/千克,税委会公告2026年第5号
52091900,其他机织物,,,米/千克,税委会公告2026年第5号
52092100,平纹机织物,,,米/千克,税委会公告2026年第5号
52092200,三线或四线斜纹机织物，包括双面斜纹机织物,,,米/千克,税委会公告2026年第5号
52092900,其他机织物,,,米/千克,税委会公告2026年第5号
52093100,平纹机织物,,,米/千克,税委会公告2026年第5号
52093200,三线或四线斜纹机织物，包括双面斜纹机织物,,,米/千克,税委会公告2026年第5号
52093900,其他机织物,,,米/千克,税委会公告2026年第5号
52094100,平纹机织物,,,米/千克,税委会公告2026年第5号
52094200,粗斜纹布（劳动布）,,,米/千克,税委会公告2026年第5号
52094300,其他三线或四线斜纹机织物，包括双面斜纹机织物,,,米/千克,税委会公告2026年第5号
52094900,其他机织物,,,米/千克,税委会公告2026年第5号
52095100,平纹机织物,,,米/千克,税委会公告2026年第5号
52095200,三线或四线斜纹机织物，包括双面斜纹机织物,,,米/千克,税委会公告2026年第5号
52095900,其他机织物,,,米/千克,税委会公告2026年第5号
52101100,平纹机织物,,,米/千克,税委会公告2026年第5号
52101910,三线或四线斜纹机织物，包括双面斜纹机织物,,,米/千克,税委会公告2026年第5号
52101990,其他,,,米/千克,税委会公告2026年第5号
52102100,平纹机织物,,,米/千克,税委会公告2026年第5号
52102910,三线或四线斜纹机织物，包括双面斜纹机织物,,,米/千克,税委会公告2026年第5号
52102990,其他,,,米/千克,税委会公告2026年第5号
52103100,平纹机织物,,,米/千克,税委会公告2026年第5号
52103200,三线或四线斜纹机织物，包括双面斜纹机织物,,,米/千克,税委会公告2026年第5号
52103900,其他机织物,,,米/千克,税委会公告2026年第5号
52104100,平纹机织物,,,米/千克,税委会公告2026年第5号
52104910,三线或四线斜纹机织物，包括双面斜纹机织物,,,米/千克,税委会公告2026年第5号
52104990,其他,,,米/千克,税委会公告2026年第5号
52105100,平纹机织物,,,米/千克,税委会公告2026年第5号
52105910,三线或四线斜纹机织物，包括双面斜纹机织物,,,米/千克,税委会公告2026年第5号
52105990,其他机织物,,,米/千克,税委会公告2026年第5号
52111100,平纹机织物,,,米/千克,税委会公告2026年第5号
52111200,三线或四线斜纹机织物，包括双面斜纹机织物,,,米/千克,税委会公告2026年第5号
52111900,其他机织物,,,米/千克,税委会公告2026年第5号
52112000,漂白,,,米/千克,税委会公告2026年第5号
52113100,平纹机织物,,,米/千克,税委会公告2026年第5号
52113200,三线或四线斜纹机织物，包括双面斜纹机织物,,,米/千克,税委会公告2026年第5号
52113900,其他机织物,,,米/千克,税委会公告2026年第5号
52114100,平纹机织物,,,米/千克,税委会公告2026年第5号
52114200,粗斜纹布（劳动布）,,,米/千克,税委会公告2026年第5号
52114300,其他三线或四线斜纹机织物，包括双面斜纹机织物,,,米/千克,税委会公告2026年第5号
52114900,其他机织物,,,米/千克,税委会公告2026年第5号
52115100,平纹机织物,,,米/千克,税委会公告2026年第5号
52115200,三线或四线斜纹机织物，包括双面斜纹机织物,,,米/千克,税委会公告2026年第5号
52115900,其他机织物,,,米/千克,税委会公告2026年第5号
52121100,未漂白,,,米/千克,税委会公告2026年第5号
52121200,漂白,,,米/千克,税委会公告2026年第5号
52121300,染色,,,米/千克,税委会公告2026年第5号
52121400,色织,,,米/千克,税委会公告2026年第5号
52121500,印花,,,米/千克,税委会公告2026年第5号
52122100,未漂白,,,米/千克,税委会公告2026年第5号
52122200,漂白,,,米/千克,税委会公告2026年第5号
52122300,染色,,,米/千克,税委会公告2026年第5号
52122400,色织,,,米/千克,税委会公告2026年第5号
52122500,印花,,,米/千克,税委会公告2026年第5号
53011000,生的或经沤制的亚麻,AB,PQ,千克,税委会公告2026年第5号
53012100,破开的或打成的,AB,PQ,千克,税委会公告2026年第5号
53012900,其他,AB,PQ,千克,税委会公告2026年第5号
53013000,亚麻短纤及废麻,AB,PQ,千克,税委会公告2026年第5号
53021000,生的或经沤制的大麻,AB,PQ,千克,税委会公告2026年第5号
53029000,其他,AB,PQ,千克,税委会公告2026年第5号
53031000,生的或经沤制的黄麻及其他纺织用韧皮纤维,AB,PQ,千克,税委会公告2026年第5号
53039000,其他,AB,PQ,千克,税委会公告2026年第5号
53050011,生的,AB,PQ,千克,税委会公告2026年第5号
53050012,经加工但未纺制的,AB,PQ,千克,税委会公告2026年第5号
53050013,短纤及废料,AB,PQ,千克,税委会公告2026年第5号
53050019,其他,AB,PQ,千克,税委会公告2026年第5号
53050020,蕉麻,AB,PQ,千克,年初维护
53050091,西沙尔麻及其他纺织用龙舌兰类纤维,AB,PQ,千克,年初维护
53050092,椰壳纤维,AB,PQ,千克,年初维护
53050099,其他,AB,PQ,千克,年初维护
53061000,单纱,,,千克,税委会公告2026年第5号
53062000,多股纱线或缆线,,,千克,税委会公告2026年第5号
53071000,单纱,,,千克,税委会公告2026年第5号
53072000,多股纱线或缆线,,,千克,税委会公告2026年第5号
53081000,椰壳纤维纱线,,,千克,税委会公告2026年第5号
53082000,大麻纱线,,,千克,税委会公告2026年第5号
53089011,按重量计苎麻含量在85％及以上的未漂白或漂白纱线,,,千克,税委会公告2026年第5号
53089012,按重量计苎麻含量在85％及以上的色纱线,,,千克,税委会公告2026年第5号
53089013,按重量计苎麻含量在85％以下的未漂白或漂白纱线,,,千克,税委会公告2026年第5号
53089014,按重量计苎麻含量在85％以下的色纱线,,,千克,税委会公告2026年第5号
53089091,纸纱线,,,千克,税委会公告2026年第5号
53089099,其他,,,千克,税委会公告2026年第5号
53091110,未漂白,,,米/千克,税委会公告2026年第5号
53091120,漂白,,,米/千克,税委会公告2026年第5号
53091900,其他,,,米/千克,税委会公告2026年第5号
53092110,未漂白,,,米/千克,税委会公告2026年第5号
53092120,漂白,,,米/千克,税委会公告2026年第5号
53092900,其他,,,米/千克,税委会公告2026年第5号
53101000,未漂白,,,米/千克,税委会公告2026年第5号
53109000,其他,,,米/千克,税委会公告2026年第5号
53110012,按重量计苎麻含量在85％及以上的未漂白机织物,,,米/千克,税委会公告2026年第5号
53110013,按重量计苎麻含量在85％及以上的其他机织物,,,米/千克,税委会公告2026年第5号
53110014,按重量计苎麻含量在85％以下的未漂白机织物,,,米/千克,税委会公告2026年第5号
53110015,按重量计苎麻含量在85％以下的其他机织物,,,米/千克,税委会公告2026年第5号
53110020,纸纱线的,,,米/千克,税委会公告2026年第5号
53110030,大麻的,,,米/千克,税委会公告2026年第5号
53110090,其他,,,米/千克,税委会公告2026年第5号
54011010,非供零售用,,,千克,税委会公告2026年第5号
54011020,供零售用,,,千克,税委会公告2026年第5号
54012010,非供零售用,,,千克,税委会公告2026年第5号
54012020,供零售用,,,千克,税委会公告2026年第5号
54021110,聚间苯二甲酰间苯二胺纺制,,,千克,税委会公告2026年第5号
54021120,聚对苯二甲酰对苯二胺纺制,,,千克,税委会公告2026年第5号
54021190,其他,,,千克,税委会公告2026年第5号
54021910,聚酰胺-6（尼龙-6）纺制的,,,千克,税委会公告2026年第5号
54021920,聚酰胺-6，6（尼龙-6，6）纺制的,,,千克,税委会公告2026年第5号
54021990,其他,,,千克,税委会公告2026年第5号
54022000,聚酯高强力纱，不论是否经变形加工,,,千克,税委会公告2026年第5号
54023111,聚酰胺-6（尼龙-6）纺制的,,,千克,税委会公告2026年第5号
54023112,聚酰胺-6，6（尼龙-6，6）纺制的,,,千克,税委会公告2026年第5号
54023113,芳香族聚酰胺纺制的,,,千克,税委会公告2026年第5号
54023119,其他,,,千克,税委会公告2026年第5号
54023190,其他,,,千克,税委会公告2026年第5号
54023211,聚酰胺-6（尼龙-6）纺制的,,,千克,税委会公告2026年第5号
54023212,聚酰胺-6，6（尼龙-6，6）纺制的,,,千克,税委会公告2026年第5号
54023213,芳香族聚酰胺纺制的,,,千克,税委会公告2026年第5号
54023219,其他,,,千克,税委会公告2026年第5号
54023290,其他,,,千克,税委会公告2026年第5号
54023310,弹力丝,,,千克,税委会公告2026年第5号
54023390,其他,,,千克,税委会公告2026年第5号
54023400,聚丙烯纺制,,,千克,税委会公告2026年第5号
54023900,其他,,,千克,税委会公告2026年第5号
54024410,氨纶纱线,,,千克,税委会公告2026年第5号
54024490,其他,,,千克,税委会公告2026年第5号
54024510,聚酰胺-6（尼龙-6）纺制的,,,千克,税委会公告2026年第5号
54024520,聚酰胺-6，6（尼龙-6，6）纺制的,,,千克,税委会公告2026年第5号
54024530,芳香族聚酰胺纺制的,,,千克,税委会公告2026年第5号
54024590,其他,,,千克,税委会公告2026年第5号
54024600,其他，部分定向聚酯纱线,,,千克,税委会公告2026年第5号
54024700,其他，聚酯纱线,,,千克,税委会公告2026年第5号
54024800,其他，聚丙烯纱线,,,千克,税委会公告2026年第5号
54024910,断裂强度大于等于22厘牛/分特，且初始模量大于等于750厘牛/分特的聚乙烯纱线,3,,千克,税委会公告2026年第5号
54024990,其他,,,千克,税委会公告2026年第5号
54025110,聚酰胺-6（尼龙-6）纺制的,,,千克,税委会公告2026年第5号
54025120,聚酰胺-6，6（尼龙-6，6）纺制的,,,千克,税委会公告2026年第5号
54025130,芳香族聚酰胺纺制的,,,千克,税委会公告2026年第5号
54025190,其他,,,千克,税委会公告2026年第5号
54025200,聚酯纱线,,,千克,税委会公告2026年第5号
54025300,聚丙烯纱线,,,千克,税委会公告2026年第5号
54025920,断裂强度大于等于22厘牛/分特，且初始模量大于等于750厘牛/分特的聚乙烯纱线,,,千克,税委会公告2026年第5号
54025990,其他,,,千克,税委会公告2026年第5号
54026110,聚酰胺-6（尼龙-6）纺制的,,,千克,税委会公告2026年第5号
54026120,聚酰胺-6，6（尼龙-6，6）纺制的,,,千克,税委会公告2026年第5号
54026130,芳香族聚酰胺纺制的,,,千克,税委会公告2026年第5号
54026190,其他,,,千克,税委会公告2026年第5号
54026200,聚酯纺制,,,千克,税委会公告2026年第5号
54026300,聚丙烯纺制,,,千克,税委会公告2026年第5号
54026920,氨纶纱线,,,千克,税委会公告2026年第5号
54026990,其他,,,千克,税委会公告2026年第5号
54031000,粘胶纤维纺制的高强力纱,,,千克,税委会公告2026年第5号
54033110,竹制,,,千克,税委会公告2026年第5号
54033190,其他,,,千克,税委会公告2026年第5号
54033210,竹制,,,千克,税委会公告2026年第5号
54033290,其他,,,千克,税委会公告2026年第5号
54033310,二醋酸纤维纺制,,,千克,税委会公告2026年第5号
54033390,其他,,,千克,税委会公告2026年第5号
54033900,其他,,,千克,税委会公告2026年第5号
54034100,粘胶纤维纺制,,,千克,税委会公告2026年第5号
54034200,醋酸纤维纺制,,,千克,税委会公告2026年第5号
54034900,其他,,,千克,税委会公告2026年第5号
54041100,弹性,,,千克,税委会公告2026年第5号
54041200,其他，聚丙烯制,,,千克,税委会公告2026年第5号
54041900,其他,,,千克,税委会公告2026年第5号
54049000,其他,,,千克,税委会公告2026年第5号
54050000,截面尺寸不超过1毫米，细度在67分特及以上的人造纤维单丝；表观宽度不超过5毫米的人造纤维纺织材料制扁条及类似品（例如人造草）,,,千克,税委会公告2026年第5号
54060010,合成纤维长丝纱线,,,千克,税委会公告2026年第5号
54060020,人造纤维长丝纱线,,,千克,税委会公告2026年第5号
54071010,尼龙或其他聚酰胺高强力纱纺制,,,米/千克,税委会公告2026年第5号
54071020,聚酯高强力纱纺制,,,米/千克,税委会公告2026年第5号
54072000,扁条及类似品的机织物,,,米/千克,税委会公告2026年第5号
54073000,第十一类注释九所列的机织物,,,米/千克,税委会公告2026年第5号
54074100,未漂白或漂白,,,米/千克,税委会公告2026年第5号
54074200,染色,,,米/千克,税委会公告2026年第5号
54074300,色织,,,米/千克,税委会公告2026年第5号
54074400,印花,,,米/千克,税委会公告2026年第5号
54075100,未漂白或漂白,,,米/千克,税委会公告2026年第5号
54075200,染色,,,米/千克,税委会公告2026年第5号
54075300,色织,,,米/千克,税委会公告2026年第5号
54075400,印花,,,米/千克,税委会公告2026年第5号
54076100,按重量计聚酯非变形长丝含量在85％及以上,,,米/千克,税委会公告2026年第5号
54076900,其他,,,米/千克,税委会公告2026年第5号
54077100,未漂白或漂白,,,米/千克,税委会公告2026年第5号
54077200,染色,,,米/千克,税委会公告2026年第5号
54077300,色织,,,米/千克,税委会公告2026年第5号
54077400,印花,,,米/千克,税委会公告2026年第5号
54078100,未漂白或漂白,,,米/千克,税委会公告2026年第5号
54078200,染色,,,米/千克,税委会公告2026年第5号
54078300,色织,,,米/千克,税委会公告2026年第5号
54078400,印花,,,米/千克,税委会公告2026年第5号
54079100,未漂白或漂白,,,米/千克,税委会公告2026年第5号
54079200,染色,,,米/千克,税委会公告2026年第5号
54079300,色织,,,米/千克,税委会公告2026年第5号
54079400,印花,,,米/千克,税委会公告2026年第5号
54081000,粘胶纤维高强力纱的机织物,,,米/千克,税委会公告2026年第5号
54082110,粘胶纤维制,,,米/千克,税委会公告2026年第5号
54082120,醋纤纤维制,,,米/千克,税委会公告2026年第5号
54082190,其他,,,米/千克,税委会公告2026年第5号
54082210,粘胶纤维制,,,米/千克,税委会公告2026年第5号
54082220,醋纤纤维制,,,米/千克,税委会公告2026年第5号
54082290,其他,,,米/千克,税委会公告2026年第5号
54082310,粘胶纤维制,,,米/千克,税委会公告2026年第5号
54082320,醋纤纤维制,,,米/千克,税委会公告2026年第5号
54082390,其他,,,米/千克,税委会公告2026年第5号
54082410,粘胶纤维制,,,米/千克,税委会公告2026年第5号
54082420,醋纤纤维制,,,米/千克,税委会公告2026年第5号
54082490,其他,,,米/千克,税委会公告2026年第5号
54083100,未漂白或漂白,,,米/千克,税委会公告2026年第5号
54083200,染色,,,米/千克,税委会公告2026年第5号
54083300,色织,,,米/千克,税委会公告2026年第5号
54083400,印花,,,米/千克,税委会公告2026年第5号
55011100,芳香族聚酰胺制,,,千克,税委会公告2026年第5号
55011900,其他,,,千克,税委会公告2026年第5号
55012000,聚酯制,,,千克,税委会公告2026年第5号
55013000,聚丙烯腈或变性聚丙烯腈制,,,千克,税委会公告2026年第5号
55014000,聚丙烯制,,,千克,税委会公告2026年第5号
55019000,其他,3,,千克,税委会公告2026年第5号
55021010,二醋酸纤维丝束,7,,千克,税委会公告2026年第5号
55021090,其他,,,千克,税委会公告2026年第5号
55029000,其他,,,千克,税委会公告2026年第5号
55031110,聚间苯二甲酰间苯二胺纺制,,,千克,税委会公告2026年第5号
55031120,聚对苯二甲酰对苯二胺纺制,,,千克,税委会公告2026年第5号
55031190,其他,,,千克,税委会公告2026年第5号
55031900,其他,,,千克,税委会公告2026年第5号
55032000,聚酯制,,,千克,税委会公告2026年第5号
55033000,聚丙烯腈或变性聚丙烯腈制,,,千克,税委会公告2026年第5号
55034000,聚丙烯制,,,千克,税委会公告2026年第5号
55039010,聚苯硫醚制,,,千克,税委会公告2026年第5号
55039090,其他,3,,千克,税委会公告2026年第5号
55041010,竹制,,,千克,税委会公告2026年第5号
55041021,阻燃的,,,千克,税委会公告2026年第5号
55041029,其他,,,千克,税委会公告2026年第5号
55041090,其他,,,千克,税委会公告2026年第5号
55049000,其他,,,千克,税委会公告2026年第5号
55051000,合成纤维的,9,,千克,税委会公告2026年第5号
55052000,人造纤维的,9,,千克,税委会公告2026年第5号
55061011,聚间苯二甲酰间苯二胺纺制,,,千克,税委会公告2026年第5号
55061012,聚对苯二甲酰对苯二胺纺制,,,千克,税委会公告2026年第5号
55061019,其他,,,千克,税委会公告2026年第5号
55061090,其他,,,千克,税委会公告2026年第5号
55062000,聚酯制,,,千克,税委会公告2026年第5号
55063000,聚丙烯腈或变性聚丙烯腈制,,,千克,税委会公告2026年第5号
55064000,聚丙烯制,,,千克,税委会公告2026年第5号
55069010,聚苯硫醚制,,,千克,税委会公告2026年第5号
55069090,其他,,,千克,税委会公告2026年第5号
55070000,人造纤维短纤，已梳或经其他纺前加工,,,千克,税委会公告2026年第5号
55081000,合成纤维短纤纺制,,,千克,税委会公告2026年第5号
55082000,人造纤维短纤纺制,,,千克,税委会公告2026年第5号
55091100,单纱,,,千克,税委会公告2026年第5号
55091200,多股纱线或缆线,,,千克,税委会公告2026年第5号
55092100,单纱,,,千克,税委会公告2026年第5号
55092200,多股纱线或缆线,,,千克,税委会公告2026年第5号
55093100,单纱,,,千克,税委会公告2026年第5号
55093200,多股纱线或缆线,,,千克,税委会公告2026年第5号
55094100,单纱,,,千克,税委会公告2026年第5号
55094200,多股纱线或缆线,,,千克,税委会公告2026年第5号
55095100,主要或仅与人造纤维短纤混纺,,,千克,税委会公告2026年第5号
55095200,主要或仅与羊毛或动物细毛混纺,,,千克,税委会公告2026年第5号
55095300,主要或仅与棉混纺,,,千克,税委会公告2026年第5号
55095900,其他,,,千克,税委会公告2026年第5号
55096100,主要或仅与羊毛或动物细毛混纺,,,千克,税委会公告2026年第5号
55096200,主要或仅与棉混纺,,,千克,税委会公告2026年第5号
55096900,其他,,,千克,税委会公告2026年第5号
55099100,主要或仅与羊毛或动物细毛混纺,,,千克,税委会公告2026年第5号
55099200,主要或仅与棉混纺,,,千克,税委会公告2026年第5号
55099900,其他,,,千克,税委会公告2026年第5号
55101100,单纱,,,千克,税委会公告2026年第5号
55101200,多股纱线或缆线,,,千克,税委会公告2026年第5号
55102000,其他纱线，主要或仅与羊毛或动物细毛混纺,,,千克,税委会公告2026年第5号
55103000,其他纱线，主要或仅与棉混纺,,,千克,税委会公告2026年第5号
55109000,其他,,,千克,税委会公告2026年第5号
55111000,按重量计合成纤维短纤含量在85％及以上,,,千克,税委会公告2026年第5号
55112000,按重量计合成纤维短纤含量在85％以下,,,千克,税委会公告2026年第5号
55113000,人造纤维短纤纺制,,,千克,税委会公告2026年第5号
55121100,未漂白或漂白,,,米/千克,税委会公告2026年第5号
55121900,其他,,,米/千克,税委会公告2026年第5号
55122100,未漂白或漂白,,,米/千克,税委会公告2026年第5号
55122900,其他,,,米/千克,税委会公告2026年第5号
55129100,未漂白或漂白,,,米/千克,税委会公告2026年第5号
55129900,其他,,,米/千克,税委会公告2026年第5号
55131110,未漂白,,,米/千克,税委会公告2026年第5号
55131120,漂白,,,米/千克,税委会公告2026年第5号
55131210,未漂白,,,米/千克,税委会公告2026年第5号
55131220,漂白,,,米/千克,税委会公告2026年第5号
55131310,未漂白,,,米/千克,税委会公告2026年第5号
55131320,漂白,,,米/千克,税委会公告2026年第5号
55131900,其他机织物,,,米/千克,税委会公告2026年第5号
55132100,聚酯短纤纺制的平纹机织物,,,米/千克,税委会公告2026年第5号
55132310,聚酯短纤纺制的三线或四线斜纹机织物，包括双面斜纹机织物,,,米/千克,税委会公告2026年第5号
55132390,其他,,,米/千克,税委会公告2026年第5号
55132900,其他机织物,,,米/千克,税委会公告2026年第5号
55133100,聚酯短纤纺制的平纹机织物,,,米/千克,税委会公告2026年第5号
55133910,聚酯短纤纺制的三线或四线斜纹机织物，包括双面斜纹机织物,,,米/千克,税委会公告2026年第5号
55133920,其他聚酯短纤纺制的机织物,,,米/千克,税委会公告2026年第5号
55133990,其他机织物,,,米/千克,税委会公告2026年第5号
55134100,聚酯短纤纺制的平纹机织物,,,米/千克,税委会公告2026年第5号
55134910,聚酯短纤纺制的三线或四线斜纹机织物，包括双面斜纹机织物,,,米/千克,税委会公告2026年第5号
55134920,其他聚酯短纤纺制的机织物,,,米/千克,税委会公告2026年第5号
55134990,其他,,,米/千克,税委会公告2026年第5号
55141110,未漂白,,,米/千克,税委会公告2026年第5号
55141120,漂白,,,米/千克,税委会公告2026年第5号
55141210,未漂白,,,米/千克,税委会公告2026年第5号
55141220,漂白,,,米/千克,税委会公告2026年第5号
55141911,未漂白,,,米/千克,税委会公告2026年第5号
55141912,漂白,,,米/千克,税委会公告2026年第5号
55141990,其他,,,米/千克,税委会公告2026年第5号
55142100,聚酯短纤纺制的平纹机织物,,,米/千克,税委会公告2026年第5号
55142200,聚酯短纤纺制的三线或四线斜纹机织物，包括双面斜纹机织物,,,米/千克,税委会公告2026年第5号
55142300,其他聚酯短纤纺制的机织物,,,米/千克,税委会公告2026年第5号
55142900,其他机织物,,,米/千克,税委会公告2026年第5号
55143010,聚酯短纤纺制的平纹机织物,,,米/千克,税委会公告2026年第5号
55143020,聚酯短纤纺制的三线或四线斜纹机织物，包括双面斜纹机织物,,,米/千克,税委会公告2026年第5号
55143030,其他聚酯短纤纺制的机织物,,,米/千克,税委会公告2026年第5号
55143090,其他机织物,,,米/千克,税委会公告2026年第5号
55144100,聚酯短纤纺制的平纹机织物,,,米/千克,税委会公告2026年第5号
55144200,聚酯短纤纺制的三线或四线斜纹机织物，包括双面斜纹机织物,,,米/千克,税委会公告2026年第5号
55144300,其他聚酯短纤纺制的机织物,,,米/千克,税委会公告2026年第5号
55144900,其他机织物,,,米/千克,税委会公告2026年第5号
55151100,主要或仅与粘胶纤维短纤混纺,,,米/千克,税委会公告2026年第5号
55151200,主要或仅与化学纤维长丝混纺,,,米/千克,税委会公告2026年第5号
55151300,主要或仅与羊毛或动物细毛混纺,,,米/千克,税委会公告2026年第5号
55151900,其他,,,米/千克,税委会公告2026年第5号
55152100,主要或仅与化学纤维长丝混纺,,,米/千克,税委会公告2026年第5号
55152200,主要或仅与羊毛或动物细毛混纺,,,米/千克,税委会公告2026年第5号
55152900,其他,,,米/千克,税委会公告2026年第5号
55159100,主要或仅与化学纤维长丝混纺,,,米/千克,税委会公告2026年第5号
55159900,其他,,,米/千克,税委会公告2026年第5号
55161100,未漂白或漂白,,,米/千克,税委会公告2026年第5号
55161200,染色,,,米/千克,税委会公告2026年第5号
55161300,色织,,,米/千克,税委会公告2026年第5号
55161400,印花,,,米/千克,税委会公告2026年第5号
55162100,未漂白或漂白,,,米/千克,税委会公告2026年第5号
55162200,染色,,,米/千克,税委会公告2026年第5号
55162300,色织,,,米/千克,税委会公告2026年第5号
55162400,印花,,,米/千克,税委会公告2026年第5号
55163100,未漂白或漂白,,,米/千克,税委会公告2026年第5号
55163200,染色,,,米/千克,税委会公告2026年第5号
55163300,色织,,,米/千克,税委会公告2026年第5号
55163400,印花,,,米/千克,税委会公告2026年第5号
55164100,未漂白或漂白,,,米/千克,税委会公告2026年第5号
55164200,染色,,,米/千克,税委会公告2026年第5号
55164300,色织,,,米/千克,税委会公告2026年第5号
55164400,印花,,,米/千克,税委会公告2026年第5号
55169100,未漂白或漂白,,,米/千克,税委会公告2026年第5号
55169200,染色,,,米/千克,税委会公告2026年第5号
55169300,色织,,,米/千克,税委会公告2026年第5号
55169400,印花,,,米/千克,税委会公告2026年第5号
56012100,棉制,,,千克,税委会公告2026年第5号
56012210,卷烟滤嘴,7,,千克,税委会公告2026年第5号
56012290,其他,,,千克,税委会公告2026年第5号
56012900,其他,,,千克,税委会公告2026年第5号
56013000,纤维屑、纤维粉末及球结由两种或两种以上有机聚合物纺制的纤维（横截面为皮芯结构或并列结构或海岛结构），长度不超过5毫米,,,千克,税委会公告2026年第5号
56021000,针刺机制毡呢及纤维缝编织物,,,千克,税委会公告2026年第5号
56022100,羊毛或动物细毛制,,,千克,税委会公告2026年第5号
56022900,其他纺织材料制,,,千克,税委会公告2026年第5号
56029000,其他,,,千克,税委会公告2026年第5号
56031110,经浸渍、涂布、包覆或层压,,,千克,税委会公告2026年第5号
56031190,其他,,,千克,税委会公告2026年第5号
56031210,经浸渍、涂布、包覆或层压,,,千克,税委会公告2026年第5号
56031290,其他,,,千克,税委会公告2026年第5号
56031310,经浸渍、涂布、包覆或层压,,,千克,税委会公告2026年第5号
56031390,其他,,,千克,税委会公告2026年第5号
56031410,经浸渍、涂布、包覆或层压,,,千克,税委会公告2026年第5号
56031490,其他,,,千克,税委会公告2026年第5号
56039110,经浸渍、涂布、包覆或层压,,,千克,税委会公告2026年第5号
56039190,其他,,,千克,税委会公告2026年第5号
56039210,经浸渍、涂布、包覆或层压,,,千克,税委会公告2026年第5号
56039290,其他,,,千克,税委会公告2026年第5号
56039310,经浸渍、涂布、包覆或层压,,,千克,税委会公告2026年第5号
56039390,其他,,,千克,税委会公告2026年第5号
56039410,经浸渍、涂布、包覆或层压,,,千克,税委会公告2026年第5号
56039490,其他,,,千克,税委会公告2026年第5号
56041000,用纺织材料包覆的橡胶线及绳,,,千克,税委会公告2026年第5号
56049000,其他,,,千克,税委会公告2026年第5号
56050000,含金属纱线，不论是否螺旋花线，由纺织纱线或税目54.04或54.05的扁条及类似品与金属线、扁条或粉末混合制得或用金属包覆制得,,,千克,税委会公告2026年第5号
56060000,粗松螺旋花线，税目54.04或54.05的扁条及类似品制的螺旋花线（税目56.05的货品及马毛粗松螺旋花线除外）；绳绒线（包括植绒绳绒线）；纵行起圈纱线,,,千克,税委会公告2026年第5号
56072100,包扎用绳,,,千克,税委会公告2026年第5号
56072900,其他,,,千克,税委会公告2026年第5号
56074100,包扎用绳,,,千克,税委会公告2026年第5号
56074900,其他,,,千克,税委会公告2026年第5号
56075000,其他合成纤维纺制,,,千克,税委会公告2026年第5号
56079010,蕉麻（马尼拉麻）或其他硬质（叶）纤维纺制,,,千克,税委会公告2026年第5号
56079090,其他,,,千克,税委会公告2026年第5号
56081100,制成的渔网,,,千克,税委会公告2026年第5号
56081900,其他,,,千克,税委会公告2026年第5号
56089000,其他,,,千克,税委会公告2026年第5号
56090000,用纱线、税目54.04或54.05的扁条及类似品或线、绳、索、缆制成的其他税目未列名物品,,,千克,税委会公告2026年第5号
57011000,羊毛或动物细毛制,,,千克/平方米,税委会公告2026年第5号
57019010,化学纤维制,,,千克/平方米,税委会公告2026年第5号
57019020,丝制,,,千克/平方米,税委会公告2026年第5号
57019090,其他,,,千克/平方米,税委会公告2026年第5号
57021000,“开来姆”“苏麦克”“卡拉马尼”及类似的手织地毯,,,千克/平方米,税委会公告2026年第5号
57022000,椰壳纤维制的铺地制品,,,千克/平方米,税委会公告2026年第5号
57023100,羊毛或动物细毛制,,,千克/平方米,税委会公告2026年第5号
57023200,化学纤维制,,,千克/平方米,税委会公告2026年第5号
57023900,其他纺织材料制,,,千克/平方米,税委会公告2026年第5号
57024100,羊毛或动物细毛制,,,千克/平方米,税委会公告2026年第5号
57024200,化学纤维制,,,千克/平方米,税委会公告2026年第5号
57024900,其他纺织材料制,,,千克/平方米,税委会公告2026年第5号
57025010,羊毛或动物细毛制,,,千克/平方米,税委会公告2026年第5号
57025020,化学纤维制,,,千克/平方米,税委会公告2026年第5号
57025090,其他纺织材料制,,,千克/平方米,税委会公告2026年第5号
57029100,羊毛或动物细毛制,,,千克/平方米,税委会公告2026年第5号
57029200,化学纤维制,,,千克/平方米,税委会公告2026年第5号
57029900,其他纺织材料制,,,千克/平方米,税委会公告2026年第5号
57031000,羊毛或动物细毛制,,,千克/平方米,税委会公告2026年第5号
57032100,人造草皮,,,千克/平方米,税委会公告2026年第5号
57032900,其他,,,千克/平方米,税委会公告2026年第5号
57033100,人造草皮,,,千克/平方米,税委会公告2026年第5号
57033900,其他,,,千克/平方米,税委会公告2026年第5号
57039000,其他纺织材料制,,,千克/平方米,税委会公告2026年第5号
57041000,最大表面面积不超过0.3平方米,,,千克/平方米,税委会公告2026年第5号
57042000,最大表面面积超过0.3平方米但不超过1平方米,,,千克/平方米,税委会公告2026年第5号
57049000,其他,,,千克/平方米,税委会公告2026年第5号
57050010,羊毛或动物细毛制,,,千克/平方米,税委会公告2026年第5号
57050020,化学纤维制,,,千克/平方米,税委会公告2026年第5号
57050090,其他纺织材料制,,,千克/平方米,税委会公告2026年第5号
58011000,羊毛或动物细毛制,,,米/千克,税委会公告2026年第5号
58012100,不割绒的纬起绒织物,,,米/千克,税委会公告2026年第5号
58012200,割绒的灯芯绒,,,米/千克,税委会公告2026年第5号
58012300,其他纬起绒织物,,,米/千克,税委会公告2026年第5号
58012600,绳绒织物,,,米/千克,税委会公告2026年第5号
58012710,不割绒的（棱纹绸）,,,米/千克,税委会公告2026年第5号
58012720,割绒的,,,米/千克,税委会公告2026年第5号
58013100,不割绒的纬起绒织物,,,米/千克,税委会公告2026年第5号
58013200,割绒的灯芯绒,,,米/千克,税委会公告2026年第5号
58013300,其他纬起绒织物,,,米/千克,税委会公告2026年第5号
58013600,绳绒织物,,,米/千克,税委会公告2026年第5号
58013710,不割绒的（棱纹绸）,,,米/千克,税委会公告2026年第5号
58013720,割绒的,,,米/千克,税委会公告2026年第5号
58019010,丝及绢丝制,,,米/千克,税委会公告2026年第5号
58019090,其他,,,米/千克,税委会公告2026年第5号
58021010,未漂白,,,米/千克,税委会公告2026年第5号
58021090,其他,,,米/千克,税委会公告2026年第5号
58022010,丝及绢丝制,,,米/千克,税委会公告2026年第5号
58022020,羊毛或动物细毛制,,,米/千克,税委会公告2026年第5号
58022030,化学纤维制,,,米/千克,税委会公告2026年第5号
58022090,其他,,,米/千克,税委会公告2026年第5号
58023010,丝及绢丝制,,,米/千克,税委会公告2026年第5号
58023020,羊毛或动物细毛制,,,米/千克,税委会公告2026年第5号
58023030,棉或麻制,,,米/千克,税委会公告2026年第5号
58023040,化学纤维制,,,米/千克,税委会公告2026年第5号
58023090,其他纺织材料制,,,米/千克,税委会公告2026年第5号
58030010,棉制,,,米/千克,税委会公告2026年第5号
58030020,丝及绢丝制,,,米/千克,税委会公告2026年第5号
58030030,化学纤维制,,,米/千克,税委会公告2026年第5号
58030090,其他纺织材料制,,,米/千克,税委会公告2026年第5号
58041010,丝及绢丝制,,,千克,税委会公告2026年第5号
58041020,棉制,,,千克,税委会公告2026年第5号
58041030,化学纤维制,,,千克,税委会公告2026年第5号
58041090,其他纺织材料制,,,千克,税委会公告2026年第5号
58042100,化学纤维制,,,千克,税委会公告2026年第5号
58042910,丝及绢丝制,,,千克,税委会公告2026年第5号
58042920,棉制,,,千克,税委会公告2026年第5号
58042990,其他,,,千克,税委会公告2026年第5号
58043000,手工制花边,,,千克,税委会公告2026年第5号
58050010,手工针绣嵌花装饰毯,,,平方米/千克,税委会公告2026年第5号
58050090,其他,,,平方米/千克,税委会公告2026年第5号
58061010,棉或麻制,,,千克,税委会公告2026年第5号
58061090,其他纺织材料制,,,千克,税委会公告2026年第5号
58062000,按重量计弹性纱线或橡胶线含量在5％及以上的其他机织物,,,千克,税委会公告2026年第5号
58063100,棉制,,,千克,税委会公告2026年第5号
58063200,化学纤维制,,,千克,税委会公告2026年第5号
58063910,丝及绢丝制,,,千克,税委会公告2026年第5号
58063920,羊毛或动物细毛制,,,千克,税委会公告2026年第5号
58063990,其他,,,千克,税委会公告2026年第5号
58064010,棉或麻制,,,千克,税委会公告2026年第5号
58064090,其他纺织材料制,3,,千克,税委会公告2026年第5号
58071000,机织,,,千克,税委会公告2026年第5号
58079000,其他,,,千克,税委会公告2026年第5号
58081000,成匹的编带,,,千克,税委会公告2026年第5号
58089000,其他,,,千克,税委会公告2026年第5号
58090010,与棉混制,,,米/千克,税委会公告2026年第5号
58090020,与化学纤维混制,,,米/千克,税委会公告2026年第5号
58090090,其他,,,米/千克,税委会公告2026年第5号
58101000,不见底布的刺绣品,,,千克,税委会公告2026年第5号
58109100,棉制,,,千克,税委会公告2026年第5号
58109200,化学纤维制,,,千克,税委会公告2026年第5号
58109900,其他纺织材料制,,,千克,税委会公告2026年第5号
58110010,丝及绢丝制,,,千克,税委会公告2026年第5号
58110020,羊毛或动物细毛制,,,千克,税委会公告2026年第5号
58110030,棉制,,,千克,税委会公告2026年第5号
58110040,化学纤维制,,,千克,税委会公告2026年第5号
58110090,其他纺织材料制,,,千克,税委会公告2026年第5号
59011010,棉或麻制,,,千克,税委会公告2026年第5号
59011020,化学纤维制,,,千克,税委会公告2026年第5号
59011090,其他,,,千克,税委会公告2026年第5号
59019010,制成的油画布,,,千克,税委会公告2026年第5号
59019091,棉或麻制,,,千克,税委会公告2026年第5号
59019092,化学纤维制,,,千克,税委会公告2026年第5号
59019099,其他,,,千克,税委会公告2026年第5号
59021010,聚酰胺-6（尼龙-6）制,,,千克,税委会公告2026年第5号
59021020,聚酰胺-6，6（尼龙-6，6）制,,,千克,税委会公告2026年第5号
59021090,其他,,,千克,税委会公告2026年第5号
59022000,聚酯制,,,千克,税委会公告2026年第5号
59029000,其他,,,千克,税委会公告2026年第5号
59031010,绝缘布或带,,,千克,税委会公告2026年第5号
59031020,人造革,,,千克/米,税委会公告2026年第5号
59031090,其他,,,千克,税委会公告2026年第5号
59032010,绝缘布或带,,,千克,税委会公告2026年第5号
59032020,人造革,,,千克/米,税委会公告2026年第5号
59032090,其他,,,千克,税委会公告2026年第5号
59039010,绝缘布或带,,,千克,税委会公告2026年第5号
59039020,人造革,,,千克/米,税委会公告2026年第5号
59039090,其他,,,千克,税委会公告2026年第5号
59041000,列诺伦（亚麻油地毡）,,,千克/平方米,税委会公告2026年第5号
59049000,其他,,,千克/平方米,税委会公告2026年第5号
59050000,糊墙织物,,,千克/平方米,税委会公告2026年第5号
59061010,绝缘带,,,千克,税委会公告2026年第5号
59061090,其他,,,千克,税委会公告2026年第5号
59069100,针织或钩编的,,,千克,税委会公告2026年第5号
59069910,绝缘布或带,,,千克,税委会公告2026年第5号
59069990,其他,,,千克,税委会公告2026年第5号
59070010,绝缘布或带,,,千克,税委会公告2026年第5号
59070020,已绘制画布,,,千克,税委会公告2026年第5号
59070090,其他,,,千克,税委会公告2026年第5号
59080000,用纺织材料机织、编结或针织而成的灯芯、炉芯、打火机芯、烛芯或类似品；煤气灯纱筒及纱罩，不论是否浸渍,,,千克,税委会公告2026年第5号
59090000,纺织材料制的水龙软管及类似的管子，不论有无其他材料作衬里、护套或附件,,,千克,税委会公告2026年第5号
59100000,纺织材料制的传动带或输送带及带料，不论是否用塑料浸渍、涂布、包覆或压层，也不论是否用金属或其他材料加强,,,千克,税委会公告2026年第5号
59111010,用橡胶浸渍的、用于包覆纺锤（织轴）的狭幅丝绒织物,,,千克,税委会公告2026年第5号
59111090,其他,,,千克,税委会公告2026年第5号
59112000,筛布，不论是否制成的,,,千克,税委会公告2026年第5号
59113100,每平方米重量在650克以下,,,千克,税委会公告2026年第5号
59113200,每平方米重量在650克及以上,,,千克,税委会公告2026年第5号
59114000,用于榨油机器或类似机器的滤布，包括人发制滤布,,,千克,税委会公告2026年第5号
59119000,其他体外膜肺氧合机用聚甲基戊烯中空纤维膜半导体晶圆制造用自粘式圆形抛光垫,,,千克,税委会公告2026年第5号
60011000,“长毛绒”织物,,,米/千克,税委会公告2026年第5号
60012100,棉制,,,米/千克,税委会公告2026年第5号
60012200,化学纤维制,,,米/千克,税委会公告2026年第5号
60012900,其他纺织材料制,,,米/千克,税委会公告2026年第5号
60019100,棉制,,,米/千克,税委会公告2026年第5号
60019200,化学纤维制,,,米/千克,税委会公告2026年第5号
60019900,其他纺织材料制,,,米/千克,税委会公告2026年第5号
60024010,棉制,,,米/千克,税委会公告2026年第5号
60024020,丝及绢丝制,,,米/千克,税委会公告2026年第5号
60024030,合成纤维制,,,米/千克,税委会公告2026年第5号
60024040,人造纤维制,,,米/千克,税委会公告2026年第5号
60024090,其他,,,米/千克,税委会公告2026年第5号
60029010,棉制,,,米/千克,税委会公告2026年第5号
60029020,丝及绢丝制,,,米/千克,税委会公告2026年第5号
60029030,合成纤维制,,,米/千克,税委会公告2026年第5号
60029040,人造纤维制,,,米/千克,税委会公告2026年第5号
60029090,其他,,,米/千克,税委会公告2026年第5号
60031000,羊毛或动物细毛制,,,米/千克,税委会公告2026年第5号
60032000,棉制,,,米/千克,税委会公告2026年第5号
60033000,合成纤维制,,,米/千克,税委会公告2026年第5号
60034000,人造纤维制,,,米/千克,税委会公告2026年第5号
60039000,其他,,,米/千克,税委会公告2026年第5号
60041010,棉制,,,米/千克,税委会公告2026年第5号
60041020,丝及绢丝制,,,米/千克,税委会公告2026年第5号
60041030,合成纤维制,,,米/千克,税委会公告2026年第5号
60041040,人造纤维制,,,米/千克,税委会公告2026年第5号
60041090,其他,,,米/千克,税委会公告2026年第5号
60049010,棉制,,,米/千克,税委会公告2026年第5号
60049020,丝及绢丝制,,,米/千克,税委会公告2026年第5号
60049030,合成纤维制,,,米/千克,税委会公告2026年第5号
60049040,人造纤维制,,,米/千克,税委会公告2026年第5号
60049090,其他,,,米/千克,税委会公告2026年第5号
60052100,未漂白或漂白,,,米/千克,税委会公告2026年第5号
60052200,染色,,,米/千克,税委会公告2026年第5号
60052300,色织,,,米/千克,税委会公告2026年第5号
60052400,印花,,,米/千克,税委会公告2026年第5号
60053500,本章子目注释一所列织物,,,米/千克,税委会公告2026年第5号
60053600,其他，未漂白或漂白,,,米/千克,税委会公告2026年第5号
60053700,其他，染色,,,米/千克,税委会公告2026年第5号
60053800,其他，色织,,,米/千克,税委会公告2026年第5号
60053900,其他，印花,,,米/千克,税委会公告2026年第5号
60054100,未漂白或漂白,,,米/千克,税委会公告2026年第5号
60054200,染色,,,米/千克,税委会公告2026年第5号
60054300,色织,,,米/千克,税委会公告2026年第5号
60054400,印花,,,米/千克,税委会公告2026年第5号
60059010,羊毛或动物细毛制,,,米/千克,税委会公告2026年第5号
60059090,其他,,,米/千克,税委会公告2026年第5号
60061000,羊毛或动物细毛制,,,米/千克,税委会公告2026年第5号
60062100,未漂白或漂白,,,米/千克,税委会公告2026年第5号
60062200,染色,,,米/千克,税委会公告2026年第5号
60062300,色织,,,米/千克,税委会公告2026年第5号
60062400,印花,,,米/千克,税委会公告2026年第5号
60063100,未漂白或漂白,,,米/千克,税委会公告2026年第5号
60063200,染色,,,米/千克,税委会公告2026年第5号
60063300,色织,,,米/千克,税委会公告2026年第5号
60063400,印花,,,米/千克,税委会公告2026年第5号
60064100,未漂白或漂白,,,米/千克,税委会公告2026年第5号
60064200,染色,,,米/千克,税委会公告2026年第5号
60064300,色织,,,米/千克,税委会公告2026年第5号
60064400,印花,,,米/千克,税委会公告2026年第5号
60069000,其他,,,米/千克,税委会公告2026年第5号
61012000,棉制,,,件/千克,税委会公告2026年第5号
61013000,化学纤维制,,,件/千克,税委会公告2026年第5号
61019010,羊毛或动物细毛制,,,件/千克,税委会公告2026年第5号
61019090,其他,,,件/千克,税委会公告2026年第5号
61021000,羊毛或动物细毛制,,,件/千克,税委会公告2026年第5号
61022000,棉制,,,件/千克,税委会公告2026年第5号
61023000,化学纤维制,,,件/千克,税委会公告2026年第5号
61029000,其他纺织材料制,,,件/千克,税委会公告2026年第5号
61031010,羊毛或动物细毛制,,,套/千克,税委会公告2026年第5号
61031020,合成纤维制,,,套/千克,税委会公告2026年第5号
61031090,其他纺织材料制,,,套/千克,税委会公告2026年第5号
61032200,棉制,,,套/千克,税委会公告2026年第5号
61032300,合成纤维制,,,套/千克,税委会公告2026年第5号
61032910,羊毛或动物细毛制,,,套/千克,税委会公告2026年第5号
61032990,其他,,,套/千克,税委会公告2026年第5号
61033100,羊毛或动物细毛制,,,件/千克,税委会公告2026年第5号
61033200,棉制,,,件/千克,税委会公告2026年第5号
61033300,合成纤维制,,,件/千克,税委会公告2026年第5号
61033900,其他纺织材料制,,,件/千克,税委会公告2026年第5号
61034100,羊毛或动物细毛制,,,条/千克,税委会公告2026年第5号
61034200,棉制,A,M,条/千克,税委会公告2026年第5号
61034300,合成纤维制,A,M,条/千克,税委会公告2026年第5号
61034900,其他纺织材料制,A,M,条/千克,税委会公告2026年第5号
61041300,合成纤维制,,,套/千克,税委会公告2026年第5号
61041910,羊毛或动物细毛制,,,套/千克,税委会公告2026年第5号
61041920,棉制,,,套/千克,税委会公告2026年第5号
61041990,其他,,,套/千克,税委会公告2026年第5号
61042200,棉制,,,套/千克,税委会公告2026年第5号
61042300,合成纤维制,,,套/千克,税委会公告2026年第5号
61042910,羊毛或动物细毛制,,,套/千克,税委会公告2026年第5号
61042990,其他纺织材料制,,,套/千克,税委会公告2026年第5号
61043100,羊毛或动物细毛制,,,件/千克,税委会公告2026年第5号
61043200,棉制,,,件/千克,税委会公告2026年第5号
61043300,合成纤维制,,,件/千克,税委会公告2026年第5号
61043900,其他纺织材料制,,,件/千克,税委会公告2026年第5号
61044100,羊毛或动物细毛制,,,件/千克,税委会公告2026年第5号
61044200,棉制,,,件/千克,税委会公告2026年第5号
61044300,合成纤维制,,,件/千克,税委会公告2026年第5号
61044400,人造纤维制,,,件/千克,税委会公告2026年第5号
61044900,其他纺织材料制,,,件/千克,税委会公告2026年第5号
61045100,羊毛或动物细毛制,,,件/千克,税委会公告2026年第5号
61045200,棉制,,,件/千克,税委会公告2026年第5号
61045300,合成纤维制,,,件/千克,税委会公告2026年第5号
61045900,其他纺织材料制,,,件/千克,税委会公告2026年第5号
61046100,羊毛或动物细毛制,,,条/千克,税委会公告2026年第5号
61046200,棉制,A,M,条/千克,税委会公告2026年第5号
61046300,合成纤维制,A,M,条/千克,税委会公告2026年第5号
61046900,其他纺织材料制,,,条/千克,税委会公告2026年第5号
61051000,棉制,A,M,件/千克,税委会公告2026年第5号
61052000,化学纤维制,A,M,件/千克,税委会公告2026年第5号
61059000,其他纺织材料制,,,件/千克,税委会公告2026年第5号
61061000,棉制,A,M,件/千克,税委会公告2026年第5号
61062000,化学纤维制,,,件/千克,税委会公告2026年第5号
61069000,其他纺织材料制,,,件/千克,税委会公告2026年第5号
61071100,棉制,A,M,件/千克,税委会公告2026年第5号
61071200,化学纤维制,A,M,件/千克,税委会公告2026年第5号
61071910,丝及绢丝制,A,M,件/千克,税委会公告2026年第5号
61071990,其他,A,M,件/千克,税委会公告2026年第5号
61072100,棉制,A,M,件/千克,税委会公告2026年第5号
61072200,化学纤维制,A,M,件/千克,税委会公告2026年第5号
61072910,丝及绢丝制,A,M,件/千克,税委会公告2026年第5号
61072990,其他,A,M,件/千克,税委会公告2026年第5号
61079100,棉制,A,M,件/千克,税委会公告2026年第5号
61079910,化学纤维制,A,M,件/千克,税委会公告2026年第5号
61079990,其他,A,M,件/千克,税委会公告2026年第5号
61081100,化学纤维制,,,件/千克,税委会公告2026年第5号
61081910,棉制,,,件/千克,税委会公告2026年第5号
61081920,丝及绢丝制,,,件/千克,税委会公告2026年第5号
61081990,其他,,,件/千克,税委会公告2026年第5号
61082100,棉制,A,M,件/千克,税委会公告2026年第5号
61082200,化学纤维制,A,M,件/千克,税委会公告2026年第5号
61082910,丝及绢丝制,A,M,件/千克,税委会公告2026年第5号
61082990,其他,A,M,件/千克,税委会公告2026年第5号
61083100,棉制,A,M,件/千克,税委会公告2026年第5号
61083200,化学纤维制,A,M,件/千克,税委会公告2026年第5号
61083910,丝及绢丝制,A,M,件/千克,税委会公告2026年第5号
61083990,其他,A,M,件/千克,税委会公告2026年第5号
61089100,棉制,A,M,件/千克,税委会公告2026年第5号
61089200,化学纤维制,A,M,件/千克,税委会公告2026年第5号
61089900,其他纺织材料制,A,M,件/千克,税委会公告2026年第5号
61091000,棉制,A,M,件/千克,税委会公告2026年第5号
61099010,丝及绢丝制,A,M,件/千克,税委会公告2026年第5号
61099090,其他,A,M,件/千克,税委会公告2026年第5号
61101100,羊毛制,,,件/千克,税委会公告2026年第5号
61101200,喀什米尔山羊细毛制,,,件/千克,税委会公告2026年第5号
61101910,其他山羊细毛制,,,件/千克,税委会公告2026年第5号
61101920,兔毛制,,,件/千克,税委会公告2026年第5号
61101990,其他,,,件/千克,税委会公告2026年第5号
61102000,棉制,A,M,件/千克,税委会公告2026年第5号
61103000,化学纤维制,A,M,件/千克,税委会公告2026年第5号
61109010,丝及绢丝制,,,件/千克,税委会公告2026年第5号
61109090,其他,,,件/千克,税委会公告2026年第5号
61112000,棉制,A,M,千克,税委会公告2026年第5号
61113000,合成纤维制,A,M,千克,税委会公告2026年第5号
61119010,羊毛或动物细毛制,A,M,千克,税委会公告2026年第5号
61119090,其他,A,M,千克,税委会公告2026年第5号
61121100,棉制,,,套/千克,税委会公告2026年第5号
61121200,合成纤维制,,,套/千克,税委会公告2026年第5号
61121900,其他纺织材料制,,,套/千克,税委会公告2026年第5号
61122010,棉制,,,套/千克,税委会公告2026年第5号
61122090,其他,,,套/千克,税委会公告2026年第5号
61123100,合成纤维制,,,件/千克,税委会公告2026年第5号
61123900,其他纺织材料制,,,件/千克,税委会公告2026年第5号
61124100,合成纤维制,,,件/千克,税委会公告2026年第5号
61124900,其他纺织材料制,,,件/千克,税委会公告2026年第5号
61130000,用税目59.03、59.06或59.07的针织物或钩编织物制成的服装,,,件/千克,税委会公告2026年第5号
61142000,棉制,,,件/千克,税委会公告2026年第5号
61143000,化学纤维制,,,件/千克,税委会公告2026年第5号
61149010,羊毛或动物细毛制,,,件/千克,税委会公告2026年第5号
61149090,其他,,,件/千克,税委会公告2026年第5号
61151000,渐紧压袜类（例如，用以治疗静脉曲张的长统袜）,,,双/千克,税委会公告2026年第5号
61152100,每根单丝细度在67分特以下的合成纤维制,,,双/千克,税委会公告2026年第5号
61152200,每根单丝细度在67分特及以上的合成纤维制,,,双/千克,税委会公告2026年第5号
61152910,棉制,,,双/千克,税委会公告2026年第5号
61152990,其他,,,双/千克,税委会公告2026年第5号
61153000,女式长统袜及中统袜，每根单丝细度在67分特以下,,,双/千克,税委会公告2026年第5号
61159400,羊毛或动物细毛制,,,双/千克,税委会公告2026年第5号
61159500,棉制,,,双/千克,税委会公告2026年第5号
61159600,合成纤维制,,,双/千克,税委会公告2026年第5号
61159900,其他纺织材料制,,,双/千克,税委会公告2026年第5号
61161000,用塑料或橡胶浸渍、涂布、包覆或层压的,,,双/千克,税委会公告2026年第5号
61169100,羊毛或动物细毛制,,,双/千克,税委会公告2026年第5号
61169200,棉制,,,双/千克,税委会公告2026年第5号
61169300,合成纤维制,,,双/千克,税委会公告2026年第5号
61169900,其他纺织材料制,,,双/千克,税委会公告2026年第5号
61171011,山羊绒制,,,条/千克,税委会公告2026年第5号
61171019,其他,,,条/千克,税委会公告2026年第5号
61171020,羊毛制,,,条/千克,税委会公告2026年第5号
61171090,其他,,,条/千克,税委会公告2026年第5号
61178010,领带及领结,,,千克/条,税委会公告2026年第5号
61178090,其他,,,千克,税委会公告2026年第5号
61179000,零件,,,千克,税委会公告2026年第5号
62012000,羊毛或动物细毛制,,,件/千克,税委会公告2026年第5号
62013010,羽绒服,,,件/千克,税委会公告2026年第5号
62013090,其他,,,件/千克,税委会公告2026年第5号
62014010,羽绒服,,,件/千克,税委会公告2026年第5号
62014090,其他,,,件/千克,税委会公告2026年第5号
62019000,其他纺织材料制,,,件/千克,税委会公告2026年第5号
62022000,羊毛或动物细毛制,,,件/千克,税委会公告2026年第5号
62023010,羽绒服,,,件/千克,税委会公告2026年第5号
62023090,其他,,,件/千克,税委会公告2026年第5号
62024010,羽绒服,,,件/千克,税委会公告2026年第5号
62024090,其他,,,件/千克,税委会公告2026年第5号
62029000,其他纺织材料制,,,件/千克,税委会公告2026年第5号
62031100,羊毛或动物细毛制,,,套/千克,税委会公告2026年第5号
62031200,合成纤维制,,,套/千克,税委会公告2026年第5号
62031910,丝及绢丝制,,,套/千克,税委会公告2026年第5号
62031990,其他,,,套/千克,税委会公告2026年第5号
62032200,棉制,,,套/千克,税委会公告2026年第5号
62032300,合成纤维制,,,套/千克,税委会公告2026年第5号
62032910,丝及绢丝制,,,套/千克,税委会公告2026年第5号
62032920,羊毛或动物细毛制,,,套/千克,税委会公告2026年第5号
62032990,其他,,,套/千克,税委会公告2026年第5号
62033100,羊毛或动物细毛制,,,件/千克,税委会公告2026年第5号
62033200,棉制,,,件/千克,税委会公告2026年第5号
62033300,合成纤维制,,,件/千克,税委会公告2026年第5号
62033910,丝及绢丝制,,,件/千克,税委会公告2026年第5号
62033990,其他,,,件/千克,税委会公告2026年第5号
62034100,羊毛或动物细毛制,,,条/千克,税委会公告2026年第5号
62034210,阿拉伯裤,,,条/千克,税委会公告2026年第5号
62034290,其他,A,M,条/千克,税委会公告2026年第5号
62034310,阿拉伯裤,,,条/千克,税委会公告2026年第5号
62034390,其他,A,M,条/千克,税委会公告2026年第5号
62034910,阿拉伯裤,,,条/千克,税委会公告2026年第5号
62034990,其他,A,M,条/千克,税委会公告2026年第5号
62041100,羊毛或动物细毛制,,,套/千克,税委会公告2026年第5号
62041200,棉制,,,套/千克,税委会公告2026年第5号
62041300,合成纤维制,,,套/千克,税委会公告2026年第5号
62041910,丝及绢丝制,,,套/千克,税委会公告2026年第5号
62041990,其他,,,套/千克,税委会公告2026年第5号
62042100,羊毛或动物细毛制,,,套/千克,税委会公告2026年第5号
62042200,棉制,,,套/千克,税委会公告2026年第5号
62042300,合成纤维制,,,套/千克,税委会公告2026年第5号
62042910,丝及绢丝制,,,套/千克,税委会公告2026年第5号
62042990,其他,,,套/千克,税委会公告2026年第5号
62043100,羊毛或动物细毛制,,,件/千克,税委会公告2026年第5号
62043200,棉制,,,件/千克,税委会公告2026年第5号
62043300,合成纤维制,,,件/千克,税委会公告2026年第5号
62043910,丝及绢丝制,,,件/千克,税委会公告2026年第5号
62043990,其他,,,件/千克,税委会公告2026年第5号
62044100,羊毛或动物细毛制,,,件/千克,税委会公告2026年第5号
62044200,棉制,,,件/千克,税委会公告2026年第5号
62044300,合成纤维制,,,件/千克,税委会公告2026年第5号
62044400,人造纤维制,,,件/千克,税委会公告2026年第5号
62044910,丝及绢丝制,,,件/千克,税委会公告2026年第5号
62044990,其他,,,件/千克,税委会公告2026年第5号
62045100,羊毛或动物细毛制,,,件/千克,税委会公告2026年第5号
62045200,棉制,,,件/千克,税委会公告2026年第5号
62045300,合成纤维制,,,件/千克,税委会公告2026年第5号
62045910,丝及绢丝制,,,件/千克,税委会公告2026年第5号
62045990,其他,,,件/千克,税委会公告2026年第5号
62046100,羊毛或动物细毛制,,,条/千克,税委会公告2026年第5号
62046200,棉制,,,条/千克,税委会公告2026年第5号
62046300,合成纤维制,,,条/千克,税委会公告2026年第5号
62046900,其他纺织材料制,,,条/千克,税委会公告2026年第5号
62052000,棉制,A,M,件/千克,税委会公告2026年第5号
62053000,化学纤维制,A,M,件/千克,税委会公告2026年第5号
62059010,丝及绢丝制,A,M,件/千克,税委会公告2026年第5号
62059020,羊毛或动物细毛制,A,M,件/千克,税委会公告2026年第5号
62059090,其他,A,M,件/千克,税委会公告2026年第5号
62061000,丝及绢丝制,A,M,件/千克,税委会公告2026年第5号
62062000,羊毛或动物细毛制,A,M,件/千克,税委会公告2026年第5号
62063000,棉制,A,M,件/千克,税委会公告2026年第5号
62064000,化学纤维制,A,M,件/千克,税委会公告2026年第5号
62069000,其他纺织材料制,A,M,件/千克,税委会公告2026年第5号
62071100,棉制,A,M,件/千克,税委会公告2026年第5号
62071910,丝及绢丝制,A,M,件/千克,税委会公告2026年第5号
62071920,化学纤维制,A,M,件/千克,税委会公告2026年第5号
62071990,其他,A,M,件/千克,税委会公告2026年第5号
62072100,棉制,A,M,件/千克,税委会公告2026年第5号
62072200,化学纤维制,A,M,件/千克,税委会公告2026年第5号
62072910,丝及绢丝制,A,M,件/千克,税委会公告2026年第5号
62072990,其他,A,M,件/千克,税委会公告2026年第5号
62079100,棉制,A,M,件/千克,税委会公告2026年第5号
62079910,丝及绢丝制,A,M,件/千克,税委会公告2026年第5号
62079920,化学纤维制,A,M,件/千克,税委会公告2026年第5号
62079990,其他,A,M,件/千克,税委会公告2026年第5号
62081100,化学纤维制,,,件/千克,税委会公告2026年第5号
62081910,丝及绢丝制,,,件/千克,税委会公告2026年第5号
62081920,棉制,,,件/千克,税委会公告2026年第5号
62081990,其他,,,件/千克,税委会公告2026年第5号
62082100,棉制,A,M,件/千克,税委会公告2026年第5号
62082200,化学纤维制,A,M,件/千克,税委会公告2026年第5号
62082910,丝及绢丝制,A,M,件/千克,税委会公告2026年第5号
62082990,其他,A,M,件/千克,税委会公告2026年第5号
62089100,棉制,A,M,件/千克,税委会公告2026年第5号
62089200,化学纤维制,A,M,件/千克,税委会公告2026年第5号
62089910,丝及绢丝制,A,M,件/千克,税委会公告2026年第5号
62089990,其他,A,M,件/千克,税委会公告2026年第5号
62092000,棉制,A,M,千克,税委会公告2026年第5号
62093000,合成纤维制,A,M,千克,税委会公告2026年第5号
62099010,羊毛或动物细毛制,A,M,千克,税委会公告2026年第5号
62099090,其他,A,M,千克,税委会公告2026年第5号
62101010,羊毛或动物细毛制,,,件/千克,税委会公告2026年第5号
62101020,棉或麻制,,,件/千克,税委会公告2026年第5号
62101030,化学纤维制,,,件/千克,税委会公告2026年第5号
62101090,其他纺织材料制,,,件/千克,税委会公告2026年第5号
62102000,税目62.01所列类型的其他服装,,,件/千克,税委会公告2026年第5号
62103000,税目62.02所列类型的其他服装,,,件/千克,税委会公告2026年第5号
62104000,其他男式服装,,,件/千克,税委会公告2026年第5号
62105000,其他女式服装,,,件/千克,税委会公告2026年第5号
62111100,男式,,,件/千克,税委会公告2026年第5号
62111200,女式,,,件/千克,税委会公告2026年第5号
62112010,棉制,,,套/千克,税委会公告2026年第5号
62112090,其他纺织材料制,,,套/千克,税委会公告2026年第5号
62113210,阿拉伯袍,,,件/千克,税委会公告2026年第5号
62113220,运动服,,,套/千克,税委会公告2026年第5号
62113290,其他,,,件/千克,税委会公告2026年第5号
62113310,阿拉伯袍,,,件/千克,税委会公告2026年第5号
62113320,运动服,,,套/千克,税委会公告2026年第5号
62113390,其他,,,件/千克,税委会公告2026年第5号
62113910,丝及绢丝制,,,件/千克,税委会公告2026年第5号
62113920,羊毛或动物细毛制,,,件/千克,税委会公告2026年第5号
62113990,其他,,,件/千克,税委会公告2026年第5号
62114210,运动服,,,套/千克,税委会公告2026年第5号
62114290,其他,,,件/千克,税委会公告2026年第5号
62114310,运动服,,,套/千克,税委会公告2026年第5号
62114390,其他,,,件/千克,税委会公告2026年第5号
62114910,丝及绢丝制,,,件/千克,税委会公告2026年第5号
62114990,其他,,,件/千克,税委会公告2026年第5号
62121010,化学纤维制,A,M,件/千克,税委会公告2026年第5号
62121090,其他纺织材料制,A,M,件/千克,税委会公告2026年第5号
62122010,化学纤维制,A,M,件/千克,税委会公告2026年第5号
62122090,其他纺织材料制,A,M,件/千克,税委会公告2026年第5号
62123010,化学纤维制,A,M,件/千克,税委会公告2026年第5号
62123090,其他纺织材料制,A,M,件/千克,税委会公告2026年第5号
62129010,化学纤维制,,,件/千克,税委会公告2026年第5号
62129090,其他纺织材料制,,,件/千克,税委会公告2026年第5号
62132010,刺绣的,,,条/千克,税委会公告2026年第5号
62132090,其他,,,条/千克,税委会公告2026年第5号
62139020,刺绣的,,,条/千克,税委会公告2026年第5号
62139090,其他,,,条/千克,税委会公告2026年第5号
62141000,丝或绢丝制,,,条/千克,税委会公告2026年第5号
62142010,羊毛制,,,条/千克,税委会公告2026年第5号
62142020,山羊绒制,,,条/千克,税委会公告2026年第5号
62142090,其他,,,条/千克,税委会公告2026年第5号
62143000,合成纤维制,,,条/千克,税委会公告2026年第5号
62144000,人造纤维制,,,条/千克,税委会公告2026年第5号
62149000,其他纺织材料制,,,条/千克,税委会公告2026年第5号
62151000,丝或绢丝制,,,条/千克,税委会公告2026年第5号
62152000,化学纤维制,,,条/千克,税委会公告2026年第5号
62159000,其他纺织材料制,,,条/千克,税委会公告2026年第5号
62160000,分指手套、连指手套及露指手套,,,双/千克,税委会公告2026年第5号
62171010,袜子及袜套,,,千克/双,税委会公告2026年第5号
62171020,和服腰带,,,千克/条,税委会公告2026年第5号
62171090,其他,,,千克,税委会公告2026年第5号
62179000,零件,,,千克,税委会公告2026年第5号
63011000,电暖毯,A,LM,条/千克,税委会公告2026年第5号
63012000,羊毛或动物细毛制的毯子（电暖毯除外）及旅行毯,,,条/千克,税委会公告2026年第5号
63013000,棉制的毯子（电暖毯除外）及旅行毯,,,条/千克,税委会公告2026年第5号
63014000,合成纤维制的毯子（电暖毯除外）及旅行毯,,,条/千克,税委会公告2026年第5号
63019000,其他毯子及旅行毯,,,条/千克,税委会公告2026年第5号
63021010,棉制,,,条/千克,税委会公告2026年第5号
63021090,其他纺织材料制,,,条/千克,税委会公告2026年第5号
63022110,床单,,,条/千克,税委会公告2026年第5号
63022190,其他,,,条/千克,税委会公告2026年第5号
63022210,床单,,,条/千克,税委会公告2026年第5号
63022290,其他,,,条/千克,税委会公告2026年第5号
63022910,丝及绢丝制,,,条/千克,税委会公告2026年第5号
63022920,麻制,,,条/千克,税委会公告2026年第5号
63022990,其他,,,条/千克,税委会公告2026年第5号
63023110,刺绣的,,,条/千克,税委会公告2026年第5号
63023191,床单,,,条/千克,税委会公告2026年第5号
63023192,毛巾被,,,条/千克,税委会公告2026年第5号
63023199,其他,,,条/千克,税委会公告2026年第5号
63023210,刺绣的,,,条/千克,税委会公告2026年第5号
63023290,其他,,,条/千克,税委会公告2026年第5号
63023910,丝及绢丝制,,,条/千克,税委会公告2026年第5号
63023921,刺绣的,,,条/千克,税委会公告2026年第5号
63023929,其他,,,条/千克,税委会公告2026年第5号
63023991,刺绣的,,,条/千克,税委会公告2026年第5号
63023999,其他,,,条/千克,税委会公告2026年第5号
63024010,手工制,,,件/千克,税委会公告2026年第5号
63024090,其他,,,件/千克,税委会公告2026年第5号
63025110,刺绣的,,,件/千克,税委会公告2026年第5号
63025190,其他,,,件/千克,税委会公告2026年第5号
63025310,刺绣的,,,件/千克,税委会公告2026年第5号
63025390,其他,,,件/千克,税委会公告2026年第5号
63025911,刺绣的,,,件/千克,税委会公告2026年第5号
63025919,其他,,,件/千克,税委会公告2026年第5号
63025990,其他,,,件/千克,税委会公告2026年第5号
63026010,浴巾,,,条/千克,税委会公告2026年第5号
63026090,其他,,,条/千克,税委会公告2026年第5号
63029100,棉制,,,条/千克,税委会公告2026年第5号
63029300,化学纤维制,,,条/千克,税委会公告2026年第5号
63029910,亚麻制,,,条/千克,税委会公告2026年第5号
63029990,其他,,,条/千克,税委会公告2026年第5号
63031210,针织的,,,千克,税委会公告2026年第5号
63031220,钩编的,,,千克,税委会公告2026年第5号
63031931,针织的,,,千克,税委会公告2026年第5号
63031932,钩编的,,,千克,税委会公告2026年第5号
63031991,针织的,,,千克,税委会公告2026年第5号
63031992,钩编的,,,千克,税委会公告2026年第5号
63039100,棉制,,,千克,税委会公告2026年第5号
63039200,合成纤维制,,,千克,税委会公告2026年第5号
63039900,其他纺织材料制,,,千克,税委会公告2026年第5号
63041121,手工制,,,件/千克,税委会公告2026年第5号
63041129,其他,,,件/千克,税委会公告2026年第5号
63041131,手工制,,,件/千克,税委会公告2026年第5号
63041139,其他,,,件/千克,税委会公告2026年第5号
63041910,丝及绢丝制,,,件/千克,税委会公告2026年第5号
63041921,刺绣的,,,件/千克,税委会公告2026年第5号
63041929,其他,,,件/千克,税委会公告2026年第5号
63041931,刺绣的,,,件/千克,税委会公告2026年第5号
63041939,其他,,,件/千克,税委会公告2026年第5号
63041991,刺绣的,,,件/千克,税委会公告2026年第5号
63041999,其他,,,件/千克,税委会公告2026年第5号
63042010,手工制,S,,件/千克,税委会公告2026年第5号
63042090,其他,S,,件/千克,税委会公告2026年第5号
63049121,手工制,,,千克,税委会公告2026年第5号
63049129,其他,,,千克,税委会公告2026年第5号
63049131,手工制,,,千克,税委会公告2026年第5号
63049139,其他,,,千克,税委会公告2026年第5号
63049210,刺绣的,,,千克,税委会公告2026年第5号
63049290,其他,,,千克,税委会公告2026年第5号
63049310,刺绣的,,,千克,税委会公告2026年第5号
63049390,其他,,,千克,税委会公告2026年第5号
63049910,丝及绢丝制,,,千克,税委会公告2026年第5号
63049921,刺绣的,,,千克,税委会公告2026年第5号
63049929,其他,,,千克,税委会公告2026年第5号
63049990,其他,,,千克,税委会公告2026年第5号
63051000,黄麻或税目53.03的其他韧皮纺织纤维制,,,条/千克,税委会公告2026年第5号
63052000,棉制,,,条/千克,税委会公告2026年第5号
63053200,散装货物储运软袋,,,条/千克,税委会公告2026年第5号
63053300,其他，聚乙烯、聚丙烯扁条或类似材料制,,,条/千克,税委会公告2026年第5号
63053900,其他,,,条/千克,税委会公告2026年第5号
63059000,其他纺织材料制,,,条/千克,税委会公告2026年第5号
63061200,合成纤维制,,,件/千克,税委会公告2026年第5号
63061910,麻制,,,件/千克,税委会公告2026年第5号
63061920,棉制,,,件/千克,税委会公告2026年第5号
63061990,其他,,,件/千克,税委会公告2026年第5号
63062200,合成纤维制,,,件/千克,税委会公告2026年第5号
63062910,棉制,,,件/千克,税委会公告2026年第5号
63062990,化学纤维制,,,件/千克,税委会公告2026年第5号
63063010,合成纤维制,,,件/千克,税委会公告2026年第5号
63063090,其他纺织材料制,,,件/千克,税委会公告2026年第5号
63064010,棉制,,,件/千克,税委会公告2026年第5号
63064020,化学纤维制,,,件/千克,税委会公告2026年第5号
63064090,其他,,,件/千克,税委会公告2026年第5号
63069010,棉制,,,件/千克,税委会公告2026年第5号
63069020,麻制,,,件/千克,税委会公告2026年第5号
63069030,化学纤维制,,,件/千克,税委会公告2026年第5号
63069090,其他,,,件/千克,税委会公告2026年第5号
63071000,擦地布、擦碗布、抹布及类似擦拭用布,,,千克,税委会公告2026年第5号
63072000,救生衣及安全带,,,千克/件,税委会公告2026年第5号
63079010,口罩,,,千克/个,税委会公告2026年第5号
63079090,其他第二分章成套物品,,,千克/个,税委会公告2026年第5号
63080000,由机织物及纱线构成的零售包装成套物品，不论是否带附件，用以制作小地毯、装饰毯、绣花台布、餐巾或类似的纺织物品第三分章旧衣着及旧纺织品；碎织物,,,千克,税委会公告2026年第5号
63090000,旧衣物,9,,千克,税委会公告2026年第5号
63101000,经分拣的,9,,千克,税委会公告2026年第5号
63109000,其他,9,,千克,税委会公告2026年第5号
64011010,橡胶制鞋面的,,,千克/双,税委会公告2026年第5号
64011090,塑料制鞋面的,,,千克/双,税委会公告2026年第5号
64019210,橡胶制鞋面的,,,千克/双,税委会公告2026年第5号
64019290,塑料制鞋面的,,,千克/双,税委会公告2026年第5号
64019900,其他,,,千克/双,税委会公告2026年第5号
64021200,滑雪靴、越野滑雪鞋靴及滑雪板靴,EF,,千克/双,税委会公告2026年第5号
64021900,其他,EF,,千克/双,税委会公告2026年第5号
64022000,用栓塞方法将鞋面条带装配在鞋底上的鞋,,,千克/双,税委会公告2026年第5号
64029100,鞋靴（过踝）,,,千克/双,税委会公告2026年第5号
64029910,橡胶制鞋面的,,,千克/双,税委会公告2026年第5号
64029921,以机织物或其他纺织材料作衬底的,,,千克/双,税委会公告2026年第5号
64029929,其他,,,千克/双,税委会公告2026年第5号
64031200,滑雪靴、越野滑雪鞋靴及滑雪板靴,EF,,千克/双,税委会公告2026年第5号
64031900,其他,EF,,千克/双,税委会公告2026年第5号
64032000,皮革制外底，由交叉于脚背并绕大脚趾的皮革条带构成鞋面的鞋,EF,,千克/双,税委会公告2026年第5号
64034000,装有金属防护鞋头的其他鞋靴,FE,,千克/双,税委会公告2026年第5号
64035111,小于24厘米的,FE,,千克/双,税委会公告2026年第5号
64035119,其他,EF,,千克/双,税委会公告2026年第5号
64035191,小于24厘米的,EF,,千克/双,税委会公告2026年第5号
64035199,其他,FE,,千克/双,税委会公告2026年第5号
64035900,其他,EF,,千克/双,税委会公告2026年第5号
64039111,小于24厘米的,EF,,千克/双,税委会公告2026年第5号
64039119,其他,EF,,千克/双,税委会公告2026年第5号
64039191,小于24厘米的,EF,,千克/双,税委会公告2026年第5号
64039199,其他,EF,,千克/双,税委会公告2026年第5号
64039900,其他,EF,,千克/双,税委会公告2026年第5号
64041100,运动鞋靴；网球鞋、篮球鞋、体操鞋、训练鞋及类似鞋,,,千克/双,税委会公告2026年第5号
64041910,拖鞋,,,千克/双,税委会公告2026年第5号
64041990,其他,,,千克/双,税委会公告2026年第5号
64042010,拖鞋,,,千克/双,税委会公告2026年第5号
64042090,其他,,,千克/双,税委会公告2026年第5号
64051010,橡胶、塑料、皮革及再生皮革制外底的,,,千克/双,税委会公告2026年第5号
64051090,其他材料制外底的,EF,,千克/双,税委会公告2026年第5号
64052000,纺织材料制鞋面的,,,千克/双,税委会公告2026年第5号
64059010,橡胶、塑料、皮革及再生皮革制外底的,,,千克/双,税委会公告2026年第5号
64059090,其他材料制外底的,,,千克/双,税委会公告2026年第5号
64061000,鞋面及其零件，但硬衬除外,FE,,千克/个,税委会公告2026年第5号
64062010,橡胶制的,,,千克/个,税委会公告2026年第5号
64062020,塑料制的,,,千克/个,税委会公告2026年第5号
64069010,木制,,,千克/个,税委会公告2026年第5号
64069091,活动式鞋内底、跟垫及类似品,,,千克/个,税委会公告2026年第5号
64069092,护腿、裹腿和类似品及其零件,,,千克/个,税委会公告2026年第5号
64069099,其他,,,千克/个,税委会公告2026年第5号
65010000,毡呢制的帽坯、帽身及帽兜，未楦制成形，也未加帽边；毡呢制的圆帽片及制帽用的毡呢筒（包括裁开的毡呢筒）,,,千克,税委会公告2026年第5号
65020000,编结的帽坯或用任何材料的条带拼制而成的帽坯，未楦制成形，也未加帽边、衬里或装饰物,,,千克,税委会公告2026年第5号
65040000,编结帽或用任何材料的条带拼制而成的帽类，不论有无衬里或装饰物,,,个/千克,税委会公告2026年第5号
65050010,发网,,,个/千克,税委会公告2026年第5号
65050020,钩编的帽类,,,个/千克,税委会公告2026年第5号
65050091,用税目65.01的帽身、帽兜或圆帽片制成的毡呢帽类，不论有无衬里或装饰物,,,个/千克,税委会公告2026年第5号
65050099,其他,,,个/千克,税委会公告2026年第5号
65061000,安全帽,3,,个/千克,税委会公告2026年第5号
65069100,橡胶或塑料制,,,个/千克,税委会公告2026年第5号
65069910,皮革制,EF,,个/千克,税委会公告2026年第5号
65069920,毛皮制,EF,,个/千克,税委会公告2026年第5号
65069990,其他,,,个/千克,税委会公告2026年第5号
65070000,帽圈、帽衬、帽套、帽帮、帽骨架、帽舌及帽颏带,FE,,千克,税委会公告2026年第5号
66011000,庭园用伞及类似伞,,,千克/把,税委会公告2026年第5号
66019100,折叠伞,,,千克/把,税委会公告2026年第5号
66019900,其他,,,千克/把,税委会公告2026年第5号
66020000,手杖、带座手杖、鞭子、马鞭及类似品,,,千克/把,税委会公告2026年第5号
66032000,伞骨，包括装在伞柄上的伞骨,,,千克,税委会公告2026年第5号
66039000,其他,EF,,千克,税委会公告2026年第5号
67010000,带羽毛或羽绒的鸟皮及鸟体其他部分、羽毛、部分羽毛、羽绒及其制品（税目05.05的货品和经加工的羽管及羽轴除外）,AFEB,PQ,千克,税委会公告2026年第5号
67021000,塑料制,,,千克,税委会公告2026年第5号
67029010,羽毛制,AFEB,PQ,千克,税委会公告2026年第5号
67029020,丝及绢丝制,,,千克,税委会公告2026年第5号
67029030,化学纤维制,,,千克,税委会公告2026年第5号
67029090,其他,,,千克,税委会公告2026年第5号
67030000,经梳理、稀疏、脱色或其他方法加工的人发；作假发及类似品用的羊毛、其他动物毛或其他纺织材料,,,千克,税委会公告2026年第5号
67041100,整头假发,,,千克,税委会公告2026年第5号
67041900,其他,,,千克,税委会公告2026年第5号
67042000,人发制,,,千克,税委会公告2026年第5号
67049000,其他材料制,,,千克,税委会公告2026年第5号
68010000,天然石料（不包括板岩）制的长方砌石、路缘石、扁平石,,,千克,税委会公告2026年第5号
68021010,大理石,,,千克,税委会公告2026年第5号
68021090,其他,,,千克,税委会公告2026年第5号
68022110,大理石,,,千克,税委会公告2026年第5号
68022120,石灰华,,,千克,日常维护
68022190,其他,,,千克,税委会公告2026年第5号
68022300,花岗岩,A,M,千克,税委会公告2026年第5号
68022910,其他石灰石,,,千克,税委会公告2026年第5号
68022990,其他,,,千克,税委会公告2026年第5号
68029110,石刻,,,千克,日常维护
68029190,其他,,,千克,日常维护
68029210,石刻,,,千克,日常维护
68029290,其他,,,千克,日常维护
68029311,墓碑石,A,M,千克,日常维护
68029319,其他,A,M,千克,日常维护
68029390,其他,A,M,千克,日常维护
68029910,石刻,,,千克,日常维护
68029990,其他,,,千克,日常维护
68030010,板岩制,,,千克,日常维护
68030090,其他,,,千克,日常维护
68041000,碾磨或磨浆用石磨、石碾,,,千克,日常维护
68042110,砂轮,,,千克,日常维护
68042190,其他,3,,千克,日常维护
68042210,砂轮,,,千克,日常维护
68042290,其他,3,,千克,日常维护
68042310,砂轮,,,千克,日常维护
68042390,其他,,,千克,日常维护
68043010,琢磨油石,,,千克,日常维护
68043090,其他,,,千克,日常维护
68051000,砂布,,,千克,日常维护
68052000,砂纸,,,千克,日常维护
68053000,其他,,,千克,日常维护
68061010,硅酸铝纤维及其制品,,,千克,日常维护
68061090,其他矿物纤维，渣球含量小于5％,,,千克,日常维护
68062000,页状蛭石、膨胀粘土、泡沫矿渣及类似的膨胀矿物材料（包括其相互混合物）,,,千克,税委会公告2026年第5号
68069000,其他,,,千克,税委会公告2026年第5号
68071000,成卷,,,千克,税委会公告2026年第5号
68079000,其他,,,千克,税委会公告2026年第5号
68080000,镶板、平板、瓦、砖及类似品，用水泥、石膏及其他矿物粘合材料粘合植物纤维、稻草、刨花、木片屑、木粉、锯末或木废料制成,,,千克,日常维护
68091100,仅用纸、纸板贴面或加强的,,,千克,日常维护
68091900,其他,,,千克,日常维护
68099000,其他制品,,,千克,日常维护
68101100,建筑用砖及石砌块,,,千克,日常维护
68101910,人造石制,,,千克,日常维护
68101990,其他,,,千克,日常维护
68109110,钢筋混凝土和预应力混凝土管、杆、板、桩等,,,千克,日常维护
68109190,其他,,,千克,日常维护
68109910,铁道用水泥枕,,,千克,日常维护
68109990,其他,,,千克,日常维护
68114010,瓦楞板,,,千克,日常维护
68114020,其他片、板、砖、瓦及类似制品,,,千克,日常维护
68114030,管子及管子附件,,,千克,日常维护
68114090,其他制品,,,千克,日常维护
68118100,瓦楞板,,,千克,日常维护
68118200,其他片、板、砖、瓦及类似制品,,,千克,日常维护
68118910,管子及管子附件,,,千克,日常维护
68118990,其他制品,,,千克,日常维护
68128000,青石棉的,,,千克,日常维护
68129100,服装、衣着附件、帽类及鞋靴,,,千克,日常维护
68129910,纸、麻丝板及毡子,,,千克,日常维护
68129920,成片或成卷的压缩石棉纤维接合材料,,,千克,日常维护
68129990,其他,,,千克,日常维护
68132010,闸衬、闸垫,,,千克,日常维护
68132090,其他,,,千克,日常维护
68138100,闸衬、闸垫,,,千克,日常维护
68138900,其他,,,千克,日常维护
68141000,粘聚或复制云母制的板、片、带，不论是否附于其他材料上,,,千克,日常维护
68149000,其他,,,千克,日常维护
68151100,碳纤维,3,,千克,税委会公告2026年第5号
68151200,碳纤维织物,,,千克,日常维护
68151310,碳纤维预浸料航空器用碳纤维预浸料（拉伸模量≥50吉帕，径向拉伸强度≥500兆帕）,,,千克,日常维护
68151390,其他燃料电池用气体扩散层,,,千克,日常维护
68151900,其他砷化镓、磷化铟、氮化镓、碳化硅外延生产设备用石墨配件（金属含量≤5ppm）,,,千克,税委会公告2026年第5号
68152000,泥煤制品,,,千克,税委会公告2026年第5号
68159100,含有菱镁矿、方镁石形态的氧化镁、白云石（包括煅烧形态）或铬铁矿的,,,千克,税委会公告2026年第5号
68159940,玄武岩纤维及其制品,,,千克,税委会公告2026年第5号
68159990,其他电熔高锆质砖，氧化锆含量大于87%,,,千克,税委会公告2026年第5号
69010000,硅质化石粉（例如各种硅藻土）或类似硅土制的砖、块、瓦及其他陶瓷制品,,,千克,税委会公告2026年第5号
69021000,单独或同时含有按重量计超过50％的镁、钙或铬（分别以氧化镁、氧化钙及三氧化二铬的含量计）,,,千克,税委会公告2026年第5号
69022000,含有按重量计超过50％的三氧化二铝、二氧化硅或其混合物或化合物,,,千克,税委会公告2026年第5号
69029000,其他,,,千克,税委会公告2026年第5号
69031000,含有按重量计超过50%的单体碳,3,,千克,税委会公告2026年第5号
69032000,含有按重量计超过50%的三氧化二铝或三氧化二铝和二氧化硅的混合物或化合物,3,,千克,税委会公告2026年第5号
69039000,其他第二分章其他陶瓷产品,3,,千克,日常维护
69041000,建筑用砖,,L,千克/千块,日常维护
69049000,其他,,L,千克,日常维护
69051000,屋顶瓦,,,千克,日常维护
69059000,其他,,L,千克,日常维护
69060000,陶瓷套管、导管、槽管及管子附件,,,千克,日常维护
69072110,不论是否矩形，其最大表面积以可置入边长小于7厘米的方格为限,,L,千克/平方米,日常维护
69072190,其他,,L,千克/平方米,日常维护
69072210,不论是否矩形，其最大表面积以可置入边长小于7厘米的方格为限,,,千克/平方米,日常维护
69072290,其他,,,千克/平方米,日常维护
69072310,不论是否矩形，其最大表面积以可置入边长小于7厘米的方格为限,,,千克/平方米,日常维护
69072390,其他,,,千克/平方米,日常维护
69073010,不论是否矩形，其最大表面积以可置入边长小于7厘米的方格为限,,L,千克/平方米,日常维护
69073090,其他,,L,千克/平方米,日常维护
69074010,不论是否矩形，其最大表面积以可置入边长小于7厘米的方格为限,,L,千克/平方米,日常维护
69074090,其他,,L,千克/平方米,日常维护
69091100,瓷制,3,,千克,日常维护
69091200,莫氏硬度为9或以上的物品,3,,千克,日常维护
69091900,其他,3,,千克,日常维护
69099000,其他,,,千克,日常维护
69101000,瓷制,,,千克/件,日常维护
69109000,其他,A,M,千克/件,日常维护
69111011,骨瓷,A,R,千克,日常维护
69111019,其他,A,R,千克,日常维护
69111021,刀具,A,R,千克,日常维护
69111029,其他,A,R,千克,日常维护
69119000,其他,,,千克,日常维护
69120010,餐具,A,R,千克,日常维护
69120090,其他,A,R,千克,日常维护
69131000,瓷制,,,千克,日常维护
69139000,其他,,,千克,日常维护
69141000,瓷制,,,千克,日常维护
69149000,其他,,,千克,日常维护
70010010,无色光学玻璃块料无色光学玻璃块料[符合指标1（三个参数均满足）：均匀性不高于5ppm，气泡度不高于0.03平方毫米，应力双折射不高于5纳米/厘米的；或符合指标2：羟基含量低于300ppm的],,,千克,日常维护
70010090,其他,9,,千克,日常维护
70021000,玻璃球,,,千克,税委会公告2026年第5号
70022010,光导纤维预制棒,,,千克,税委会公告2026年第5号
70022090,其他,,,千克,税委会公告2026年第5号
70023110,光导纤维用波导级石英玻璃管,,,千克,税委会公告2026年第5号
70023190,其他,,,千克,税委会公告2026年第5号
70023200,温度在0摄氏度至300摄氏度时线膨胀系数不超过5×10-6/开尔文的其他玻璃制,,,千克,日常维护
70023900,其他,,,千克,日常维护
70031200,整块着色、不透明、镶色或具有吸收、反射或非反射层的,,,千克/平方米,税委会公告2026年第5号
70031900,其他液晶或有机发光二极管（OLED）显示屏基板用原板玻璃手机或平板电脑盖板（包括前盖、后盖）用原板玻璃,,,千克/平方米,税委会公告2026年第5号
70032000,夹丝玻璃板、片,,,千克/平方米,税委会公告2026年第5号
70033000,型材及异型材,,,千克/平方米,税委会公告2026年第5号
70042000,整块着色、不透明、镶色或具有吸收、反射或非反射层的,,,千克/平方米,税委会公告2026年第5号
70049000,其他玻璃光学平板玻璃，厚度0.7毫米以下液晶或有机发光二极管（OLED）显示屏基板用原板玻璃手机或平板电脑盖板（包括前盖、后盖）用原板玻璃,,,千克/平方米,税委会公告2026年第5号
70051000,具有吸收、反射或非反射层的非夹丝玻璃,,,千克/平方米,税委会公告2026年第5号
70052100,整块着色、不透明、镶色或仅表面研磨的,,,千克/平方米,税委会公告2026年第5号
70052900,其他液晶或有机发光二极管（OLED）显示屏基板用原板玻璃手机或平板电脑盖板（包括前盖、后盖）用原板玻璃,,,千克/平方米,税委会公告2026年第5号
70053000,夹丝玻璃,,,千克/平方米,税委会公告2026年第5号
70060000,"经弯曲、磨边、镂刻、钻孔、涂珐琅或其他加工的税目70.03、70.04或70.05的玻璃，但未用其他材料镶框或装配液晶玻璃基板,6代(1850毫米*1500毫米）以上，不含6代",,,千克,日常维护
70071110,航空器、航天器及船舶用空载重量25吨及以上飞机的挡风玻璃,,,千克,日常维护
70071190,其他,A,L,千克,日常维护
70071900,其他,,L,千克/平方米,日常维护
70072110,航空器、航天器及船舶用,,,千克,日常维护
70072190,其他,A,L,千克,日常维护
70072900,其他,,L,千克/平方米,日常维护
70080010,中空或真空隔温、隔音玻璃,,L,千克,日常维护
70080090,其他,,L,千克,日常维护
70091000,车辆后视镜,,L,千克,日常维护
70099100,未镶框,,L,千克,日常维护
70099200,已镶框,,,千克,日常维护
70101000,安瓿,,,千克,日常维护
70102000,塞、盖及类似的封口器,,,千克,日常维护
70109010,超过1升,,,千克,日常维护
70109020,超过0.33升，但不超过1升,,,千克,日常维护
70109030,超过0.15升，但不超过0.33升,,,千克,日常维护
70109090,不超过0.15升,,,千克,日常维护
70111000,电灯用,,,千克,税委会公告2026年第5号
70112010,显像管玻壳及其零件,6,,千克,日常维护
70112090,其他,6,,千克,日常维护
70119010,电子管用（阴极射线管用的除外）,,,千克,日常维护
70119090,其他,,,千克,税委会公告2026年第5号
70131000,玻璃陶瓷制,,,千克,日常维护
70132200,铅晶质玻璃制,,,千克,日常维护
70132800,其他,A,R,千克,日常维护
70133300,铅晶质玻璃制,,,千克,日常维护
70133700,其他,A,R,千克,日常维护
70134100,铅晶质玻璃制,A,R,千克,日常维护
70134200,温度在0摄氏度至300摄氏度时线膨胀系数不超过5×10-6/开尔文的其他玻璃制,A,R,千克,日常维护
70134900,其他,A,R,千克,日常维护
70139100,铅晶质玻璃制,,,千克,日常维护
70139900,其他,,,千克,日常维护
70140010,光学仪器用光学元件毛坯,,,千克,日常维护
70140090,其他,,,千克,日常维护
70151010,变色镜片坯件,,,千克,日常维护
70151090,其他,,,千克,日常维护
70159010,钟表玻璃,,,千克,税委会公告2026年第5号
70159020,平光变色镜片坯件,,,千克,日常维护
70159090,其他,,,千克,税委会公告2026年第5号
70161000,供镶嵌或类似装饰用的玻璃马赛克及其他小件玻璃品，不论是否有衬背,,,千克,日常维护
70169010,花饰铅条窗玻璃及类似品,,,千克,日常维护
70169090,其他,,,千克,日常维护
70171000,熔融石英或其他熔融硅石制,,,千克,日常维护
70172000,温度在0摄氏度至300摄氏度时线膨胀系数不超过5×10-6/开尔文的其他玻璃制,,,千克,日常维护
70179000,其他,,,千克,日常维护
70181000,玻璃珠、仿珍珠、仿宝石或仿半宝石及类似小件玻璃品,,,千克,日常维护
70182000,直径不超过1毫米的微型玻璃球熔融球形二氧化硅微粉，直径小于等于100微米,,,千克,日常维护
70189000,其他,,,千克,日常维护
70191100,长度不超过50毫米的短切原丝,3,,千克,税委会公告2026年第5号
70191200,无捻粗纱,,,千克,税委会公告2026年第5号
70191300,其他纱线，定长纤维纱条,3,,千克,税委会公告2026年第5号
70191400,机械结合毡,3,,千克,税委会公告2026年第5号
70191500,化学粘合毡,3,,千克,税委会公告2026年第5号
70191900,其他,,,千克,税委会公告2026年第5号
70196100,紧密粗纱机织物,3,,千克,税委会公告2026年第5号
70196200,其他紧密粗纱织物,3,,千克,税委会公告2026年第5号
70196310,宽度不超过30厘米的,3,,千克,税委会公告2026年第5号
70196320,宽度超过30厘米的长丝平纹织物，每平方米重量不超过110克，单根纱线细度不超过22特克斯,3,,千克,税委会公告2026年第5号
70196390,其他,3,,千克,税委会公告2026年第5号
70196410,宽度不超过30厘米的,3,,千克,税委会公告2026年第5号
70196490,其他,3,,千克,税委会公告2026年第5号
70196510,粗纱机织物,3,,千克,税委会公告2026年第5号
70196590,其他,3,,千克,税委会公告2026年第5号
70196610,粗纱机织物,3,,千克,税委会公告2026年第5号
70196690,其他,3,,千克,税委会公告2026年第5号
70196910,垫,3,,千克,税委会公告2026年第5号
70196920,纤维网、板及类似无纺产品,3,,千克,税委会公告2026年第5号
70196930,宽度不超过30厘米的机织物,3,,千克,税委会公告2026年第5号
70196990,其他,3,,千克,税委会公告2026年第5号
70197100,覆面毡（薄毡）,3,,千克,税委会公告2026年第5号
70197210,垫,3,,千克,税委会公告2026年第5号
70197290,其他,3,,千克,税委会公告2026年第5号
70197310,垫,3,,千克,税委会公告2026年第5号
70197390,其他,3,,千克,税委会公告2026年第5号
70198010,垫,,,千克,日常维护
70198020,纤维网、板及类似无纺产品,,,千克,税委会公告2026年第5号
70198090,其他,,,千克,税委会公告2026年第5号
70199021,每平方米重量小于450克,3,,千克,税委会公告2026年第5号
70199029,其他,3,,千克,税委会公告2026年第5号
70199091,垫,3,,千克,税委会公告2026年第5号
70199092,其他纤维网、板及类似无纺织产品,3,,千克,税委会公告2026年第5号
70199099,其他,3,,千克,日常维护
70200011,导电玻璃,,,千克,日常维护
70200012,绝缘子用玻璃伞盘,,,千克,税委会公告2026年第5号
70200013,熔融石英或其他熔融硅石制用于插入熔化和氧化炉内以制备半导体晶片的石英反应管及夹持器,,,千克,日常维护
70200019,其他用于插入熔化和氧化炉内以制备半导体晶片的石英反应管及夹持器,,,千克,税委会公告2026年第5号
70200091,保温瓶或其他保温容器用的玻璃胆,A,R,千克/个,日常维护
70200099,其他石英玻璃，平整度小于等于1微米,,,千克,税委会公告2026年第5号
71011011,黑珍珠,AB,PQ,克,税委会公告2026年第5号
71011019,其他,AB,PQ,克,税委会公告2026年第5号
71011091,黑珍珠,AB,PQ,克,税委会公告2026年第5号
71011099,其他,AB,PQ,克,税委会公告2026年第5号
71012110,未分级养殖黑珍珠,AB,PQ,千克,税委会公告2026年第5号
71012190,其他养殖黑珍珠,AB,PQ,千克,税委会公告2026年第5号
71012210,未分级养殖黑珍珠,,,千克,税委会公告2026年第5号
71012290,其他养殖黑珍珠,,,千克,税委会公告2026年第5号
71021000,未分级,D,,克拉,税委会公告2026年第5号
71022100,未加工或经简单锯开、劈开或粗磨,D,,克拉,税委会公告2026年第5号
71022900,其他,,,克拉,税委会公告2026年第5号
71023100,未加工或经简单锯开、劈开或粗磨,D,,克拉,税委会公告2026年第5号
71023900,其他,,,克拉,税委会公告2026年第5号
71031000,未加工或经简单锯开或粗制成形,,,千克,税委会公告2026年第5号
71039100,红宝石、蓝宝石、绿宝石,,,克拉,税委会公告2026年第5号
71039910,翡翠,,,克拉,税委会公告2026年第5号
71039920,水晶,,,克拉,税委会公告2026年第5号
71039930,碧玺,,,克拉,税委会公告2026年第5号
71039940,软玉,,,克拉,税委会公告2026年第5号
71039990,其他,,,克拉,税委会公告2026年第5号
71041000,压电石英,,,克,税委会公告2026年第5号
71042100,钻石,,,克,税委会公告2026年第5号
71042900,其他,,,克,税委会公告2026年第5号
71049110,工业用,3,,克,税委会公告2026年第5号
71049190,其他,,,克,税委会公告2026年第5号
71049911,蓝宝石,,,克,税委会公告2026年第5号
71049919,其他,,,克,税委会公告2026年第5号
71049990,其他,,,克,税委会公告2026年第5号
71051010,天然的,,,克拉,税委会公告2026年第5号
71051020,人工合成的,,,克拉,税委会公告2026年第5号
71059000,其他第二分章贵金属及包贵金属,,,克,税委会公告2026年第5号
71061011,平均粒径小于3微米,4xy,,克,税委会公告2026年第5号
71061019,其他,4xy,,克,税委会公告2026年第5号
71061021,平均粒径小于10微米,4xy,,克,税委会公告2026年第5号
71061029,其他,4xy,,克,税委会公告2026年第5号
71069110,纯度达99.99％及以上,4xy,,克,税委会公告2026年第5号
71069190,其他,4xy,,克,税委会公告2026年第5号
71069210,纯度达99.99％及以上,4xy,,克,税委会公告2026年第5号
71069290,其他,4xy,,克,税委会公告2026年第5号
71070000,以贱金属为底的包银材料异型复合接点带（表面粗糙度Ra≤0.1微米、Rz≤1.0微米，银层硬度≥95维氏硬度（HV），晶体粒径≤3微米）,,,千克,税委会公告2026年第5号
71081100,金粉,J,,克,税委会公告2026年第5号
71081200,其他未锻造形状,J,,克,税委会公告2026年第5号
71081300,其他半制成形状,J,,克,税委会公告2026年第5号
71082000,货币用,J,,克,税委会公告2026年第5号
71090000,以贱金属或银为底的包金材料，加工程度未超过半制成,,,克,税委会公告2026年第5号
71101100,未锻造或粉末状,48xy,,克,税委会公告2026年第5号
71101910,板、片,48xy,,克,税委会公告2026年第5号
71101990,其他,4xy,,克,税委会公告2026年第5号
71102100,未锻造或粉末状,4xy,,克,税委会公告2026年第5号
71102910,板、片,4xy,,克,税委会公告2026年第5号
71102990,其他,4xy,,克,税委会公告2026年第5号
71103100,未锻造或粉末状,4xy,,克,税委会公告2026年第5号
71103910,板、片,4xy,,克,税委会公告2026年第5号
71103990,其他,4xy,,克,税委会公告2026年第5号
71104100,未锻造或粉末状,4xy,,克,税委会公告2026年第5号
71104910,板、片,4xy,,克,税委会公告2026年第5号
71104990,其他,4xy,,克,税委会公告2026年第5号
71110000,以贱金属、银或金为底的包铂材料，加工程度未超过半制成,4xy,,克,税委会公告2026年第5号
71123010,含有银或银化合物的,9,,克,税委会公告2026年第5号
71123090,其他,9,,克,税委会公告2026年第5号
71129110,金及包金的废碎料,9,,克,税委会公告2026年第5号
71129120,含有金或金化合物的废碎料,9,,克,税委会公告2026年第5号
71129210,铂及包铂的废碎料,49xy,,克,税委会公告2026年第5号
71129220,含有铂或铂化合物的废碎料铂含量在3%以上的其他含铂或铂化合物的废碎料,4xy,,克,税委会公告2026年第5号
71129910,含有银或银化合物的废碎料,9,,克,税委会公告2026年第5号
71129920,含有其他贵金属或贵金属化合物的废碎料,9,,克,税委会公告2026年第5号
71129990,其他第三分章珠宝首饰、金银器及其他制品,,,克,税委会公告2026年第5号
71131110,镶嵌钻石的,,,克,税委会公告2026年第5号
71131190,其他,FE,,克,税委会公告2026年第5号
71131911,镶嵌钻石的,,,克,税委会公告2026年第5号
71131919,其他,EF,,克,税委会公告2026年第5号
71131921,镶嵌钻石的,,,克,税委会公告2026年第5号
71131929,其他,EF,,克,税委会公告2026年第5号
71132010,镶嵌钻石的,,,克,税委会公告2026年第5号
71132090,其他,FE,,克,税委会公告2026年第5号
71141100,银制，不论是否包、镀其他贵金属,FE,,克,税委会公告2026年第5号
71141900,其他贵金属制，不论是否包、镀贵金属,FE,,克,税委会公告2026年第5号
71142000,以贱金属为底的包贵金属制,FE,,克,税委会公告2026年第5号
71151000,金属丝布或格栅形状的铂催化剂,4xy,,克,税委会公告2026年第5号
71159010,工业或实验室用,,,克,税委会公告2026年第5号
71159090,其他,,,克,税委会公告2026年第5号
71161000,天然或养殖珍珠制,,,千克,税委会公告2026年第5号
71162000,宝石或半宝石（天然、合成或再造）制,,,千克,税委会公告2026年第5号
71171100,袖扣、饰扣,,,千克,税委会公告2026年第5号
71171900,其他,,,千克,税委会公告2026年第5号
71179000,其他,,,千克,税委会公告2026年第5号
71181000,非法定货币的硬币（金币除外）,,,千克,税委会公告2026年第5号
71189000,其他,J,,千克,税委会公告2026年第5号
72011000,非合金生铁，按重量计含磷量在0.5％及以下,4Bx,N,千克,税委会公告2026年第5号
72012000,非合金生铁，按重量计含磷量在0.5％以上,4Bx,N,千克,税委会公告2026年第5号
72015000,合金生铁；镜铁,4Bx,N,千克,税委会公告2026年第5号
72021100,按重量计含碳量在2％以上,4xy,,千克,税委会公告2026年第5号
72021900,其他,4xy,,千克,税委会公告2026年第5号
72022100,按重量计含硅量55％以上,4xy,,千克,税委会公告2026年第5号
72022900,其他,4xy,,千克,税委会公告2026年第5号
72023000,硅锰铁,4xy,,千克,税委会公告2026年第5号
72024100,按重量计含碳量在4％以上,4xy,,千克,税委会公告2026年第5号
72024900,其他,4xy,,千克,税委会公告2026年第5号
72025000,硅铬铁,4xy,,千克,税委会公告2026年第5号
72026000,镍铁,4xy,,千克,税委会公告2026年第5号
72027000,钼铁,4xy,,千克,税委会公告2026年第5号
72028010,钨铁,4xy,,千克,税委会公告2026年第5号
72028020,硅钨铁,4xy,,千克,税委会公告2026年第5号
72029100,钛铁及硅钛铁,4xy,,千克,税委会公告2026年第5号
72029210,按重量计含钒量在75％及以上,4xy,,千克,税委会公告2026年第5号
72029290,其他,4xy,,千克,税委会公告2026年第5号
72029300,铌铁,4xy,,千克,税委会公告2026年第5号
72029911,速凝永磁片,4xy,,千克,税委会公告2026年第5号
72029912,磁粉,4xy,,千克,税委会公告2026年第5号
72029919,其他,4xy,,千克,税委会公告2026年第5号
72029991,按重量计稀土元素总含量在10％以上的,4xy,,千克,税委会公告2026年第5号
72029999,其他,4xy,,千克,税委会公告2026年第5号
72031000,直接从铁矿还原所得的铁产品,4x,,千克,税委会公告2026年第5号
72039000,其他,4x,,千克,税委会公告2026年第5号
72041000,铸铁废碎料再生钢铁原料,49Ax,M,千克,税委会公告2026年第5号
72042100,不锈钢废碎料,4Ax,M,千克,税委会公告2026年第5号
72042900,其他,4Ax,M,千克,税委会公告2026年第5号
72043000,镀锡钢铁废碎料,49x,,千克,税委会公告2026年第5号
72044100,车、刨、铣、磨、锯、锉、剪、冲加工过程中产生的废料，不论是否成捆再生钢铁原料,49Ax,M,千克,税委会公告2026年第5号
72044900,其他,49Ax,M,千克,税委会公告2026年第5号
72045000,供再熔的碎料钢铁锭,49x,,千克,税委会公告2026年第5号
72051000,颗粒,4Bx,N,千克,税委会公告2026年第5号
72052100,合金钢的,4Bx,N,千克,税委会公告2026年第5号
72052910,铁粉，平均粒径小于10微米,4Bx,N,千克,税委会公告2026年第5号
72052990,其他第二分章铁及非合金钢,4Bx,N,千克,税委会公告2026年第5号
72061000,锭状,4Bx,N,千克,税委会公告2026年第5号
72069000,其他,4Bx,N,千克,税委会公告2026年第5号
72071100,矩形（包括正方形）截面，宽度小于厚度的两倍,4Bx,N,千克,税委会公告2026年第5号
72071200,其他矩形（正方形除外）截面的,4Bx,N,千克,税委会公告2026年第5号
72071900,其他,4Bx,N,千克,税委会公告2026年第5号
72072000,按重量计含碳量在0.25%及以上,4Bx,N,千克,税委会公告2026年第5号
72081000,除热轧外未经进一步加工的卷材，已轧压花纹,4x,,千克,税委会公告2026年第5号
72082500,厚度在4.75毫米及以上,4x,,千克,税委会公告2026年第5号
72082610,屈服强度大于355牛顿/平方毫米,4x,,千克,税委会公告2026年第5号
72082690,其他,4x,,千克,税委会公告2026年第5号
72082710,厚度小于1.5毫米,4x,,千克,税委会公告2026年第5号
72082790,其他,4x,,千克,税委会公告2026年第5号
72083600,厚度超过10毫米,4x,,千克,税委会公告2026年第5号
72083700,厚度在4.75毫米及以上，但不超过10毫米,4x,,千克,税委会公告2026年第5号
72083810,屈服强度大于355牛顿/平方毫米,4x,,千克,税委会公告2026年第5号
72083890,其他,4x,,千克,税委会公告2026年第5号
72083910,厚度小于1.5毫米,4x,,千克,税委会公告2026年第5号
72083990,其他,4x,,千克,税委会公告2026年第5号
72084000,已轧压花纹的非卷材，除热轧外未经进一步加工,4x,,千克,税委会公告2026年第5号
72085110,厚度超过50毫米,4x,,千克,税委会公告2026年第5号
72085121,屈服强度不小于500牛顿/平方毫米,4x,,千克,税委会公告2026年第5号
72085129,其他,4x,,千克,税委会公告2026年第5号
72085191,屈服强度不小于500牛顿/平方毫米,4x,,千克,税委会公告2026年第5号
72085199,其他,4x,,千克,税委会公告2026年第5号
72085200,厚度在4.75毫米及以上，但不超过10毫米,4x,,千克,税委会公告2026年第5号
72085310,屈服强度大于355牛顿/平方毫米,4x,,千克,税委会公告2026年第5号
72085390,其他,4x,,千克,税委会公告2026年第5号
72085410,厚度小于1.5毫米,4x,,千克,税委会公告2026年第5号
72085490,其他,4x,,千克,税委会公告2026年第5号
72089000,其他,4x,,千克,税委会公告2026年第5号
72091510,屈服强度大于355牛顿/平方毫米,4x,,千克,税委会公告2026年第5号
72091590,其他,4x,,千克,税委会公告2026年第5号
72091610,屈服强度大于275牛顿/平方毫米,4x,,千克,税委会公告2026年第5号
72091691,断后伸长率不小于40%,4x,,千克,税委会公告2026年第5号
72091699,其他,4x,,千克,税委会公告2026年第5号
72091710,屈服强度大于275牛顿/平方毫米,4x,,千克,税委会公告2026年第5号
72091791,断后伸长率不小于38%,4x,,千克,税委会公告2026年第5号
72091799,其他,4x,,千克,税委会公告2026年第5号
72091810,厚度小于0.3毫米,4x,,千克,税委会公告2026年第5号
72091890,其他,4x,,千克,税委会公告2026年第5号
72092500,厚度在3毫米及以上,4x,,千克,税委会公告2026年第5号
72092600,厚度超过1毫米，但小于3毫米,4x,,千克,税委会公告2026年第5号
72092700,厚度在0.5毫米及以上，但不超过1毫米,4x,,千克,税委会公告2026年第5号
72092800,厚度小于0.5毫米,4x,,千克,税委会公告2026年第5号
72099000,其他,4x,,千克,税委会公告2026年第5号
72101100,厚度在0.5毫米及以上,4x,,千克,税委会公告2026年第5号
72101200,厚度小于0.5毫米,4x,,千克,税委会公告2026年第5号
72102000,镀或涂铅的，包括镀铅锡钢板,4x,,千克,税委会公告2026年第5号
72103000,电镀或涂锌的,4x,,千克,税委会公告2026年第5号
72104100,瓦楞形,4x,,千克,税委会公告2026年第5号
72104910,抗拉强度不小于440牛顿/平方毫米,4x,,千克,税委会公告2026年第5号
72104990,其他,4x,,千克,税委会公告2026年第5号
72105000,镀或涂氧化铬或铬及氧化铬的,4x,,千克,税委会公告2026年第5号
72106100,镀或涂铝锌合金的,4x,,千克,税委会公告2026年第5号
72106900,其他,4x,,千克,税委会公告2026年第5号
72107010,厚度小于1.5毫米,4x,,千克,税委会公告2026年第5号
72107090,其他,4x,,千克,税委会公告2026年第5号
72109000,其他,4x,,千克,税委会公告2026年第5号
72111300,经四面轧制或在闭合匣内轧制的非卷材，宽度超过150毫米，厚度不小于4毫米，未轧压花纹,4x,,千克,税委会公告2026年第5号
72111400,其他，厚度在4.75毫米及以上,4x,,千克,税委会公告2026年第5号
72111900,其他,4x,,千克,税委会公告2026年第5号
72112300,按重量计含碳量低于0.25％,4x,,千克,税委会公告2026年第5号
72112900,其他,4x,,千克,税委会公告2026年第5号
72119000,其他,4x,,千克,税委会公告2026年第5号
72121000,镀或涂锡的,4x,,千克,税委会公告2026年第5号
72122000,电镀或涂锌的,4x,,千克,税委会公告2026年第5号
72123000,用其他方法镀或涂锌的,4x,,千克,税委会公告2026年第5号
72124000,涂漆或涂塑的,4x,,千克,税委会公告2026年第5号
72125000,镀或涂其他材料的,4x,,千克,税委会公告2026年第5号
72126000,经包覆的,4x,,千克,税委会公告2026年第5号
72131000,带有轧制过程中产生的凹痕、凸缘、槽沟及其他变形的,4x,,千克,税委会公告2026年第5号
72132000,其他，易切削钢制,4x,,千克,税委会公告2026年第5号
72139100,直径小于14毫米圆形截面的,4x,,千克,税委会公告2026年第5号
72139900,其他,4x,,千克,税委会公告2026年第5号
72141000,锻造的,4x,,千克,税委会公告2026年第5号
72142000,带有轧制过程中产生的凹痕、凸缘、槽沟或其他变形以及轧制后扭曲的,4x,,千克,税委会公告2026年第5号
72143000,其他，易切削钢制,4x,,千克,税委会公告2026年第5号
72149100,矩形（正方形除外）截面的,4x,,千克,税委会公告2026年第5号
72149900,其他,4x,,千克,税委会公告2026年第5号
72151000,易切削钢制，除冷成型或冷加工外未经进一步加工,4x,,千克,税委会公告2026年第5号
72155000,其他，除冷成型或冷加工外未经进一步加工,4x,,千克,税委会公告2026年第5号
72159000,其他,4x,,千克,税委会公告2026年第5号
72161010,H型钢,4x,,千克,税委会公告2026年第5号
72161020,工字钢,4x,,千克,税委会公告2026年第5号
72161090,其他,4x,,千克,税委会公告2026年第5号
72162100,角钢,4x,,千克,税委会公告2026年第5号
72162200,丁字钢,4x,,千克,税委会公告2026年第5号
72163100,槽钢,4x,,千克,税委会公告2026年第5号
72163210,截面高度在200毫米以上,4x,,千克,税委会公告2026年第5号
72163290,其他,4x,,千克,税委会公告2026年第5号
72163311,截面高度在800毫米以上,4x,,千克,税委会公告2026年第5号
72163319,其他,4x,,千克,税委会公告2026年第5号
72163390,其他,4x,,千克,税委会公告2026年第5号
72164010,角钢,4x,,千克,税委会公告2026年第5号
72164020,丁字钢,4x,,千克,税委会公告2026年第5号
72165010,乙字钢,4x,,千克,税委会公告2026年第5号
72165020,球扁钢,4x,,千克,税委会公告2026年第5号
72165090,其他,4x,,千克,税委会公告2026年第5号
72166100,平板轧材制的,4x,,千克,税委会公告2026年第5号
72166900,其他,4x,,千克,税委会公告2026年第5号
72169100,平板轧材经冷成型或冷加工制的,4x,,千克,税委会公告2026年第5号
72169900,其他,4x,,千克,税委会公告2026年第5号
72171000,未经镀或涂层，不论是否抛光,4x,,千克,税委会公告2026年第5号
72172000,镀或涂锌的,4x,,千克,税委会公告2026年第5号
72173010,镀或涂铜的,4x,,千克,税委会公告2026年第5号
72173090,其他,4x,,千克,税委会公告2026年第5号
72179000,其他第三分章不锈钢,4x,,千克,税委会公告2026年第5号
72181000,锭状及其他初级形状,4Bx,N,千克,税委会公告2026年第5号
72189100,矩形（正方形除外）截面的,4Bx,N,千克,税委会公告2026年第5号
72189900,其他,4Bx,N,千克,税委会公告2026年第5号
72191100,厚度超过10毫米,4x,,千克,税委会公告2026年第5号
72191210,宽度在600毫米及以上，但不超过1800毫米,4x,,千克,税委会公告2026年第5号
72191290,其他,4x,,千克,税委会公告2026年第5号
72191312,按重量计含锰量在5.5％及以上的铬锰系不锈钢,4x,,千克,税委会公告2026年第5号
72191319,其他,4x,,千克,税委会公告2026年第5号
72191322,按重量计含锰量在5.5％及以上的铬锰系不锈钢,4x,,千克,税委会公告2026年第5号
72191329,其他,4x,,千克,税委会公告2026年第5号
72191412,按重量计含锰量在5.5％及以上的铬锰系不锈钢,4x,,千克,税委会公告2026年第5号
72191419,其他,4x,,千克,税委会公告2026年第5号
72191422,按重量计含锰量在5.5％及以上的铬锰系不锈钢,4x,,千克,税委会公告2026年第5号
72191429,其他,4x,,千克,税委会公告2026年第5号
72192100,厚度超过10毫米,4x,,千克,税委会公告2026年第5号
72192200,厚度在4.75毫米及以上，但不超过10毫米,4x,,千克,税委会公告2026年第5号
72192300,厚度在3毫米及以上，但小于4.75毫米,4x,,千克,税委会公告2026年第5号
72192410,厚度超过1毫米但小于3毫米,4x,,千克,税委会公告2026年第5号
72192420,厚度在0.5毫米及以上，但不超过1毫米,4x,,千克,税委会公告2026年第5号
72192430,厚度小于0.5毫米,4x,,千克,税委会公告2026年第5号
72193100,厚度在4.75毫米及以上,4x,,千克,税委会公告2026年第5号
72193210,宽度在600毫米及以上，但不超过1800毫米,4x,,千克,税委会公告2026年第5号
72193290,其他,4x,,千克,税委会公告2026年第5号
72193310,按重量计含锰量在5.5％及以上的铬锰系不锈钢,4x,,千克,税委会公告2026年第5号
72193390,其他,4x,,千克,税委会公告2026年第5号
72193400,厚度在0.5毫米及以上，但不超过1毫米,4x,,千克,税委会公告2026年第5号
72193500,厚度小于0.5毫米,4x,,千克,税委会公告2026年第5号
72199000,其他,4x,,千克,税委会公告2026年第5号
72201100,厚度在4.75毫米及以上,4x,,千克,税委会公告2026年第5号
72201200,厚度小于4.75毫米,4x,,千克,税委会公告2026年第5号
72202020,厚度在0.35毫米及以下,4x,,千克,税委会公告2026年第5号
72202030,厚度在0.35毫米以上但小于3毫米,4x,,千克,税委会公告2026年第5号
72202040,厚度在3毫米及以上,4x,,千克,税委会公告2026年第5号
72209000,其他,4x,,千克,税委会公告2026年第5号
72210000,不规则盘卷的不锈钢热轧条、杆,4x,,千克,税委会公告2026年第5号
72221100,圆形截面的,4x,,千克,税委会公告2026年第5号
72221900,其他,4x,,千克,税委会公告2026年第5号
72222000,条、杆，除冷成形或冷加工外未经进一步加工,4x,,千克,税委会公告2026年第5号
72223000,其他条、杆,4x,,千克,税委会公告2026年第5号
72224000,角材、型材及异型材,4x,,千克,税委会公告2026年第5号
72230000,不锈钢丝第四分章其他合金钢；合金钢或非合金钢制的空心钻钢,4x,,千克,税委会公告2026年第5号
72241000,锭状及其他初级形状,4Bx,N,千克,税委会公告2026年第5号
72249010,单件重量在10吨及以上的粗铸锻件坯,4Bx,N,千克,税委会公告2026年第5号
72249090,其他,4Bx,N,千克,税委会公告2026年第5号
72251100,取向性硅电钢,47x,,千克,税委会公告2026年第5号
72251900,其他,4x,,千克,税委会公告2026年第5号
72253010,厚度在2毫米及以下,4x,,千克,税委会公告2026年第5号
72253090,其他,4x,,千克,税委会公告2026年第5号
72254010,工具钢,4x,,千克,税委会公告2026年第5号
72254091,含硼合金钢,4x,,千克,税委会公告2026年第5号
72254099,其他,4x,,千克,税委会公告2026年第5号
72255000,其他，除冷轧外未经进一步加工,4x,,千克,税委会公告2026年第5号
72259100,电镀或涂锌的,4x,,千克,税委会公告2026年第5号
72259200,用其他方法镀或涂锌的,4x,,千克,税委会公告2026年第5号
72259910,高速钢制,4x,,千克,税委会公告2026年第5号
72259990,其他,4x,,千克,税委会公告2026年第5号
72261100,取向性硅电钢,4x,,千克,税委会公告2026年第5号
72261900,其他,4x,,千克,税委会公告2026年第5号
72262000,高速钢制,4x,,千克,税委会公告2026年第5号
72269110,工具钢,4x,,千克,税委会公告2026年第5号
72269191,含硼合金钢,4x,,千克,税委会公告2026年第5号
72269199,其他,4x,,千克,税委会公告2026年第5号
72269200,除冷轧外未经进一步加工,4x,,千克,税委会公告2026年第5号
72269910,电镀或涂锌的,4x,,千克,税委会公告2026年第5号
72269920,用其他方法镀或涂锌的,4x,,千克,税委会公告2026年第5号
72269990,其他铁镍合金带材（生产集成电路框架用或显示面板精密金属掩膜版用），宽度小于600毫米,4x,,千克,税委会公告2026年第5号
72271000,高速钢制,4x,,千克,税委会公告2026年第5号
72272000,硅锰钢制,4x,,千克,税委会公告2026年第5号
72279010,含硼合金钢制,4x,,千克,税委会公告2026年第5号
72279091,截面为圆形的,4x,,千克,税委会公告2026年第5号
72279099,其他,4x,,千克,税委会公告2026年第5号
72281000,高速钢条、杆,4x,,千克,税委会公告2026年第5号
72282000,硅锰钢条、杆,4x,,千克,税委会公告2026年第5号
72283010,含硼合金钢制,4x,,千克,税委会公告2026年第5号
72283091,截面为圆形的,4x,,千克,税委会公告2026年第5号
72283099,其他,4x,,千克,税委会公告2026年第5号
72284000,其他条、杆，除锻造外未经进一步加工,4x,,千克,税委会公告2026年第5号
72285000,其他条、杆，除冷成形或冷加工外未经进一步加工,4x,,千克,税委会公告2026年第5号
72286000,其他条、杆,4x,,千克,税委会公告2026年第5号
72287010,履带板型钢,4x,,千克,税委会公告2026年第5号
72287090,其他,4x,,千克,税委会公告2026年第5号
72288000,空心钻钢,4x,,千克,税委会公告2026年第5号
72292000,硅锰钢制,4x,,千克,税委会公告2026年第5号
72299010,高速钢制,4x,,千克,税委会公告2026年第5号
72299090,其他,4x,,千克,税委会公告2026年第5号
73011000,钢铁板桩,4x,,千克,税委会公告2026年第5号
73012000,角材、型材及异型材,4x,,千克,税委会公告2026年第5号
73021000,钢轨,4x,,千克,税委会公告2026年第5号
73023000,道岔尖轨、辙叉、尖轨拉杆及其他叉道段体,4x,,千克,税委会公告2026年第5号
73024000,鱼尾板及钢轨垫板,4x,,千克,税委会公告2026年第5号
73029010,轨枕,4x,,千克,税委会公告2026年第5号
73029090,其他,4x,,千克,税委会公告2026年第5号
73030010,内径在500毫米及以上的圆形截面管,4x,,千克,税委会公告2026年第5号
73030090,其他,4x,,千克,税委会公告2026年第5号
73041110,外径大于等于215.9毫米，但不超过406.4毫米,4x,,千克,税委会公告2026年第5号
73041120,外径超过114.3毫米，但小于215.9毫米,4x,,千克,税委会公告2026年第5号
73041130,外径不超过114.3毫米,4x,,千克,税委会公告2026年第5号
73041190,其他,4x,,千克,税委会公告2026年第5号
73041910,外径大于等于215.9毫米，但不超过406.4毫米,4x,,千克,税委会公告2026年第5号
73041920,外径超过114.3毫米，但小于215.9毫米,4x,,千克,税委会公告2026年第5号
73041930,外径不超过114.3毫米,4x,,千克,税委会公告2026年第5号
73041990,其他,4x,,千克,税委会公告2026年第5号
73042210,外径不超过168.3毫米,4x,,千克,税委会公告2026年第5号
73042290,其他,4x,,千克,税委会公告2026年第5号
73042310,外径不超过168.3毫米,4x,,千克,税委会公告2026年第5号
73042390,其他,4x,,千克,税委会公告2026年第5号
73042400,其他不锈钢管,4x,,千克,税委会公告2026年第5号
73042910,屈服强度小于552兆帕斯卡的,4x,,千克,税委会公告2026年第5号
73042920,屈服强度大于等于552兆帕斯卡，但小于758兆帕斯卡的,4x,,千克,税委会公告2026年第5号
73042930,屈服强度大于等于758兆帕斯卡的,4x,,千克,税委会公告2026年第5号
73043110,锅炉管,4x,,千克,税委会公告2026年第5号
73043120,地质钻管、套管,4x,,千克,税委会公告2026年第5号
73043190,其他,4x,,千克,税委会公告2026年第5号
73043910,锅炉管,4x,,千克,税委会公告2026年第5号
73043920,地质钻管、套管,4x,,千克,税委会公告2026年第5号
73043990,其他,4x,,千克,税委会公告2026年第5号
73044110,锅炉管,4x,,千克,税委会公告2026年第5号
73044190,其他,4x,,千克,税委会公告2026年第5号
73044910,锅炉管,4x,,千克,税委会公告2026年第5号
73044990,其他,4x,,千克,税委会公告2026年第5号
73045110,锅炉管,4x,,千克,税委会公告2026年第5号
73045120,地质钻管、套管,4x,,千克,税委会公告2026年第5号
73045190,其他,4x,,千克,税委会公告2026年第5号
73045910,锅炉管,4x,,千克,税委会公告2026年第5号
73045920,地质钻管、套管,4x,,千克,税委会公告2026年第5号
73045990,其他,4x,,千克,税委会公告2026年第5号
73049000,其他,4x,,千克,税委会公告2026年第5号
73051100,纵向埋弧焊接的,4x,,千克,税委会公告2026年第5号
73051200,其他纵向焊接的,4x,,千克,税委会公告2026年第5号
73051900,其他,4x,,千克,税委会公告2026年第5号
73052000,钻探石油或天然气用套管,4x,,千克,税委会公告2026年第5号
73053100,纵向焊接的,4x,,千克,税委会公告2026年第5号
73053900,其他,4x,,千克,税委会公告2026年第5号
73059000,其他,4x,,千克,税委会公告2026年第5号
73061100,不锈钢焊缝管,4x,,千克,税委会公告2026年第5号
73061900,其他,4x,,千克,税委会公告2026年第5号
73062100,不锈钢焊缝管,4x,,千克,税委会公告2026年第5号
73062900,其他,4x,,千克,税委会公告2026年第5号
73063011,壁厚在0.7毫米及以下,4x,,千克,税委会公告2026年第5号
73063019,其他,4x,,千克,税委会公告2026年第5号
73063090,其他,4x,,千克,税委会公告2026年第5号
73064000,不锈钢的其他圆形截面焊缝管,4x,,千克,税委会公告2026年第5号
73065000,其他合金钢的圆形截面焊缝管,4x,,千克,税委会公告2026年第5号
73066100,矩形或正方形截面,4x,,千克,税委会公告2026年第5号
73066900,其他非圆形截面,4x,,千克,税委会公告2026年第5号
73069000,其他,34x,,千克/个,税委会公告2026年第5号
73071100,无可锻性铸铁制,4x,,千克,税委会公告2026年第5号
73071900,其他,4x,,千克,税委会公告2026年第5号
73072100,法兰,4x,,千克,税委会公告2026年第5号
73072200,螺纹肘管、弯管及管套,4x,,千克,税委会公告2026年第5号
73072300,对焊件,4x,,千克,税委会公告2026年第5号
73072900,其他,4x,,千克,税委会公告2026年第5号
73079100,法兰,4x,,千克,税委会公告2026年第5号
73079200,螺纹肘管、弯管及管套,4x,,千克,税委会公告2026年第5号
73079300,对焊件,4x,,千克,税委会公告2026年第5号
73079900,其他,4x,,千克,税委会公告2026年第5号
73081000,桥梁及桥梁体段,,,千克,税委会公告2026年第5号
73082000,塔楼及格构杆,,,千克,税委会公告2026年第5号
73083000,门窗及其框架、门槛,,,千克,税委会公告2026年第5号
73084000,脚手架、模板或坑道支撑用的支柱及类似设备,,,千克,税委会公告2026年第5号
73089000,其他,,,千克,税委会公告2026年第5号
73090000,盛装物料用的钢铁囤、柜、罐、桶及类似容器（装压缩气体或液化气体的除外），容积超过300升，不论是否衬里或隔热，但无机械或热力装置,3,,千克/个,税委会公告2026年第5号
73101000,容积在50升及以上,3,,千克/个,税委会公告2026年第5号
73102110,易拉罐及罐体,A,R,千克,税委会公告2026年第5号
73102190,其他,,,千克,税委会公告2026年第5号
73102910,易拉罐及罐体,A,R,千克,税委会公告2026年第5号
73102990,其他,A,R,千克,税委会公告2026年第5号
73110010,零售包装用,6A,M,千克,税委会公告2026年第5号
73110090,其他,6A,M,千克,税委会公告2026年第5号
73121000,绞股线、绳、缆,,,千克,税委会公告2026年第5号
73129000,其他,,,千克,税委会公告2026年第5号
73130000,带刺钢铁丝；围篱用的钢铁绞带或单股扁丝（不论是否带刺）及松绞的双股丝,,,千克,税委会公告2026年第5号
73141200,不锈钢制的机器用环形带,,,千克,税委会公告2026年第5号
73141400,不锈钢制的其他机织品,,,千克,税委会公告2026年第5号
73141900,其他,,,千克,税委会公告2026年第5号
73142000,交点焊接的网、篱及格栅，其丝的最大截面尺寸在3毫米及以上，网眼尺寸在100平方厘米及以上,,,千克,税委会公告2026年第5号
73143100,镀或涂锌的,,,千克,税委会公告2026年第5号
73143900,其他,,,千克,税委会公告2026年第5号
73144100,镀或涂锌的,,,千克,税委会公告2026年第5号
73144200,涂塑的,,,千克,税委会公告2026年第5号
73144900,其他,,,千克,税委会公告2026年第5号
73145000,网眼钢铁板,,,千克,税委会公告2026年第5号
73151110,自行车用,,,千克,税委会公告2026年第5号
73151120,摩托车用,,,千克,税委会公告2026年第5号
73151190,其他,,,千克,税委会公告2026年第5号
73151200,其他链,,,千克,税委会公告2026年第5号
73151900,零件,,,千克,税委会公告2026年第5号
73152000,防滑链,,,千克,税委会公告2026年第5号
73158100,日字环节链,,,千克,税委会公告2026年第5号
73158200,其他焊接链,,,千克,税委会公告2026年第5号
73158900,其他,,,千克,税委会公告2026年第5号
73159000,其他零件,,,千克,税委会公告2026年第5号
73160000,钢铁锚、多爪锚及其零件,,,千克,税委会公告2026年第5号
73170000,钢铁制的钉、平头钉、图钉、波纹钉、U形钉（税目83.05的货品除外）及类似品，不论钉头是否用其他材料制成，但不包括铜头钉,,,千克,税委会公告2026年第5号
73181100,方头螺钉,,,千克,税委会公告2026年第5号
73181200,其他木螺钉,,,千克,税委会公告2026年第5号
73181300,钩头螺钉及环头螺钉,,,千克,税委会公告2026年第5号
73181400,自攻螺钉,,,千克,税委会公告2026年第5号
73181510,抗拉强度在800兆帕及以上的,,,千克,税委会公告2026年第5号
73181590,其他,,,千克,税委会公告2026年第5号
73181600,螺母,,,千克,税委会公告2026年第5号
73181900,其他,,,千克,税委会公告2026年第5号
73182100,弹簧垫圈及其他防松垫圈,,,千克,税委会公告2026年第5号
73182200,其他垫圈,,,千克,税委会公告2026年第5号
73182300,铆钉,,,千克,税委会公告2026年第5号
73182400,销及开尾销,,,千克,税委会公告2026年第5号
73182900,其他,,,千克,税委会公告2026年第5号
73194010,安全别针,,,千克,税委会公告2026年第5号
73194090,其他别针,,,千克,税委会公告2026年第5号
73199000,其他,,,千克,税委会公告2026年第5号
73201010,铁道车辆用,,,千克,税委会公告2026年第5号
73201020,汽车用,,,千克,税委会公告2026年第5号
73201090,其他,,,千克,税委会公告2026年第5号
73202010,铁道车辆用,,,千克,税委会公告2026年第5号
73202090,其他,,,千克,税委会公告2026年第5号
73209010,铁道车辆用,,,千克,税委会公告2026年第5号
73209090,其他,,,千克,税委会公告2026年第5号
73211100,使用气体燃料或可使用气体燃料及其他燃料的,6,L,千克/个,税委会公告2026年第5号
73211210,煤油炉,,,千克/个,税委会公告2026年第5号
73211290,其他,,,千克/个,税委会公告2026年第5号
73211900,其他，包括使用固体燃料的,,,千克/个,税委会公告2026年第5号
73218100,使用气体燃料或可使用气体燃料及其他燃料的,6,,千克/个,税委会公告2026年第5号
73218200,使用液体燃料的,,,千克/个,税委会公告2026年第5号
73218900,其他，包括使用固体燃料的,,,千克/个,税委会公告2026年第5号
73219000,零件,,,千克,税委会公告2026年第5号
73221100,铸铁制,,,千克,税委会公告2026年第5号
73221900,其他,,,千克,税委会公告2026年第5号
73229000,其他,,,千克,税委会公告2026年第5号
73231000,钢铁丝绒；擦锅器及洗刷擦光用的块垫、手套及类似品,A,R,千克,税委会公告2026年第5号
73239100,铸铁制，未搪瓷,A,R,千克,税委会公告2026年第5号
73239200,铸铁制，已搪瓷,A,R,千克,税委会公告2026年第5号
73239300,不锈钢制,A,R,千克,税委会公告2026年第5号
73239410,面盆,A,R,千克,税委会公告2026年第5号
73239420,烧锅,A,R,千克,税委会公告2026年第5号
73239490,其他,A,R,千克,税委会公告2026年第5号
73239900,其他,A,R,千克,税委会公告2026年第5号
73241000,不锈钢制洗涤槽及脸盆,,,千克,税委会公告2026年第5号
73242100,铸铁制，不论是否搪瓷,,,千克,税委会公告2026年第5号
73242900,其他,,,千克,税委会公告2026年第5号
73249000,其他，包括零件,,,千克,税委会公告2026年第5号
73251010,工业用,,,千克,税委会公告2026年第5号
73251090,其他,,,千克,税委会公告2026年第5号
73259100,研磨机用的研磨球及类似品,,,千克,税委会公告2026年第5号
73259910,工业用,,,千克,税委会公告2026年第5号
73259990,其他,,,千克,税委会公告2026年第5号
73261100,研磨机用的研磨球及类似品,,,千克,税委会公告2026年第5号
73261910,工业用,,,千克,税委会公告2026年第5号
73261990,其他,,,千克,税委会公告2026年第5号
73262010,工业用,,,千克,税委会公告2026年第5号
73262090,其他,,,千克,税委会公告2026年第5号
73269011,钢铁纤维及其制品,,,千克,税委会公告2026年第5号
73269019,其他,3,,千克,税委会公告2026年第5号
73269090,其他,,,千克,税委会公告2026年第5号
74010000,铜锍，沉积铜（泥铜）铜锍,9,,千克,税委会公告2026年第5号
74020000,未精炼铜；电解精炼用的铜阳极,,,千克,税委会公告2026年第5号
74031111,按重量计铜含量超过99.9935％的,,,千克,税委会公告2026年第5号
74031119,其他,,,千克,税委会公告2026年第5号
74031190,阴极型材,,,千克,税委会公告2026年第5号
74031200,线锭,,,千克,税委会公告2026年第5号
74031300,坯段,,,千克,税委会公告2026年第5号
74031900,其他,,,千克,税委会公告2026年第5号
74032100,铜锌合金（黄铜）,,,千克,税委会公告2026年第5号
74032200,铜锡合金（青铜）,,,千克,税委会公告2026年第5号
74032900,其他铜合金（税目74.05的铜母合金除外）,,,千克,税委会公告2026年第5号
74040000,铜废碎料再生铜及铜合金原料,9,,千克,税委会公告2026年第5号
74050000,铜母合金,,,千克,税委会公告2026年第5号
74061010,精炼铜制,,,千克,税委会公告2026年第5号
74061020,铜镍合金（白铜）或铜镍锌合金（德银）制,,,千克,税委会公告2026年第5号
74061030,铜锌合金（黄铜）制,,,千克,税委会公告2026年第5号
74061040,铜锡合金（青铜）制,,,千克,税委会公告2026年第5号
74061090,其他铜合金制,,,千克,税委会公告2026年第5号
74062010,精炼铜制,,,千克,税委会公告2026年第5号
74062020,铜镍合金（白铜）或铜镍锌合金（德银）制,,,千克,税委会公告2026年第5号
74062090,其他铜合金制,,,千克,税委会公告2026年第5号
74071010,铬锆铜制,,,千克,税委会公告2026年第5号
74071090,其他,,,千克,税委会公告2026年第5号
74072111,直线度不大于0.5毫米/米,,,千克,税委会公告2026年第5号
74072119,其他,,,千克,税委会公告2026年第5号
74072190,其他,,,千克,税委会公告2026年第5号
74072900,其他,,,千克,税委会公告2026年第5号
74081100,最大截面尺寸超过6毫米,,,千克,税委会公告2026年第5号
74081900,其他其他含氧量小于5ppm的精炼铜丝,,,千克,税委会公告2026年第5号
74082100,铜锌合金（黄铜）,,,千克,税委会公告2026年第5号
74082210,铜镍锌铅合金（加铅德银）,,,千克,税委会公告2026年第5号
74082290,其他,,,千克,税委会公告2026年第5号
74082900,其他,,,千克,税委会公告2026年第5号
74091110,氧含量不超过10ppm,,,千克,税委会公告2026年第5号
74091190,其他,,,千克,税委会公告2026年第5号
74091900,其他,,,千克,税委会公告2026年第5号
74092100,盘卷的,,,千克,税委会公告2026年第5号
74092900,其他,,,千克,税委会公告2026年第5号
74093100,盘卷的,,,千克,税委会公告2026年第5号
74093900,其他,,,千克,税委会公告2026年第5号
74094000,铜镍合金（白铜）或铜镍锌合金（德银）制,,,千克,税委会公告2026年第5号
74099000,其他铜合金制,,,千克,税委会公告2026年第5号
74101100,精炼铜制,,,千克,税委会公告2026年第5号
74101210,铜镍合金（白铜）或铜镍锌合金（德银）,,,千克,税委会公告2026年第5号
74101290,其他,,,千克,税委会公告2026年第5号
74102110,印制电路用覆铜板,,,千克,税委会公告2026年第5号
74102190,其他,,,千克,税委会公告2026年第5号
74102210,铜镍合金（白铜）或铜镍锌合金（德银）,,,千克,税委会公告2026年第5号
74102290,其他,,,千克,税委会公告2026年第5号
74111011,带有螺纹或翅片的,,,千克,税委会公告2026年第5号
74111019,其他其他含氧量小于5ppm，外径不超过25毫米的精炼铜管,,,千克,税委会公告2026年第5号
74111020,外径超过70毫米的,,,千克,税委会公告2026年第5号
74111090,其他,,,千克,税委会公告2026年第5号
74112110,盘卷的,,,千克,税委会公告2026年第5号
74112190,其他,,,千克,税委会公告2026年第5号
74112200,铜镍合金（白铜）或铜镍锌合金（德银）,,,千克,税委会公告2026年第5号
74112900,其他,,,千克,税委会公告2026年第5号
74121000,精炼铜制,,,千克,税委会公告2026年第5号
74122010,铜镍合金（白铜）或铜镍锌合金（德银）,,,千克,税委会公告2026年第5号
74122090,其他,,,千克,税委会公告2026年第5号
74130000,非绝缘的铜丝绞股线、缆、编带及类似品,,,千克,税委会公告2026年第5号
74151000,钉、平头钉、图钉、U形钉及类似品,,,千克,税委会公告2026年第5号
74152100,垫圈（包括弹簧垫圈）,,,千克,税委会公告2026年第5号
74152900,其他,,,千克,税委会公告2026年第5号
74153310,木螺钉,,,千克,税委会公告2026年第5号
74153390,其他,,,千克,税委会公告2026年第5号
74153900,其他,,,千克,税委会公告2026年第5号
74181010,擦锅器及洗刷、擦光用的块垫、手套及类似品,A,R,千克,税委会公告2026年第5号
74181020,非电热的铜制家用烹饪器具及其零件,A,R,千克,税委会公告2026年第5号
74181090,其他,A,R,千克,税委会公告2026年第5号
74182000,卫生器具及其零件,,,千克,税委会公告2026年第5号
74192010,链条及其零件,,,千克,税委会公告2026年第5号
74192020,其他，工业用,,,千克,税委会公告2026年第5号
74192090,其他,,,千克,税委会公告2026年第5号
74198010,链条及其零件,,,千克,税委会公告2026年第5号
74198020,铜弹簧,,,千克,税委会公告2026年第5号
74198030,铜丝制的布（包括环形带）,,,千克,税委会公告2026年第5号
74198040,铜丝制的网、格栅，网眼铜板,,,千克,税委会公告2026年第5号
74198050,非电热的铜制家用供暖器具及其零件,,,千克,税委会公告2026年第5号
74198091,工业用,,,千克,税委会公告2026年第5号
74198099,其他,,,千克,税委会公告2026年第5号
75011000,镍锍,4xy,,千克,税委会公告2026年第5号
75012010,镍湿法冶炼中间品,4xy,,千克,税委会公告2026年第5号
75012090,其他,4xy,,千克,税委会公告2026年第5号
75021010,按重量计镍、钴总量在99.99％及以上的，但钴含量不超过0.005％,4xy,,千克,税委会公告2026年第5号
75021090,其他,4xy,,千克,税委会公告2026年第5号
75022000,镍合金,4xy,,千克,税委会公告2026年第5号
75030000,镍废碎料,49xy,,千克,税委会公告2026年第5号
75040010,非合金镍粉及片状粉末,3,,千克,税委会公告2026年第5号
75040020,合金镍粉及片状粉末,,,千克,税委会公告2026年第5号
75051100,非合金镍制,,,千克,税委会公告2026年第5号
75051200,镍合金制,,,千克,税委会公告2026年第5号
75052100,非合金镍制,,,千克,税委会公告2026年第5号
75052200,镍合金制外科植入用镍钛合金丝（镍含量54.5%-57.0%，钛含量42.765%-45.5%）,,,千克,税委会公告2026年第5号
75061000,非合金镍制,,,千克,税委会公告2026年第5号
75062000,镍合金制,,,千克,税委会公告2026年第5号
75071100,非合金镍制,,,千克,税委会公告2026年第5号
75071200,镍合金制,,,千克,税委会公告2026年第5号
75072000,管子附件,,,千克,税委会公告2026年第5号
75081010,镍丝布,,,千克,税委会公告2026年第5号
75081080,其他工业用镍制品,,,千克,税委会公告2026年第5号
75081090,其他,,,千克,税委会公告2026年第5号
75089010,电镀用镍阳极,,,千克,税委会公告2026年第5号
75089080,其他工业用镍制品,,,千克,税委会公告2026年第5号
75089090,其他,,,千克,税委会公告2026年第5号
76011010,按重量计含铝量在99.95％及以上,,,千克,税委会公告2026年第5号
76011090,其他,,,千克,税委会公告2026年第5号
76012000,铝合金,,,千克,税委会公告2026年第5号
76020000,铝废碎料再生铝及铝合金原料,9,,千克,税委会公告2026年第5号
76031000,非片状粉末,3A,M,千克,税委会公告2026年第5号
76032000,片状粉末,,,千克,税委会公告2026年第5号
76041010,铝条、杆,,,千克,税委会公告2026年第5号
76041090,其他,,,千克,税委会公告2026年第5号
76042100,空心型材及异型材,,,千克,税委会公告2026年第5号
76042910,铝合金条、杆,3,,千克,税委会公告2026年第5号
76042990,其他,,,千克,税委会公告2026年第5号
76051100,最大截面尺寸超过7毫米,,,千克,税委会公告2026年第5号
76051900,其他,,,千克,税委会公告2026年第5号
76052100,最大截面尺寸超过7毫米,,,千克,税委会公告2026年第5号
76052900,其他,,,千克,税委会公告2026年第5号
76061121,铝塑复合的,,,千克,税委会公告2026年第5号
76061129,其他,,,千克,税委会公告2026年第5号
76061191,铝塑复合的,,,千克,税委会公告2026年第5号
76061199,其他,,,千克,税委会公告2026年第5号
76061220,厚度小于0.28毫米,,,千克,税委会公告2026年第5号
76061230,厚度在0.28毫米及以上，但不超过0.35毫米,,,千克,税委会公告2026年第5号
76061251,铝塑复合的,,,千克,税委会公告2026年第5号
76061259,其他,,,千克,税委会公告2026年第5号
76061290,其他,,,千克,税委会公告2026年第5号
76069100,非合金铝制,,,千克,税委会公告2026年第5号
76069200,铝合金制,,,千克,税委会公告2026年第5号
76071110,厚度不超过0.007毫米,,,千克,税委会公告2026年第5号
76071120,厚度大于0.007毫米，但不超过0.01毫米,,,千克,税委会公告2026年第5号
76071190,其他,,,千克,税委会公告2026年第5号
76071900,其他,,,千克,税委会公告2026年第5号
76072000,有衬背,,,千克,税委会公告2026年第5号
76081000,非合金铝制,,,千克,税委会公告2026年第5号
76082010,外径不超过10厘米的,3,,千克,税委会公告2026年第5号
76082091,壁厚不超过25毫米,3,,千克,税委会公告2026年第5号
76082099,其他,3,,千克,税委会公告2026年第5号
76090000,铝制管子附件（例如，接头、肘管、管套）,,,千克,税委会公告2026年第5号
76101000,门窗及其框架、门槛,,,千克,税委会公告2026年第5号
76109000,其他,,,千克,税委会公告2026年第5号
76110000,盛装物料用的铝制囤、柜、罐、桶及类似容器（装压缩气体或液化气体的除外），容积超过300升，不论是否衬里或隔热，但无机械或热力装置,,,千克,税委会公告2026年第5号
76121000,软管容器,,,千克,税委会公告2026年第5号
76129010,易拉罐及罐体,A,R,千克,税委会公告2026年第5号
76129090,其他,,,千克,税委会公告2026年第5号
76130010,零售包装用,,,千克,税委会公告2026年第5号
76130090,其他,6,,千克,税委会公告2026年第5号
76141000,带钢芯的,,,千克,税委会公告2026年第5号
76149000,其他,,,千克,税委会公告2026年第5号
76151010,擦锅器、洗刷、擦光用的块垫、手套及类似品,A,R,千克,税委会公告2026年第5号
76151090,其他,A,R,千克,税委会公告2026年第5号
76152000,卫生器具及其零件,,,千克,税委会公告2026年第5号
76161000,钉、平头钉、U形钉（税目83.05的货品除外）、螺钉、螺栓、螺母、钩头螺钉、铆钉、销、开尾销、垫圈及类似品,,,千克,税委会公告2026年第5号
76169100,铝丝制的布、网、篱及格栅,,,千克,税委会公告2026年第5号
76169910,工业用,3,,千克,税委会公告2026年第5号
76169990,其他,,,千克,税委会公告2026年第5号
78011000,精炼铅,,,千克,税委会公告2026年第5号
78019100,按重量计所含其他元素是以锑为主的,,,千克,税委会公告2026年第5号
78019900,其他,,,千克,税委会公告2026年第5号
78020000,铅废碎料,9,,千克,税委会公告2026年第5号
78041100,片、带及厚度（衬背除外）不超过0.2毫米的箔,,,千克,税委会公告2026年第5号
78041900,其他,,,千克,税委会公告2026年第5号
78042000,粉末及片状粉末,,,千克,税委会公告2026年第5号
78060010,铅条、杆、型材及异型材或丝,,,千克,税委会公告2026年第5号
78060090,其他,,,千克,税委会公告2026年第5号
79011110,按重量计含锌量在99.995％及以上,,,千克,税委会公告2026年第5号
79011190,其他,,,千克,税委会公告2026年第5号
79011200,按重量计含锌量低于99.99％,,,千克,税委会公告2026年第5号
79012000,锌合金,,,千克,税委会公告2026年第5号
79020000,锌废碎料,9,,千克,税委会公告2026年第5号
79031000,锌末,A,M,千克,税委会公告2026年第5号
79039000,其他,3A,M,千克,税委会公告2026年第5号
79040000,锌条、杆、型材及异型材或丝,,,千克,税委会公告2026年第5号
79050000,锌板、片、带、箔,,,千克,税委会公告2026年第5号
79070020,锌管及锌制管子附件（例如，接头、肘管、管套）,,,千克,税委会公告2026年第5号
79070030,电池壳体坯料（锌饼）,,,千克,税委会公告2026年第5号
79070090,其他,,,千克,税委会公告2026年第5号
80011000,非合金锡,4xy,,千克,税委会公告2026年第5号
80012010,锡基巴毕脱合金,4xy,,千克,税委会公告2026年第5号
80012021,按重量计含铅量在0.1％以下的,4xy,,千克,税委会公告2026年第5号
80012029,其他,4xy,,千克,税委会公告2026年第5号
80012090,其他,4xy,,千克,税委会公告2026年第5号
80020000,锡废碎料,49xy,,千克,税委会公告2026年第5号
80030000,锡条、杆、型材及异型材或丝,4xy,,千克,税委会公告2026年第5号
80070020,锡板、片及带，厚度超过0.2毫米,4xy,,千克,税委会公告2026年第5号
80070030,锡箔（不论是否印花或用纸、纸板、塑料或类似材料衬背），厚度（衬背除外）不超过0.2毫米；锡粉及片状粉末,,,千克,税委会公告2026年第5号
80070040,锡管及管子附件（例如，接头、肘管、管套）,4xy,,千克,税委会公告2026年第5号
80070090,其他,,,千克,税委会公告2026年第5号
81011000,粉末,34,,千克,税委会公告2026年第5号
81019400,未锻轧钨，包括简单烧结而成的条、杆,4xy,,千克,税委会公告2026年第5号
81019600,丝,,,千克,税委会公告2026年第5号
81019700,废碎料,49xy,,千克,税委会公告2026年第5号
81019910,条、杆，但简单烧结而成的除外；型材及异型材、板、片、带、箔,,,千克,税委会公告2026年第5号
81019990,其他,,,千克,税委会公告2026年第5号
81021000,粉末,4xy,,千克,税委会公告2026年第5号
81029400,未锻轧钼，包括简单烧结而成的条、杆,4xy,,千克,税委会公告2026年第5号
81029500,条、杆，但简单烧结而成的除外；型材及异型材、板、片、带、箔,,,千克,税委会公告2026年第5号
81029600,丝,,,千克,税委会公告2026年第5号
81029700,废碎料,49xy,,千克,税委会公告2026年第5号
81029900,其他,4xy,,千克,税委会公告2026年第5号
81032011,松装密度小于2.2克/立方厘米的,4xy,,千克,税委会公告2026年第5号
81032019,其他,4xy,,千克,税委会公告2026年第5号
81032090,其他,4xy,,千克,税委会公告2026年第5号
81033000,废碎料,49xy,,千克,税委会公告2026年第5号
81039100,坩埚,3,,千克,税委会公告2026年第5号
81039911,直径小于0.5毫米,4xy,,千克,税委会公告2026年第5号
81039919,其他,4xy,,千克,税委会公告2026年第5号
81039990,其他,4xy,,千克,税委会公告2026年第5号
81041100,按重量计含镁量至少为99.8％,G,,千克,税委会公告2026年第5号
81041900,其他,,,千克,税委会公告2026年第5号
81042000,废碎料,9,,千克,税委会公告2026年第5号
81043000,锉屑、车屑及颗粒，已按规格分级的；粉末,3G,,千克,税委会公告2026年第5号
81049010,锻轧镁,G,,千克,税委会公告2026年第5号
81049020,镁制品,3,,千克,税委会公告2026年第5号
81052010,钴湿法冶炼中间品,4xy,,千克,税委会公告2026年第5号
81052020,未锻轧钴,4xy,,千克,税委会公告2026年第5号
81052090,其他钴锍及其他冶炼钴时所得的中间产品,,,千克,税委会公告2026年第5号
81053000,废碎料,49xy,,千克,税委会公告2026年第5号
81059000,其他外科植入用钴铬钼合金棒（钴≥55%，铬26%-30%，钼5%-7%）血管支架用钴铬合金管（钴含量45%及以上，铬含量19%-21%，钨含量14%-16%，镍含量9%-11%）,4xy,,千克,税委会公告2026年第5号
81061010,未锻轧铋；废碎料；粉末未锻轧铋,3,,千克,税委会公告2026年第5号
81061090,其他,3,,千克,税委会公告2026年第5号
81069010,未锻轧铋；废碎料；粉末未锻轧铋,4xy3,,千克,税委会公告2026年第5号
81069090,其他,3,,千克,税委会公告2026年第5号
81082021,海绵钛,4xy,,千克,税委会公告2026年第5号
81082029,其他,4Axy,M,千克,税委会公告2026年第5号
81082030,粉末,34Axy,M,千克,税委会公告2026年第5号
81083000,废碎料,49xy,,千克,税委会公告2026年第5号
81089010,条、杆、型材及异型材外科植入用钛合金条、杆、型材及异型材（钛≥88%，5.5%≤铝≤6.75%，3.5%≤钒≤4.5%），复合材料除外,3,,千克,税委会公告2026年第5号
81089020,丝,,,千克,税委会公告2026年第5号
81089031,厚度不超过0.8毫米,,,千克,税委会公告2026年第5号
81089032,厚度超过0.8毫米,3,,千克,税委会公告2026年第5号
81089040,管,3,,千克,税委会公告2026年第5号
81089090,其他,,,千克,税委会公告2026年第5号
81092100,按重量计铪与锆之比低于1:500,3A,M,千克,税委会公告2026年第5号
81092900,其他,3A,M,千克,税委会公告2026年第5号
81093100,按重量计铪与锆之比低于1:500,349,,千克,税委会公告2026年第5号
81093900,其他,349,,千克,税委会公告2026年第5号
81099100,按重量计铪与锆之比低于1:500,3,,千克,税委会公告2026年第5号
81099900,其他,34,,千克,税委会公告2026年第5号
81101010,未锻轧锑,34xy,,千克,税委会公告2026年第5号
81101020,粉末,34Axy,M,千克,税委会公告2026年第5号
81102000,废碎料,349xy,,千克,税委会公告2026年第5号
81109000,其他,34xy,,千克,税委会公告2026年第5号
81110010,未锻轧锰；废碎料；粉末,49xy,,千克,税委会公告2026年第5号
81110090,其他,4xy,,千克,税委会公告2026年第5号
81121200,未锻轧铍；粉末,34A,M,千克,税委会公告2026年第5号
81121300,废碎料,349,,千克,税委会公告2026年第5号
81121900,其他,34,,千克,税委会公告2026年第5号
81122100,未锻轧铬；粉末,4xy,,千克,税委会公告2026年第5号
81122200,废碎料,49xy,,千克,税委会公告2026年第5号
81122900,其他,4xy,,千克,税委会公告2026年第5号
81123100,未锻轧铪；废碎料；粉末,9,,千克,税委会公告2026年第5号
81123900,其他,3,,千克,税委会公告2026年第5号
81124100,未锻轧铼；废碎料；粉末,49Axy,M,千克,税委会公告2026年第5号
81124900,其他,4xy,,千克,税委会公告2026年第5号
81125100,未锻轧铊；粉末,AB,MN,千克,税委会公告2026年第5号
81125200,废碎料,9,,千克,税委会公告2026年第5号
81125900,其他,,,千克,税委会公告2026年第5号
81126100,废碎料,9,,千克,税委会公告2026年第5号
81126910,未锻轧镉；粉末,,,千克,税委会公告2026年第5号
81126990,其他,,,千克,税委会公告2026年第5号
81129210,锗,349A,M,千克,税委会公告2026年第5号
81129220,钒,49Axy,M,千克,税委会公告2026年第5号
81129230,铟,4xy,,千克,税委会公告2026年第5号
81129240,铌未锻轧铌(铌废碎料除外),49xy,,千克,税委会公告2026年第5号
81129290,其他,349A,M,千克,税委会公告2026年第5号
81129910,锗,34,,千克,税委会公告2026年第5号
81129920,钒其他钒氮合金,4xy,,千克,税委会公告2026年第5号
81129930,铟,4xy,,千克,税委会公告2026年第5号
81129940,铌,4xy,,千克,税委会公告2026年第5号
81129990,其他,34,,千克,税委会公告2026年第5号
81130010,颗粒；粉末,9,,千克,税委会公告2026年第5号
81130090,其他铝碳化硅（AlSiC）基板,9,,千克,税委会公告2026年第5号
82011000,锹及铲,AB,PQ,千克/把,税委会公告2026年第5号
82013000,镐、锄及耙,AB,PQ,千克/把,税委会公告2026年第5号
82014000,斧子、钩刀及类似砍伐工具,AB,PQ,千克/把,税委会公告2026年第5号
82015000,修枝剪及类似的单手操作剪刀（包括家禽剪）,AB,PQ,千克/把,税委会公告2026年第5号
82016000,树篱剪、双手修枝剪及类似的双手操作剪刀,AB,PQ,千克/把,税委会公告2026年第5号
82019010,叉,AB,PQ,千克/把,税委会公告2026年第5号
82019090,其他,AB,PQ,千克/把,税委会公告2026年第5号
82021000,手工锯,,,千克/把,税委会公告2026年第5号
82022010,双金属带锯条,,,千克,税委会公告2026年第5号
82022090,其他,,,千克,税委会公告2026年第5号
82023100,带有钢制工作部件,,,千克,税委会公告2026年第5号
82023910,带有天然或合成金刚石、立方氮化硼制的工作部件,,,千克,税委会公告2026年第5号
82023990,其他,,,千克,税委会公告2026年第5号
82024000,链锯片,,,千克,税委会公告2026年第5号
82029110,机械锯用,,,千克,税委会公告2026年第5号
82029190,其他,,,千克,税委会公告2026年第5号
82029910,机械锯用,,,千克,税委会公告2026年第5号
82029990,其他,,,千克,税委会公告2026年第5号
82031000,钢锉、木锉及类似工具,,,千克/把,税委会公告2026年第5号
82032000,钳子（包括剪钳）、镊子及类似工具,3,,千克/把,税委会公告2026年第5号
82033000,白铁剪及类似工具,,,千克/把,税委会公告2026年第5号
82034000,切管器、螺栓切头器、打孔冲子及类似工具,,,千克/把,税委会公告2026年第5号
82041100,固定的,3,,千克/把,税委会公告2026年第5号
82041200,可调的,3,,千克/把,税委会公告2026年第5号
82042000,可互换的扳手套筒，不论是否带手柄,,,千克/套,税委会公告2026年第5号
82051000,钻孔或攻丝工具,,,千克/个,税委会公告2026年第5号
82052000,锤子,,,千克/个,税委会公告2026年第5号
82053000,木工用刨子、凿子及类似切削工具,,,千克/个,税委会公告2026年第5号
82054000,螺丝刀,3,,千克/个,税委会公告2026年第5号
82055100,家用工具,,,千克/个,税委会公告2026年第5号
82055900,其他,,,千克/个,税委会公告2026年第5号
82056000,喷灯,,,千克/个,税委会公告2026年第5号
82057000,台钳、夹钳及类似品,,,千克/个,税委会公告2026年第5号
82059000,其他，包括由本税目项下两个或多个子目所列物品组成的成套货品,3,,千克,税委会公告2026年第5号
82060000,由税目82.02至82.05中两个或多个税目所列工具组成的零售包装成套货品,3,,千克,税委会公告2026年第5号
82071300,带有金属陶瓷制的工作部件,,,千克,税委会公告2026年第5号
82071910,带有天然或合成金刚石、立方氮化硼制的工作部件,,,千克,税委会公告2026年第5号
82071990,其他,,,千克,税委会公告2026年第5号
82072010,带有天然或合成金刚石、立方氮化硼制的工作部件,3,,千克/套,税委会公告2026年第5号
82072090,其他,3,,千克/套,税委会公告2026年第5号
82073000,锻压或冲压工具加工税目87.03所列车辆车身冲压件用的4种关键模具（侧围外板模具、翼子板模具、拼接整体侧围内板模具、拼焊整体侧围加强板模具）加工税目87.03所列车辆车身冲压件用的4种特种模具（σb≥980牛每平方毫米的冷冲压模具、热成型模具、内高压成型模具和铝板模具）,,,千克,税委会公告2026年第5号
82074000,攻丝工具,,,千克/件,税委会公告2026年第5号
82075010,带有天然或合成金刚石、立方氮化硼制的工作部件,,,千克/件,税委会公告2026年第5号
82075090,其他,,,千克/件,税委会公告2026年第5号
82076010,带有天然或合成金刚石、立方氮化硼制的工作部件,,,千克/件,税委会公告2026年第5号
82076090,其他,,,千克/件,税委会公告2026年第5号
82077010,带有天然或合成金刚石、立方氮化硼制的工作部件,,,千克/件,税委会公告2026年第5号
82077090,其他,,,千克/件,税委会公告2026年第5号
82078010,带有天然或合成金刚石、立方氮化硼制的工作部件,,,千克/件,税委会公告2026年第5号
82078090,其他,,,千克/件,税委会公告2026年第5号
82079010,带有天然或合成金刚石、立方氮化硼制的工作部件,,,千克/件,税委会公告2026年第5号
82079090,其他,,,千克/件,税委会公告2026年第5号
82081011,经镀或涂层的,,,千克,税委会公告2026年第5号
82081019,其他,,,千克,税委会公告2026年第5号
82081090,其他,,,千克,税委会公告2026年第5号
82082000,木器加工用,,,千克,税委会公告2026年第5号
82083000,厨房器具或食品工业机器用,A,R,千克,税委会公告2026年第5号
82084000,农业、园艺或林业机器用,,,千克,税委会公告2026年第5号
82089000,其他,,,千克,税委会公告2026年第5号
82090010,板,,,千克,税委会公告2026年第5号
82090021,晶粒度小于0.8微米的,,,千克,税委会公告2026年第5号
82090029,其他,,,千克,税委会公告2026年第5号
82090030,刀头,,,千克,税委会公告2026年第5号
82090090,其他,,,千克,税委会公告2026年第5号
82100000,用于加工或调制食品或饮料的手动机械器具，重量不超过10千克,A,R,千克/台,税委会公告2026年第5号
82111000,成套货品,,,千克/套,税委会公告2026年第5号
82119100,刃面固定的餐刀,A,R,千克/把,税委会公告2026年第5号
82119200,刃面固定的其他刀,,,千克/把,税委会公告2026年第5号
82119300,刃面不固定的刀,,,千克/把,税委会公告2026年第5号
82119400,刀片,,,千克,税委会公告2026年第5号
82119500,贱金属制的刀柄,,,千克,税委会公告2026年第5号
82121000,剃刀,,,千克/把,税委会公告2026年第5号
82122000,安全刀片，包括未分开的刀片条,,,千克/片,税委会公告2026年第5号
82129000,其他零件,,,千克,税委会公告2026年第5号
82130000,剪刀、裁缝剪刀及类似品、剪刀片,,,千克,税委会公告2026年第5号
82141000,裁纸刀、开信刀、改错刀、铅笔刀及其刀片,,,千克,税委会公告2026年第5号
82142000,修指甲及修脚用具（包括指甲锉）,,,千克,税委会公告2026年第5号
82149000,其他,A,R,千克,税委会公告2026年第5号
82151000,成套货品，至少其中一件物品是镀贵金属的,A,R,千克,税委会公告2026年第5号
82152000,其他成套货品,A,R,千克,税委会公告2026年第5号
82159100,镀贵金属的,A,R,千克,税委会公告2026年第5号
82159900,其他,A,R,千克,税委会公告2026年第5号
83011000,挂锁,,,千克/把,税委会公告2026年第5号
83012010,中央控制门锁,,,千克/套,税委会公告2026年第5号
83012090,其他,,,千克/套,税委会公告2026年第5号
83013000,家具用锁,,,千克/个,税委会公告2026年第5号
83014000,其他锁,,,千克/个,税委会公告2026年第5号
83015000,带锁的扣环及扣环框架,,,千克,税委会公告2026年第5号
83016000,零件,,,千克,税委会公告2026年第5号
83017000,钥匙,,,千克,税委会公告2026年第5号
83021000,铰链（折叶）,,,千克,税委会公告2026年第5号
83022000,小脚轮,,,千克,税委会公告2026年第5号
83023000,机动车辆用的其他附件及架座,,,千克,税委会公告2026年第5号
83024100,建筑用,,,千克,税委会公告2026年第5号
83024200,其他，家具用,,,千克,税委会公告2026年第5号
83024900,其他,,,千克,税委会公告2026年第5号
83025000,帽架、帽钩、托架及类似品,,,千克,税委会公告2026年第5号
83026000,自动闭门器,,,千克/个,税委会公告2026年第5号
83030000,装甲或加强的贱金属制保险箱、保险柜及保险库的门和带锁保险储存橱、钱箱、契约箱及类似品,,,千克/个,税委会公告2026年第5号
83040000,贱金属制的档案柜、卡片索引柜、文件盘、文件篮、笔盘、公章架及类似的办公用具，但税目94.03的办公室家具除外,,,千克,税委会公告2026年第5号
83051000,活页夹或卷宗夹的附件,,,千克,税委会公告2026年第5号
83052000,成条钉书钉,,,千克,税委会公告2026年第5号
83059000,其他，包括零件,,,千克,税委会公告2026年第5号
83061000,铃、钟、锣及类似品,,,千克,税委会公告2026年第5号
83062100,镀贵金属的,,,千克,税委会公告2026年第5号
83062910,景泰蓝的,,,千克,税委会公告2026年第5号
83062990,其他,,,千克,税委会公告2026年第5号
83063000,相框、画框及类似框架；镜子,,,千克,税委会公告2026年第5号
83071000,钢铁制,,,千克,税委会公告2026年第5号
83079000,其他贱金属制,,,千克,税委会公告2026年第5号
83081000,钩、环及眼,,,千克,税委会公告2026年第5号
83082000,管形铆钉及开口铆钉,,,千克,税委会公告2026年第5号
83089000,其他，包括零件,,,千克,税委会公告2026年第5号
83091000,冠形瓶塞,,,千克,税委会公告2026年第5号
83099000,其他,,,千克,税委会公告2026年第5号
83100000,贱金属制的标志牌、铭牌、地名牌及类似品、号码、字母及类似标志，但税目94.05的货品除外,,,千克,税委会公告2026年第5号
83111000,以焊剂涂面的贱金属制电极，电弧焊用,,,千克,税委会公告2026年第5号
83112000,以焊剂为芯的贱金属制焊丝，电弧焊用,,,千克,税委会公告2026年第5号
83113000,以焊剂涂面的贱金属条和以焊剂为芯的贱金属丝，钎焊或气焊用,,,千克,税委会公告2026年第5号
83119000,其他,,,千克,税委会公告2026年第5号
84011000,核反应堆,3,,千克/台,税委会公告2026年第5号
84012000,同位素分离机器、装置及其零件,3,,个/千克,税委会公告2026年第5号
84013010,未辐照燃料元件,3,,千克,税委会公告2026年第5号
84013090,未辐照燃料元件的零件,,,千克,税委会公告2026年第5号
84014010,未辐照相关组件,,,千克/台,税委会公告2026年第5号
84014020,堆内构件,3,,千克/台,税委会公告2026年第5号
84014090,其他,,,千克/台,税委会公告2026年第5号
84021110,蒸发量在900吨/时及以上的发电用锅炉,6A,M,台/千克,税委会公告2026年第5号
84021190,其他,6A,M,台/千克,税委会公告2026年第5号
84021200,蒸发量不超过45吨/时的水管锅炉,6A,M,台/千克,税委会公告2026年第5号
84021900,其他蒸汽锅炉，包括混合式锅炉,6A,M,台/千克,税委会公告2026年第5号
84022000,过热水锅炉,6A,M,台/千克,税委会公告2026年第5号
84029000,零件,,,千克,税委会公告2026年第5号
84031010,家用型,6A,LM,台/千克,税委会公告2026年第5号
84031090,其他,6A,M,台/千克,税委会公告2026年第5号
84039000,零件,,,千克,税委会公告2026年第5号
84041010,税目84.02所列锅炉的辅助设备使用（可再生）生物质燃料的非水管蒸汽锅炉的辅助设备,6,,千克,税委会公告2026年第5号
84041020,税目84.03所列锅炉的辅助设备,6,,千克,税委会公告2026年第5号
84042000,水蒸汽或其他蒸汽动力装置的冷凝器,6,,千克,税委会公告2026年第5号
84049010,子目8404.1020所列设备的零件,,,千克,税委会公告2026年第5号
84049090,其他使用（可再生）生物质燃料的非水管蒸汽锅炉的辅助设备的零件；水蒸汽或其他蒸汽动力装置的冷凝器的零件,,,千克,税委会公告2026年第5号
84051000,煤气发生器，不论有无净化器；乙炔发生器及类似的水解气体发生器，不论有无净化器,A,M,千克,税委会公告2026年第5号
84059000,零件,,,千克,税委会公告2026年第5号
84061000,船舶动力用汽轮机,,,台/千克,税委会公告2026年第5号
84068110,输出功率不超过100兆瓦的,,,台/千克,税委会公告2026年第5号
84068120,输出功率超过100兆瓦，但不超过350兆瓦的,,,台/千克,税委会公告2026年第5号
84068130,输出功率超过350兆瓦的,,,台/千克,税委会公告2026年第5号
84068200,输出功率不超过40兆瓦的,,,台/千克,税委会公告2026年第5号
84069000,零件,,,千克,税委会公告2026年第5号
84071010,输出功率不超过298千瓦,3,,台/千克,税委会公告2026年第5号
84071020,输出功率超过298千瓦,3,,台/千克,税委会公告2026年第5号
84072100,舷外发动机,,,台/千克,税委会公告2026年第5号
84072900,其他,,,台/千克,税委会公告2026年第5号
84073100,气缸容量（排气量）不超过50毫升,y4xA6,M,台/千克,税委会公告2026年第5号
84073200,气缸容量（排气量）超过50毫升，但不超过250毫升,y4xA6,M,台/千克,税委会公告2026年第5号
84073300,气缸容量（排气量）超过250毫升，但不超过1000毫升,A6,M,台/千克,税委会公告2026年第5号
84073410,气缸容量（排气量）超过1000毫升，但不超过3000毫升,A6,M,台/千克,税委会公告2026年第5号
84073420,气缸容量（排气量）超过3000毫升,6,,台/千克,税委会公告2026年第5号
84079010,沼气发动机,,,台/千克,税委会公告2026年第5号
84079090,其他叉车用汽油发动机（800转/分钟≤转速≤3400转/分钟）,,,台/千克,税委会公告2026年第5号
84081000,船舶发动机,,,台/千克,税委会公告2026年第5号
84082010,输出功率在132.39千瓦（180马力）及以上输出功率在441千瓦（600马力）及以上的柴油发动机,6,,台/千克,税委会公告2026年第5号
84082090,其他,6,,台/千克,税委会公告2026年第5号
84089010,机车发动机,,,台/千克,税委会公告2026年第5号
84089091,输出功率不超过14千瓦,,,台/千克,税委会公告2026年第5号
84089092,输出功率超过14千瓦，但小于132.39千瓦（180马力）,,,台/千克,税委会公告2026年第5号
84089093,输出功率在132.39千瓦（180马力）及以上,,,台/千克,税委会公告2026年第5号
84091000,航空器发动机用,,,千克,税委会公告2026年第5号
84099110,船舶发动机用,,,千克,税委会公告2026年第5号
84099191,电控燃油喷射装置,,,千克/套,税委会公告2026年第5号
84099199,其他汽车用电子节气门,,,千克,税委会公告2026年第5号
84099910,船舶发动机用,,,千克,税委会公告2026年第5号
84099920,机车发动机用,,,千克,税委会公告2026年第5号
84099991,输出功率在132.39千瓦（180马力）及以上的发动机用,,,千克,税委会公告2026年第5号
84099999,其他电控柴油喷射装置及其零件,,,千克,税委会公告2026年第5号
84101100,功率不超过1000千瓦,,,台/千克,税委会公告2026年第5号
84101200,功率超过1000千瓦，但不超过10000千瓦,,,台/千克,税委会公告2026年第5号
84101310,功率超过30000千瓦的冲击式水轮机及水轮,,,台/千克,税委会公告2026年第5号
84101320,功率超过35000千瓦的贯流式水轮机及水轮,,,台/千克,税委会公告2026年第5号
84101330,功率超过200000千瓦的水泵水轮机及水轮,,,台/千克,税委会公告2026年第5号
84101390,其他,,,台/千克,税委会公告2026年第5号
84109010,调节器,,,千克/套,税委会公告2026年第5号
84109090,其他,,,千克,税委会公告2026年第5号
84111110,涡轮风扇发动机,3,,台/千克,税委会公告2026年第5号
84111190,其他,3,,台/千克,税委会公告2026年第5号
84111210,涡轮风扇发动机,3,,台/千克,税委会公告2026年第5号
84111290,其他,3,,台/千克,税委会公告2026年第5号
84112100,功率不超过1100千瓦,3,,台/千克,税委会公告2026年第5号
84112210,功率超过1100千瓦，但不超过2238千瓦,3,,台/千克,税委会公告2026年第5号
84112220,功率超过2238千瓦，但不超过3730千瓦,3,,台/千克,税委会公告2026年第5号
84112230,功率超过3730千瓦,3,,台/千克,税委会公告2026年第5号
84118100,功率不超过5000千瓦涡轮轴航空发动机功率≥3500千瓦的涡轮轴发动机（航空发动机除外）,,,台/千克,税委会公告2026年第5号
84118200,功率超过5000千瓦,,,台/千克,税委会公告2026年第5号
84119100,涡轮喷气发动机或涡轮螺桨发动机用,,,千克,税委会公告2026年第5号
84119910,涡轮轴发动机用涡轮轴航空发动机用零件,,,千克,税委会公告2026年第5号
84119990,其他,,,千克,税委会公告2026年第5号
84121010,航空器及航天器用,,,台/千克,税委会公告2026年第5号
84121090,其他,,,台/千克,税委会公告2026年第5号
84122100,直线作用（液压缸）的压力机用数控液压气垫飞机发动机用液压直线作动筒,,,台/千克,税委会公告2026年第5号
84122910,液压马达,,,台/千克,税委会公告2026年第5号
84122990,其他抓桩器（抱桩器）飞机发动机用液压作动器,,,台/千克,税委会公告2026年第5号
84123100,直线作用（气压缸）的三坐标测量机用平衡气缸飞机舱门气动作动筒,,,台/千克,税委会公告2026年第5号
84123900,其他飞机发动机用气压作动器,,,台/千克,税委会公告2026年第5号
84128000,其他,,,台/千克,税委会公告2026年第5号
84129010,子目8412.1010所列机器的零件,3,,千克,税委会公告2026年第5号
84129090,其他风力发动机零件飞机发动机用作动筒壳体,,,千克,税委会公告2026年第5号
84131100,分装燃料或润滑油的泵，用于加油站或车库,,,台/千克,税委会公告2026年第5号
84131900,其他,,,台/千克,税委会公告2026年第5号
84132000,手泵，但子目8413.11或8413.19的货品除外,,,台/千克,税委会公告2026年第5号
84133021,输出功率在132.39千瓦（180马力）及以上的发动机用燃油泵,,,台/千克,税委会公告2026年第5号
84133029,其他,,,台/千克,税委会公告2026年第5号
84133030,润滑油泵,,,台/千克,税委会公告2026年第5号
84133090,其他,,,台/千克,税委会公告2026年第5号
84134000,混凝土泵,,,台/千克,税委会公告2026年第5号
84135010,气动式,,,台/千克,税委会公告2026年第5号
84135020,电动式电动吸奶器集成电路制造用高精度光刻胶泵,,,台/千克,税委会公告2026年第5号
84135031,柱塞泵飞机用液压柱塞泵其他往复式液压柱塞泵,,,台/千克,税委会公告2026年第5号
84135039,其他,,,台/千克,税委会公告2026年第5号
84135090,其他,,,台/千克,税委会公告2026年第5号
84136021,电动式,3,,台/千克,税委会公告2026年第5号
84136022,"液压式回转式液压油泵,输入转速＞2000转/分钟,输入功率＞190千瓦,最大流量＞2*280升/分钟其他液压式齿轮回转泵",,,台/千克,税委会公告2026年第5号
84136029,其他,,,台/千克,税委会公告2026年第5号
84136031,电动式,,,台/千克,税委会公告2026年第5号
84136032,液压式,3,,台/千克,税委会公告2026年第5号
84136039,其他,,,台/千克,税委会公告2026年第5号
84136040,螺杆泵,3,,台/千克,税委会公告2026年第5号
84136050,径向柱塞泵,,,台/千克,税委会公告2026年第5号
84136060,轴向柱塞泵,,,台/千克,税委会公告2026年第5号
84136090,其他,,,台/千克,税委会公告2026年第5号
84137010,转速在10000转/分及以上,,,台/千克,税委会公告2026年第5号
84137091,电动潜油泵及潜水电泵,,,台/千克,税委会公告2026年第5号
84137099,其他飞机发动机用燃油泵,,,台/千克,税委会公告2026年第5号
84138100,泵,,,台/千克,税委会公告2026年第5号
84138200,液体提升机,,,台/千克,税委会公告2026年第5号
84139100,泵用,,,千克,税委会公告2026年第5号
84139200,液体提升机用,,,千克,税委会公告2026年第5号
84141000,真空泵专门或主要用于半导体或平板显示屏制造的真空泵,3,,台/千克,税委会公告2026年第5号
84142000,手动或脚踏式空气泵,,,台/千克,税委会公告2026年第5号
84143011,冷藏箱或冷冻箱用，电动机额定功率不超过0.4千瓦,A,LM,台/千克,税委会公告2026年第5号
84143012,冷藏箱或冷冻箱用，电动机额定功率超过0.4千瓦，但不超过5千瓦,A,LM,台/千克,税委会公告2026年第5号
84143013,空气调节器用，电动机额定功率超过0.4千瓦，但不超过5千瓦,A,LM,台/千克,税委会公告2026年第5号
84143014,空气调节器用，电动机额定功率超过5千瓦,,,台/千克,税委会公告2026年第5号
84143015,冷冻或冷藏设备用，电动机额定功率超过5千瓦,,,台/千克,税委会公告2026年第5号
84143019,其他,A,LM,台/千克,税委会公告2026年第5号
84143090,非电动机驱动的压缩机,,,台/千克,税委会公告2026年第5号
84144000,装在拖车底盘上的空气压缩机,,,台/千克,税委会公告2026年第5号
84145110,吊扇,A,LM,台/千克,税委会公告2026年第5号
84145120,换气扇,A,LM,台/千克,税委会公告2026年第5号
84145130,具有旋转导风轮的风扇,,L,台/千克,税委会公告2026年第5号
84145191,台扇,A,LM,台/千克,税委会公告2026年第5号
84145192,落地扇,A,LM,台/千克,税委会公告2026年第5号
84145193,壁扇,A,LM,台/千克,税委会公告2026年第5号
84145199,其他,,L,台/千克,税委会公告2026年第5号
84145910,吊扇,A,LM,台/千克,税委会公告2026年第5号
84145920,换气扇,A,LM,台/千克,税委会公告2026年第5号
84145930,离心通风机,,,台/千克,税委会公告2026年第5号
84145990,其他专门或主要用于微处理器、电信设备、自动数据处理设备或装置的散热扇,3,,台/千克,税委会公告2026年第5号
84146010,抽油烟机,,L,台/千克,税委会公告2026年第5号
84146090,其他,,,台/千克,税委会公告2026年第5号
84147010,罩的平面最大边长不超过120厘米的,3,,台/千克,税委会公告2026年第5号
84147090,其他,3,,台/千克,税委会公告2026年第5号
84148010,燃气轮机用的自由活塞式发生器,,,台/千克,税委会公告2026年第5号
84148020,二氧化碳压缩机,,,台/千克,税委会公告2026年第5号
84148030,发动机用增压器,,,台/千克,税委会公告2026年第5号
84148041,螺杆空压机,,,台/千克,税委会公告2026年第5号
84148049,其他飞机用离心式氮气系统压缩机,3,,台/千克,税委会公告2026年第5号
84148090,其他,,,台/千克,税委会公告2026年第5号
84149011,压缩机进、排气阀片,,,千克,税委会公告2026年第5号
84149019,其他,,,千克,税委会公告2026年第5号
84149020,税号8414.5110至8414.5199及子目8414.60所列机器的零件,,,千克,税委会公告2026年第5号
84149090,其他,3,,千克,税委会公告2026年第5号
84151010,独立式,A,LM,台/千克,税委会公告2026年第5号
84151021,制冷量不超过4000大卡/时,A,LM,台/千克,税委会公告2026年第5号
84151022,制冷量超过4000大卡/时,A,LM,台/千克,税委会公告2026年第5号
84152000,机动车辆上供人使用,,,台/千克,税委会公告2026年第5号
84158110,制冷量不超过4000大卡/时,A,LM,台/千克,税委会公告2026年第5号
84158120,制冷量超过4000大卡/时,A,LM,台/千克,税委会公告2026年第5号
84158210,制冷量不超过4000大卡/时,A,LM,台/千克,税委会公告2026年第5号
84158220,制冷量超过4000大卡/时涂胶显影机用恒温恒湿器,A,M,台/千克,税委会公告2026年第5号
84158300,未装有制冷装置的,,,台/千克,税委会公告2026年第5号
84159010,税目8415.1010、8415.1021、8415.8110及8415.8210所列设备的零件,,,千克,税委会公告2026年第5号
84159090,其他,,,千克,税委会公告2026年第5号
84161000,使用液体燃料的炉用燃烧器,6,,千克/台,税委会公告2026年第5号
84162011,使用天然气的溴化锂空调用天然气燃烧机,6,,千克/台,税委会公告2026年第5号
84162019,其他,6,,千克/台,税委会公告2026年第5号
84162090,其他,6,,千克/台,税委会公告2026年第5号
84163000,机械加煤机，包括其机械炉篦、机械出灰器及类似装置,6,,千克/台,税委会公告2026年第5号
84169000,零件,,,千克,税委会公告2026年第5号
84171000,矿砂、黄铁矿或金属的焙烧、熔化或其他热处理用炉及烘箱,6,,台/千克,税委会公告2026年第5号
84172000,面包房用烤炉及烘箱，包括做饼干用的,A,R,台/千克,税委会公告2026年第5号
84178010,炼焦炉,6,,台/千克,税委会公告2026年第5号
84178020,放射性废物焚烧炉,6,,台/千克,税委会公告2026年第5号
84178030,水泥回转窑,,,台/千克,税委会公告2026年第5号
84178040,石灰石分解炉,,,台/千克,税委会公告2026年第5号
84178050,垃圾焚烧炉,6,,台/千克,税委会公告2026年第5号
84178090,其他,36,,台/千克,税委会公告2026年第5号
84179010,海绵铁回转窑用,,,千克,税委会公告2026年第5号
84179020,炼焦炉用,,,千克,税委会公告2026年第5号
84179090,其他垃圾焚烧炉和放射性废物焚烧炉的零件,,,千克,税委会公告2026年第5号
84181010,容积超过500升,A,LM,台/千克,税委会公告2026年第5号
84181020,容积超过200升，但不超过500升,A,LM,台/千克,税委会公告2026年第5号
84181030,容积不超过200升,A,LM,台/千克,税委会公告2026年第5号
84182110,容积超过150升,A,LMR,台/千克,税委会公告2026年第5号
84182120,容积超过50升，但不超过150升,A,LMR,台/千克,税委会公告2026年第5号
84182130,容积不超过50升,A,LMR,台/千克,税委会公告2026年第5号
84182910,半导体制冷式,A,LMR,台/千克,税委会公告2026年第5号
84182920,电气吸收式,A,LR,台/千克,税委会公告2026年第5号
84182990,其他,A,LMR,台/千克,税委会公告2026年第5号
84183010,制冷温度在-40℃及以下,A,LM,台/千克,税委会公告2026年第5号
84183021,容积超过500升,A,LM,台/千克,税委会公告2026年第5号
84183029,其他,A,LM,台/千克,税委会公告2026年第5号
84184010,制冷温度在-40℃及以下,A,LM,台/千克,税委会公告2026年第5号
84184021,容积超过500升,A,LM,台/千克,税委会公告2026年第5号
84184029,其他,A,LM,台/千克,税委会公告2026年第5号
84185000,装有冷藏或冷冻装置的其他设备（柜、箱、展示台、陈列箱及类似品）用于存储及展示,A,LM,台/千克,税委会公告2026年第5号
84186120,压缩式,3,,台/千克,税委会公告2026年第5号
84186190,其他,,,台/千克,税委会公告2026年第5号
84186920,制冷机组,3,,台/千克,税委会公告2026年第5号
84186990,其他,3,,台/千克,税委会公告2026年第5号
84189100,冷藏或冷冻设备专用的特制家具,,,千克,税委会公告2026年第5号
84189910,制冷机组及热泵用,,,千克,税委会公告2026年第5号
84189991,制冷温度在-40℃及以下的冷冻设备用,,,千克,税委会公告2026年第5号
84189992,制冷温度在-40℃以上，但容积超过500升的冷藏或冷冻设备用,,,千克,税委会公告2026年第5号
84189999,其他,3,,千克,税委会公告2026年第5号
84191100,燃气快速热水器,A,LM,台/千克,税委会公告2026年第5号
84191200,太阳能热水器,A,LM,台/千克,税委会公告2026年第5号
84191900,其他,A,M,台/千克,税委会公告2026年第5号
84192000,医用或实验室用消毒器具,A,M,台/千克,税委会公告2026年第5号
84193310,农产品干燥用,,,台/千克,税委会公告2026年第5号
84193320,木材、纸浆、纸或纸板干燥用,,,台/千克,税委会公告2026年第5号
84193390,其他冷冻式或喷雾式污泥干燥机,,,台/千克,税委会公告2026年第5号
84193400,其他，农产品干燥用,,,台/千克,税委会公告2026年第5号
84193500,其他，木材、纸浆、纸或纸板干燥用,,,台/千克,税委会公告2026年第5号
84193910,微空气流动陶瓷坯件干燥器,,,台/千克,税委会公告2026年第5号
84193990,其他污泥干燥机（冷冻式、喷雾式除外）,,,台/千克,税委会公告2026年第5号
84194010,提净塔,A,R,台/千克,税委会公告2026年第5号
84194020,精馏塔,A,R,台/千克,税委会公告2026年第5号
84194090,其他,3,,台/千克,税委会公告2026年第5号
84195000,热交换装置用氟聚合物制造的、入口管和出口管内径不超过3厘米的热交换装置,3,,台/千克,税委会公告2026年第5号
84196011,制氧量在15000立方米/小时及以上,A,M,台/千克,税委会公告2026年第5号
84196019,其他,A,M,台/千克,税委会公告2026年第5号
84196090,其他通过冷凝分离和去除污染物的气体液化设备,3,,台/千克,税委会公告2026年第5号
84198100,加工热饮料或烹调、加热食品用,A,LMR,台/千克,税委会公告2026年第5号
84198910,加氢反应器,,,台/千克,税委会公告2026年第5号
84198990,其他,3,,台/千克,税委会公告2026年第5号
84199010,热水器用,,,千克,税委会公告2026年第5号
84199090,其他,,,千克,税委会公告2026年第5号
84201000,砑光机或其他滚压机器织物轧光机专门或主要用于印刷电路板基板或印刷电路制造的滚压机,,,台/千克,税委会公告2026年第5号
84209100,滚筒,,,个/千克,税委会公告2026年第5号
84209900,其他,,,千克,税委会公告2026年第5号
84211100,奶油分离器,A,R,台/千克,税委会公告2026年第5号
84211210,干衣量不超过10千克,,L,台/千克,税委会公告2026年第5号
84211290,其他,,,台/千克,税委会公告2026年第5号
84211910,脱水机,,L,台/千克,税委会公告2026年第5号
84211920,固液分离机,,,台/千克,税委会公告2026年第5号
84211990,其他,,,台/千克,税委会公告2026年第5号
84212110,家用型,A,R,台/千克,税委会公告2026年第5号
84212191,船舶压载水处理设备,,,台/千克,税委会公告2026年第5号
84212199,其他船舶压载水处理设备用过滤器喷灌设备用叠式净水过滤器,,,台/千克,税委会公告2026年第5号
84212200,过滤或净化饮料（水除外）用,A,R,台/千克,税委会公告2026年第5号
84212300,内燃发动机的滤油器,,,个/千克,税委会公告2026年第5号
84212910,压滤机用氟聚合物制造的厚度不超过140微米的过滤膜或净化膜的液体过滤或净化机器及装置,,,个/千克,税委会公告2026年第5号
84212990,其他用氟聚合物制造的厚度不超过140微米的过滤膜或净化膜的液体过滤或净化机器及装置,,,个/千克,税委会公告2026年第5号
84213100,内燃发动机的进气过滤器,,,个/千克,税委会公告2026年第5号
84213200,用于净化或过滤内燃机所排出废气的催化转化器或微粒过滤器，不论是否组合柴油发动机排气过滤及净化装置（装备不锈钢外壳、入口管和出口管内径不超过1.3厘米的气体过滤或净化机器及装置除外）汽油机颗粒捕集器（装备不锈钢外壳、入口管和出口管内径不超过1.3厘米的气体过滤或净化机器及装置除外）装备不锈钢外壳、入口管和出口管内径不超过1.3厘米的气体过滤或净化机器及装置,,,个/千克,税委会公告2026年第5号
84213910,家用型,,,个/千克,税委会公告2026年第5号
84213921,静电除尘器装备不锈钢外壳、入口管和出口管内径不超过1.3厘米的气体过滤或净化机器及装置,,,个/千克,税委会公告2026年第5号
84213922,袋式除尘器装备不锈钢外壳、入口管和出口管内径不超过1.3厘米的气体过滤或净化机器及装置,,,个/千克,税委会公告2026年第5号
84213923,旋风式除尘器装备不锈钢外壳、入口管和出口管内径不超过1.3厘米的气体过滤或净化机器及装置,,,个/千克,税委会公告2026年第5号
84213924,电袋复合除尘器装备不锈钢外壳、入口管和出口管内径不超过1.3厘米的气体过滤或净化机器及装置,,,个/千克,税委会公告2026年第5号
84213929,其他装备不锈钢外壳、入口管和出口管内径不超过1.3厘米的气体过滤或净化机器及装置,,,个/千克,税委会公告2026年第5号
84213940,烟气脱硫装置装备不锈钢外壳、入口管和出口管内径不超过1.3厘米的气体过滤或净化机器及装置,,,个/千克,税委会公告2026年第5号
84213950,烟气脱硝装置装备不锈钢外壳、入口管和出口管内径不超过1.3厘米的气体过滤或净化机器及装置,,,个/千克,税委会公告2026年第5号
84213990,其他气体纯化器（出口气体纯度≥99.999999%）装备不锈钢外壳、入口管和出口管内径不超过1.3厘米的气体过滤或净化机器及装置,,,个/千克,税委会公告2026年第5号
84219110,干衣量不超过10千克的干衣机用,,,千克,税委会公告2026年第5号
84219190,其他,,,千克,税委会公告2026年第5号
84219910,家用型过滤、净化装置用,,,千克,税委会公告2026年第5号
84219990,其他用厚度不超过140微米的氟聚合物制造的液体过滤或净化机器及装置的零件;装备不锈钢外壳、入口管和出口管内径不超过1.3厘米的气体过滤或净化机器及装置的零件,,,千克,税委会公告2026年第5号
84221100,家用型,,L,台/千克,税委会公告2026年第5号
84221900,其他,,L,台/千克,税委会公告2026年第5号
84222000,瓶子或其他容器的洗涤或干燥机器,,,台/千克,税委会公告2026年第5号
84223010,饮料及液体食品灌装设备乳品加工用自动化灌装设备,A,R,台/千克,税委会公告2026年第5号
84223021,全自动灌包机,,,台/千克,税委会公告2026年第5号
84223029,其他,,,台/千克,税委会公告2026年第5号
84223030,其他包装机全自动无菌灌装生产线用包装机，加工速度≥20000只/小时,A,R,台/千克,税委会公告2026年第5号
84223090,其他全自动无菌灌装生产线用贴吸管机，加工速度≥22000只/小时,3,,台/千克,税委会公告2026年第5号
84224000,其他包装或打包机器（包括热缩包装机器）半导体检测分选编带机,,,台/千克,税委会公告2026年第5号
84229010,洗碟机用,,,千克,税委会公告2026年第5号
84229020,饮料及液体食品灌装设备用乳品加工用自动化灌装设备用零件,,,千克,税委会公告2026年第5号
84229090,其他全自动无菌灌装生产线用包装机（加工速度≥20000只/小时）、贴吸管机（加工速度≥22000只/小时）用零件半导体检测分选编带机专用零件,,,千克,税委会公告2026年第5号
84231000,体重计，包括婴儿秤；家用秤,,,台/千克,税委会公告2026年第5号
84232010,电子皮带秤,,,台/千克,税委会公告2026年第5号
84232090,其他,,,台/千克,税委会公告2026年第5号
84233010,定量包装秤以电子方式称重的恒定秤、物料定量装袋或装容器用的衡器，包括库秤,,,台/千克,税委会公告2026年第5号
84233020,定量分选秤,,,台/千克,税委会公告2026年第5号
84233030,配料秤以电子方式称重的恒定秤、物料定量装袋或装容器用的衡器，包括库秤,,,台/千克,税委会公告2026年第5号
84233090,其他以电子方式称重的恒定秤、物料定量装袋或装容器用的衡器，包括库秤,,,台/千克,税委会公告2026年第5号
84238110,计价秤,,,台/千克,税委会公告2026年第5号
84238120,弹簧秤,,,台/千克,税委会公告2026年第5号
84238190,其他其他以电子方式称重的衡器，最大称量不超过30千克,,,台/千克,税委会公告2026年第5号
84238210,地中衡其他以电子方式称重的衡器，最大称量大于30千克但不超过5000千克，但对车辆称重的衡器除外,,,台/千克,税委会公告2026年第5号
84238290,其他其他以电子方式称重的衡器，最大称量大于30千克但不超过5000千克，但对车辆称重的衡器除外,,,台/千克,税委会公告2026年第5号
84238910,地中衡其他以电子方式称重的衡器，最大称量超过5000千克，但对车辆称重的衡器除外,,,台/千克,税委会公告2026年第5号
84238920,轨道衡其他以电子方式称重的衡器，最大称量超过5000千克，但对车辆称重的衡器除外,,,台/千克,税委会公告2026年第5号
84238930,吊秤其他以电子方式称重的衡器，最大称量超过5000千克，但对车辆称重的衡器除外,,,台/千克,税委会公告2026年第5号
84238990,其他其他以电子方式称重的衡器，最大称量超过5000千克，但对车辆称重的衡器除外,,,台/千克,税委会公告2026年第5号
84239000,衡器用的各种砝码、秤砣；衡器的零件以电子方式称重的衡器的零件，但对车辆称重的衡器零件除外,,,千克/台,税委会公告2026年第5号
84241000,灭火器，不论是否装药飞机用灭火器,,,个/千克,税委会公告2026年第5号
84242000,喷枪及类似器具,,,个/千克,税委会公告2026年第5号
84243000,喷汽机、喷砂机及类似的喷射机器,,,台/千克,税委会公告2026年第5号
84244100,便携式喷雾器,,L,台/千克,税委会公告2026年第5号
84244900,其他,,L,台/千克,税委会公告2026年第5号
84248200,农业或园艺用,,L,台/千克,税委会公告2026年第5号
84248910,家用型,,,台/千克,税委会公告2026年第5号
84248920,喷涂机器人,,,台/千克,税委会公告2026年第5号
84248991,船用洗舱机,,,台/千克,税委会公告2026年第5号
84248999,其他,,L,台/千克,税委会公告2026年第5号
84249010,税目8424.1000所列器具用的零件,,,千克,税委会公告2026年第5号
84249020,税目8424.8910所列器具用的零件,,,千克,税委会公告2026年第5号
84249090,其他,3,,千克,税委会公告2026年第5号
84251100,电动的,,,台/千克,税委会公告2026年第5号
84251900,其他,,,台/千克,税委会公告2026年第5号
84253110,矿井口卷扬装置；专为井下使用设计的卷扬机,,,台/千克,税委会公告2026年第5号
84253190,其他,,,台/千克,税委会公告2026年第5号
84253910,矿井口卷扬装置；专为井下使用设计的卷扬机,,,台/千克,税委会公告2026年第5号
84253990,其他,,,台/千克,税委会公告2026年第5号
84254100,车库中使用的固定千斤顶系统,,,台/千克,税委会公告2026年第5号
84254210,液压千斤顶,,,台/千克,税委会公告2026年第5号
84254290,其他,,,台/千克,税委会公告2026年第5号
84254910,其他千斤顶,,,台/千克,税委会公告2026年第5号
84254990,其他,,,台/千克,税委会公告2026年第5号
84261120,通用桥式起重机,,,台/千克,税委会公告2026年第5号
84261190,其他,,,台/千克,税委会公告2026年第5号
84261200,带胶轮的移动式吊运架及跨运车,,,台/千克,税委会公告2026年第5号
84261910,装船机,,,台/千克,税委会公告2026年第5号
84261921,抓斗式,,,台/千克,税委会公告2026年第5号
84261929,其他,O,,台/千克,税委会公告2026年第5号
84261930,龙门式起重机,,,台/千克,税委会公告2026年第5号
84261941,门式装卸桥,,,台/千克,税委会公告2026年第5号
84261942,集装箱装卸桥,,,台/千克,税委会公告2026年第5号
84261943,其他动臂式装卸桥,,,台/千克,税委会公告2026年第5号
84261949,其他,,,台/千克,税委会公告2026年第5号
84261990,其他,,,台/千克,税委会公告2026年第5号
84262000,塔式起重机,O,,台/千克,税委会公告2026年第5号
84263000,门座式起重机及座式旋臂起重机,,,台/千克,税委会公告2026年第5号
84264110,轮胎式起重机,O,L,台/千克,税委会公告2026年第5号
84264190,其他,,,台/千克,税委会公告2026年第5号
84264910,履带式起重机,O,,台/千克,税委会公告2026年第5号
84264990,其他,,,台/千克,税委会公告2026年第5号
84269100,供装于公路车辆的,,,台/千克,税委会公告2026年第5号
84269900,其他,,,台/千克,税委会公告2026年第5号
84271010,有轨巷道堆垛机,A,M,台/千克,税委会公告2026年第5号
84271020,无轨巷道堆垛机,A,M,台/千克,税委会公告2026年第5号
84271090,其他,A,M,台/千克,税委会公告2026年第5号
84272010,集装箱叉车,A,M,台/千克,税委会公告2026年第5号
84272090,其他,A,M,台/千克,税委会公告2026年第5号
84279000,其他车,A,M,台/千克,税委会公告2026年第5号
84281010,载客电梯无障碍升降机,A,M,台/千克,税委会公告2026年第5号
84281090,其他,A,M,台/千克,税委会公告2026年第5号
84282000,气压升降机及输送机,,,台/千克,税委会公告2026年第5号
84283100,地下专用的,,,台/千克,税委会公告2026年第5号
84283200,其他，斗式,,,台/千克,税委会公告2026年第5号
84283300,其他，带式,,,台/千克,税委会公告2026年第5号
84283910,链式,,,台/千克,税委会公告2026年第5号
84283920,辊式,,,台/千克,税委会公告2026年第5号
84283990,其他半导体级化学品填充机,,,台/千克,税委会公告2026年第5号
84284000,自动梯及自动人行道,A,M,台/千克,税委会公告2026年第5号
84286010,货运架空索道,,,台/千克,税委会公告2026年第5号
84286021,单线循环式,,,台/千克,税委会公告2026年第5号
84286029,其他,,,台/千克,税委会公告2026年第5号
84286090,其他,,,台/千克,税委会公告2026年第5号
84287000,工业机器人,,,台/千克,税委会公告2026年第5号
84289010,矿车推动机、铁道机车或货车的转车台、货车倾卸装置及类似的铁道货车搬运装置,,,台/千克,税委会公告2026年第5号
84289020,机械式停车设备,,,台/千克,税委会公告2026年第5号
84289031,堆取料机械,,,台/千克,税委会公告2026年第5号
84289039,其他,,,台/千克,税委会公告2026年第5号
84289090,其他,3,,台/千克,税委会公告2026年第5号
84291110,发动机输出功率超过235.36千瓦（320马力）的,A,M,台/千克,税委会公告2026年第5号
84291190,其他,A,M,台/千克,税委会公告2026年第5号
84291910,发动机输出功率超过235.36千瓦（320马力）的,A,M,台/千克,税委会公告2026年第5号
84291990,其他,A,M,台/千克,税委会公告2026年第5号
84292010,发动机输出功率超过235.36千瓦（320马力）的,A,M,台/千克,税委会公告2026年第5号
84292090,其他,A,M,台/千克,税委会公告2026年第5号
84293010,斗容量超过10立方米的,A,M,台/千克,税委会公告2026年第5号
84293090,其他,A,M,台/千克,税委会公告2026年第5号
84294011,机重18吨及以上的振动压路机,OA,M,台/千克,税委会公告2026年第5号
84294019,其他,OA,M,台/千克,税委会公告2026年第5号
84294090,其他,A,M,台/千克,税委会公告2026年第5号
84295100,前铲装载机,A,M,台/千克,税委会公告2026年第5号
84295211,轮胎式,OA,M,台/千克,年初维护
84295212,履带式,OA,M,台/千克,年初维护
84295219,其他,OA,M,台/千克,年初维护
84295290,其他,OA,M,台/千克,税委会公告2026年第5号
84295900,其他,OA,M,台/千克,税委会公告2026年第5号
84301000,打桩机及拔桩机,,,台/千克,税委会公告2026年第5号
84302000,扫雪机及吹雪机,,,台/千克,税委会公告2026年第5号
84303110,采（截）煤机,O,,台/千克,税委会公告2026年第5号
84303120,凿岩机,O,,台/千克,税委会公告2026年第5号
84303130,隧道掘进机,O,,台/千克,税委会公告2026年第5号
84303900,其他,,,台/千克,税委会公告2026年第5号
84304111,钻探深度在6000米及以上的,,,台/千克,税委会公告2026年第5号
84304119,其他,,,台/千克,税委会公告2026年第5号
84304121,钻探深度在6000米及以上的,,,台/千克,税委会公告2026年第5号
84304122,钻探深度在6000米以下的履带式自推进钻机,,,台/千克,税委会公告2026年第5号
84304129,钻探深度在6000米以下的其他钻探机,,,台/千克,税委会公告2026年第5号
84304190,其他,,,台/千克,税委会公告2026年第5号
84304900,其他,,,台/千克,税委会公告2026年第5号
84305010,其他采油机械,,,台/千克,税委会公告2026年第5号
84305020,矿用电铲,,,台/千克,税委会公告2026年第5号
84305031,牙轮直径380毫米及以上,,,台/千克,税委会公告2026年第5号
84305039,其他,,,台/千克,税委会公告2026年第5号
84305090,其他,,,台/千克,税委会公告2026年第5号
84306100,捣固或压实机械,,,台/千克,税委会公告2026年第5号
84306911,钻筒直径3米及以上,,,台/千克,税委会公告2026年第5号
84306919,其他,,,台/千克,税委会公告2026年第5号
84306920,铲运机,,,台/千克,税委会公告2026年第5号
84306990,其他,,,台/千克,税委会公告2026年第5号
84311000,税目84.25所列机械的零件,,,千克,税委会公告2026年第5号
84312010,装有差速器的驱动桥及其零件，不论是否装有其他传动部件,,,千克/个,税委会公告2026年第5号
84312090,其他,,,千克,税委会公告2026年第5号
84313100,升降机、倒卸式起重机或自动梯的零件无障碍升降机的零件,,,千克,税委会公告2026年第5号
84313900,其他,,,千克,税委会公告2026年第5号
84314100,戽斗、铲斗、抓斗及夹斗,,,千克/个,税委会公告2026年第5号
84314200,推土机或侧铲推土机用铲,,,千克/个,税委会公告2026年第5号
84314310,石油或天然气钻探机用,,,千克,税委会公告2026年第5号
84314320,其他钻探机用,,,千克,税委会公告2026年第5号
84314390,其他,,,千克,税委会公告2026年第5号
84314920,装有差速器的驱动桥及其零件，不论是否装有其他传动部件,,,千克/个,税委会公告2026年第5号
84314991,矿用电铲用,,,千克,税委会公告2026年第5号
84314999,其他,,,千克,税委会公告2026年第5号
84321000,犁,,,台/千克,税委会公告2026年第5号
84322100,圆盘耙,,,台/千克,税委会公告2026年第5号
84322900,其他,,,台/千克,税委会公告2026年第5号
84323111,谷物播种机,,,台/千克,税委会公告2026年第5号
84323119,其他,,,台/千克,税委会公告2026年第5号
84323121,马铃薯种植机,,,台/千克,税委会公告2026年第5号
84323129,其他,,,台/千克,税委会公告2026年第5号
84323131,水稻插秧机,,,台/千克,税委会公告2026年第5号
84323139,其他,,,台/千克,税委会公告2026年第5号
84323911,谷物播种机,,,台/千克,税委会公告2026年第5号
84323919,其他,,,台/千克,税委会公告2026年第5号
84323921,马铃薯种植机,,,台/千克,税委会公告2026年第5号
84323929,其他,,,台/千克,税委会公告2026年第5号
84323931,水稻插秧机,,,台/千克,税委会公告2026年第5号
84323939,其他,,,台/千克,税委会公告2026年第5号
84324100,粪肥施肥机,,,台/千克,税委会公告2026年第5号
84324200,化肥施肥机,,,台/千克,税委会公告2026年第5号
84328010,草坪及运动场地滚压机,,,台/千克,税委会公告2026年第5号
84328090,其他,,,台/千克,税委会公告2026年第5号
84329000,零件,,,千克,税委会公告2026年第5号
84331100,机动的，切割装置在同一水平面上旋转的,,,台/千克,税委会公告2026年第5号
84331900,其他,,,台/千克,税委会公告2026年第5号
84332000,其他割草机，包括牵引装置用的刀具杆,,,台/千克,税委会公告2026年第5号
84333000,其他干草切割、翻晒机器,,,台/千克,税委会公告2026年第5号
84334000,草料打包机，包括收集打包机,,,台/千克,税委会公告2026年第5号
84335100,联合收割机功率≥200马力的联合收割机,,,台/千克,税委会公告2026年第5号
84335200,其他脱粒机,,,台/千克,税委会公告2026年第5号
84335300,根茎或块茎收获机,,,台/千克,税委会公告2026年第5号
84335910,甘蔗收获机,,,台/千克,税委会公告2026年第5号
84335920,棉花采摘机,A,M,台/千克,税委会公告2026年第5号
84335990,其他自走式青储饲料收获机,,,台/千克,税委会公告2026年第5号
84336010,蛋类清洁、分选、分级机器,,,台/千克,税委会公告2026年第5号
84336090,其他,,,台/千克,税委会公告2026年第5号
84339010,联合收割机用,,,千克,税委会公告2026年第5号
84339090,其他,,,千克,税委会公告2026年第5号
84341000,挤奶机,,,台/千克,税委会公告2026年第5号
84342000,乳品加工机器,A,R,台/千克,税委会公告2026年第5号
84349000,零件,,,千克,税委会公告2026年第5号
84351000,机器,A,R,台/千克,税委会公告2026年第5号
84359000,零件,,,千克,税委会公告2026年第5号
84361000,动物饲料配制机,,,台/千克,税委会公告2026年第5号
84362100,家禽孵卵器及育雏器,,,台/千克,税委会公告2026年第5号
84362900,其他,,,台/千克,税委会公告2026年第5号
84368000,其他机器,,,台/千克,税委会公告2026年第5号
84369100,家禽饲养用机器的零件或家禽孵卵器及育雏器的零件,,,千克,税委会公告2026年第5号
84369900,其他,,,千克,税委会公告2026年第5号
84371010,光学色差颗粒选别机（色选机）,,,台/千克,税委会公告2026年第5号
84371090,其他,,,台/千克,税委会公告2026年第5号
84378000,其他机器,A,R,台/千克,税委会公告2026年第5号
84379000,零件,,,千克,税委会公告2026年第5号
84381000,糕点加工机器及生产通心粉、面条或类似产品的机器,A,R,台/千克,税委会公告2026年第5号
84382000,生产糖果、可可粉、巧克力的机器,A,R,台/千克,税委会公告2026年第5号
84383000,制糖机器,A,R,台/千克,税委会公告2026年第5号
84384000,酿酒机器,A,R,台/千克,税委会公告2026年第5号
84385000,肉类或家禽加工机器,A,R,台/千克,税委会公告2026年第5号
84386000,水果、坚果或蔬菜加工机器,A,R,台/千克,税委会公告2026年第5号
84388000,其他机器,A,R,台/千克,税委会公告2026年第5号
84389000,零件,,,千克,税委会公告2026年第5号
84391000,制造纤维素纸浆的机器,,,台/千克,税委会公告2026年第5号
84392000,纸或纸板的抄造机器,,,台/千克,税委会公告2026年第5号
84393000,纸或纸板的整理机器,,,台/千克,税委会公告2026年第5号
84399100,制造纤维素纸浆的机器用,,,千克,税委会公告2026年第5号
84399900,其他,,,千克,税委会公告2026年第5号
84401010,锁线装订机,,,台/千克,税委会公告2026年第5号
84401020,胶订机,,,台/千克,税委会公告2026年第5号
84401090,其他,,,台/千克,税委会公告2026年第5号
84409000,零件,,,千克,税委会公告2026年第5号
84411000,切纸机,,,台/千克,税委会公告2026年第5号
84412000,制造包、袋或信封的机器,,,台/千克,税委会公告2026年第5号
84413010,制造纸塑铝复合罐的生产设备,,,台/千克,税委会公告2026年第5号
84413090,其他,,,台/千克,税委会公告2026年第5号
84414000,纸浆、纸或纸板制品模制成型机器,,,台/千克,税委会公告2026年第5号
84418010,制造纸塑铝软包装的生产设备,,,台/千克,税委会公告2026年第5号
84418090,其他,,,台/千克,税委会公告2026年第5号
84419010,切纸机用切纸机用横切刀单元切纸机用弧形辊,,,千克,税委会公告2026年第5号
84419090,其他,,,千克,税委会公告2026年第5号
84423010,铸字机,,,台/千克,税委会公告2026年第5号
84423021,计算机直接制版设备,,,台/千克,税委会公告2026年第5号
84423029,其他,,,台/千克,税委会公告2026年第5号
84423090,其他,,,台/千克,税委会公告2026年第5号
84424000,上述机器、器具及设备的零件,,,千克,税委会公告2026年第5号
84425000,印刷用版（片）、滚筒及其他印刷部件；制成供印刷用（例如，刨平、压纹或抛光）的板（片）、滚筒及石板,,,千克,税委会公告2026年第5号
84431100,卷取进料式胶印机,,,台/千克,税委会公告2026年第5号
84431200,办公室用片取进料式胶印机（展开片尺寸一边长不超过22厘米，另一边长不超过36厘米）,,,台/千克,税委会公告2026年第5号
84431311,单色机,,,台/千克,税委会公告2026年第5号
84431312,双色机,,,台/千克,税委会公告2026年第5号
84431313,四色机四色平张纸胶印机，对开单张纸单面印刷速度≥17000张/小时；对开单张纸双面印刷速度≥13000张/小时；全张或超全张单张纸单面印刷速度≥13000张/小时,,,台/千克,税委会公告2026年第5号
84431319,其他五色及以上平张纸胶印机，对开单张纸单面印刷速度≥17000张/小时；对开单张纸双面印刷速度≥13000张/小时；全张或超全张单张纸单面印刷速度≥13000张/小时,,,台/千克,税委会公告2026年第5号
84431390,其他,,,台/千克,税委会公告2026年第5号
84431400,卷取进料式凸版印刷机，但不包括苯胺印刷机,,,台/千克,税委会公告2026年第5号
84431500,其他凸版印刷机，但不包括苯胺印刷机,,,台/千克,税委会公告2026年第5号
84431600,"苯胺印刷机苯胺印刷机（柔性版印刷机），线速度≥350米/分钟，幅宽≥800毫米具有烫印或全息或丝网印刷功能单元的机组式柔性版印刷机,线速度≥160米/分钟，250毫米≤幅宽＜800毫米",,,台/千克,税委会公告2026年第5号
84431700,"凹版印刷机凹版印刷机,印刷速度≥350米/分钟",,,台/千克,税委会公告2026年第5号
84431921,圆网印刷机,,,台/千克,税委会公告2026年第5号
84431922,平网印刷机,,,台/千克,税委会公告2026年第5号
84431929,其他,,,台/千克,税委会公告2026年第5号
84431980,其他,O,,台/千克,税委会公告2026年第5号
84433110,静电感光式,2,L,台/千克,税委会公告2026年第5号
84433190,其他,A,L,台/千克,税委会公告2026年第5号
84433211,针式打印机,A,L,台/千克,税委会公告2026年第5号
84433212,激光打印机,A,L,台/千克,税委会公告2026年第5号
84433213,喷墨打印机,A,L,台/千克,税委会公告2026年第5号
84433214,热敏打印机,A,L,台/千克,税委会公告2026年第5号
84433219,其他,A,L,台/千克,税委会公告2026年第5号
84433221,喷墨印刷机,,,台/千克,税委会公告2026年第5号
84433222,静电照相印刷机（激光印刷机）,,,台/千克,税委会公告2026年第5号
84433229,其他,,,台/千克,税委会公告2026年第5号
84433290,其他,2A,LM,台/千克,税委会公告2026年第5号
84433911,将原件直接复印的（直接法）,,,台/千克,税委会公告2026年第5号
84433912,将原件通过中间体转印的（间接法）,,,台/千克,税委会公告2026年第5号
84433921,带有光学系统的,,,台/千克,税委会公告2026年第5号
84433922,接触式的,,,台/千克,税委会公告2026年第5号
84433923,热敏复印设备,,,台/千克,税委会公告2026年第5号
84433924,热升华复印设备,,,台/千克,税委会公告2026年第5号
84433931,喷墨印刷机,,,台/千克,税委会公告2026年第5号
84433932,静电照相印刷机（激光印刷机）,,,台/千克,税委会公告2026年第5号
84433939,其他,,,台/千克,税委会公告2026年第5号
84433990,其他,,,台/千克,税委会公告2026年第5号
84439111,卷筒料给料机,O,,千克/台,税委会公告2026年第5号
84439119,其他,O,,千克/台,税委会公告2026年第5号
84439190,其他,O,,千克/个,税委会公告2026年第5号
84439910,数字印刷设备用辅助机器,O,,千克/台,税委会公告2026年第5号
84439921,热敏打印头,,,千克/个,税委会公告2026年第5号
84439929,其他,,,千克,税委会公告2026年第5号
84439990,其他,,,千克,税委会公告2026年第5号
84440010,合成纤维长丝纺丝机,,,台/千克,税委会公告2026年第5号
84440020,合成纤维短纤纺丝机,,,台/千克,税委会公告2026年第5号
84440030,人造纤维纺丝机,,,台/千克,税委会公告2026年第5号
84440040,化学纤维变形机,,,台/千克,税委会公告2026年第5号
84440050,化学纤维切断机,,,台/千克,税委会公告2026年第5号
84440090,其他,,,台/千克,税委会公告2026年第5号
84451111,清梳联合机,,,台/千克,税委会公告2026年第5号
84451112,自动抓棉机,,,台/千克,税委会公告2026年第5号
84451113,梳棉机,,,台/千克,税委会公告2026年第5号
84451119,其他,,,台/千克,税委会公告2026年第5号
84451120,毛纤维型,,,台/千克,税委会公告2026年第5号
84451190,"其他宽幅非织造布梳理机,工作幅宽＞3.5米，工作速度＞120米/分钟",,,台/千克,税委会公告2026年第5号
84451210,棉精梳机,,,台/千克,税委会公告2026年第5号
84451220,毛精梳机,,,台/千克,税委会公告2026年第5号
84451290,其他,,,台/千克,税委会公告2026年第5号
84451310,拉伸机,,,台/千克,税委会公告2026年第5号
84451321,棉纺粗纱机,,,台/千克,税委会公告2026年第5号
84451322,毛纺粗纱机,,,台/千克,税委会公告2026年第5号
84451329,其他,,,台/千克,税委会公告2026年第5号
84451900,其他,,,台/千克,税委会公告2026年第5号
84452031,转杯纺纱机全自动转杯纺纱机,,,台/千克,税委会公告2026年第5号
84452032,喷气纺纱机,,,台/千克,税委会公告2026年第5号
84452039,其他,,,台/千克,税委会公告2026年第5号
84452041,棉细纱机,,,台/千克,税委会公告2026年第5号
84452042,毛细纱机,,,台/千克,税委会公告2026年第5号
84452049,其他,,,台/千克,税委会公告2026年第5号
84452090,其他,,,台/千克,税委会公告2026年第5号
84453000,并线机或加捻机,,,台/千克,税委会公告2026年第5号
84454010,自动络筒机,O,,台/千克,税委会公告2026年第5号
84454090,其他,,,台/千克,税委会公告2026年第5号
84459010,整经机,,,台/千克,税委会公告2026年第5号
84459020,浆纱机,,,台/千克,税委会公告2026年第5号
84459090,其他,,,台/千克,税委会公告2026年第5号
84461000,所织织物宽度不超过30厘米的织机,,,台/千克,税委会公告2026年第5号
84462110,地毯织机,,,台/千克,税委会公告2026年第5号
84462190,其他,,,台/千克,税委会公告2026年第5号
84462900,其他,,,台/千克,税委会公告2026年第5号
84463020,剑杆织机,,,台/千克,税委会公告2026年第5号
84463030,片梭织机,,,台/千克,税委会公告2026年第5号
84463040,喷水织机,O,,台/千克,税委会公告2026年第5号
84463050,喷气织机,O,,台/千克,税委会公告2026年第5号
84463090,其他,,,台/千克,税委会公告2026年第5号
84471100,圆筒直径不超过165毫米,,,台/千克,税委会公告2026年第5号
84471200,圆筒直径超过165毫米,,,台/千克,税委会公告2026年第5号
84472011,特里科经编机,,,台/千克,税委会公告2026年第5号
84472012,拉舍尔经编机,,,台/千克,税委会公告2026年第5号
84472019,其他,,,台/千克,税委会公告2026年第5号
84472020,平型纬编机,,,台/千克,税委会公告2026年第5号
84472030,缝编机,,,台/千克,税委会公告2026年第5号
84479011,地毯织机,,,台/千克,税委会公告2026年第5号
84479019,其他,,,台/千克,税委会公告2026年第5号
84479020,绣花机,,,台/千克,税委会公告2026年第5号
84479090,其他,,,台/千克,税委会公告2026年第5号
84481100,"多臂机或提花机及其所用的卡片缩小、复制、穿孔或汇编机器多臂机或提花机,转速指标：500转/分以上",,,千克,税委会公告2026年第5号
84481900,其他,,,千克,税委会公告2026年第5号
84482020,喷丝头或喷丝板,,,个/千克,税委会公告2026年第5号
84482090,其他,,,千克,税委会公告2026年第5号
84483100,钢丝针布,,,千克,税委会公告2026年第5号
84483200,纺织纤维预处理机器的零件、附件，但钢丝针布除外,,,千克,税委会公告2026年第5号
84483310,络筒锭,,,个/千克,税委会公告2026年第5号
84483390,其他,,,千克,税委会公告2026年第5号
84483910,气流杯,,,个/千克,税委会公告2026年第5号
84483920,电子清纱器,,,个/千克,税委会公告2026年第5号
84483930,空气捻接器,,,个/千克,税委会公告2026年第5号
84483940,环锭细纱机紧密纺装置,,,个/千克,税委会公告2026年第5号
84483990,其他,,,千克,税委会公告2026年第5号
84484200,织机用筘、综丝及综框,,,千克,税委会公告2026年第5号
84484910,接、投梭箱,,,个/千克,税委会公告2026年第5号
84484920,引纬、送经装置,,,个/千克,税委会公告2026年第5号
84484930,梭子,,,个/千克,税委会公告2026年第5号
84484990,其他,,,千克,税委会公告2026年第5号
84485120,针织机用28号以下的弹簧针、钩针及复合针,,,千克,税委会公告2026年第5号
84485190,其他,,,千克,税委会公告2026年第5号
84485900,其他,,,千克,税委会公告2026年第5号
84490010,针刺机高速针刺机，针刺频率＞2000次/分钟,,,台/千克,税委会公告2026年第5号
84490020,水刺设备,,,台/千克,税委会公告2026年第5号
84490090,其他,,,千克,税委会公告2026年第5号
84501110,波轮式,A,LM,台/千克,税委会公告2026年第5号
84501120,滚筒式,A,LM,台/千克,税委会公告2026年第5号
84501190,其他,A,LM,台/千克,税委会公告2026年第5号
84501200,其他机器，装有离心甩干机,A,LM,台/千克,税委会公告2026年第5号
84501900,其他,A,LM,台/千克,税委会公告2026年第5号
84502011,波轮式,,,台/千克,税委会公告2026年第5号
84502012,滚筒式,,,台/千克,税委会公告2026年第5号
84502019,其他,,,台/千克,税委会公告2026年第5号
84502090,其他,,,台/千克,税委会公告2026年第5号
84509010,干衣量不超过10千克的洗衣机用,,,千克,税委会公告2026年第5号
84509090,其他,,,千克,税委会公告2026年第5号
84511000,干洗机,,,台/千克,税委会公告2026年第5号
84512100,干衣量不超过10千克,,,台/千克,税委会公告2026年第5号
84512900,其他,,,台/千克,税委会公告2026年第5号
84513000,熨烫机及挤压机（包括熔压机）,,,台/千克,税委会公告2026年第5号
84514000,洗涤、漂白或染色机器,,,台/千克,税委会公告2026年第5号
84515000,纺织物的卷绕、退绕、折叠、剪切或剪齿边机器,,,台/千克,税委会公告2026年第5号
84518000,其他机器,,,台/千克,税委会公告2026年第5号
84519000,零件,,,千克,税委会公告2026年第5号
84521010,多功能型,,,台/千克,税委会公告2026年第5号
84521091,手动式,,,台/千克,税委会公告2026年第5号
84521099,其他,,,台/千克,税委会公告2026年第5号
84522110,平缝机,,,台/千克,税委会公告2026年第5号
84522120,包缝机,,,台/千克,税委会公告2026年第5号
84522130,绷缝机,,,台/千克,税委会公告2026年第5号
84522190,其他,,,台/千克,税委会公告2026年第5号
84522900,其他,,,台/千克,税委会公告2026年第5号
84523000,缝纫机针,,,千克,税委会公告2026年第5号
84529011,旋梭,,,千克,税委会公告2026年第5号
84529019,其他,,,千克,税委会公告2026年第5号
84529091,旋梭,,,千克,税委会公告2026年第5号
84529092,缝纫机专用的特制家具、底座和罩盖及其零件,,,千克,税委会公告2026年第5号
84529099,其他,,,千克,税委会公告2026年第5号
84531000,生皮、皮革的处理、鞣制或加工机器,,,台/千克,税委会公告2026年第5号
84532000,鞋靴制作或修理机器,,,台/千克,税委会公告2026年第5号
84538000,其他机器,,,台/千克,税委会公告2026年第5号
84539000,零件,,,千克,税委会公告2026年第5号
84541000,转炉,,,台/千克,税委会公告2026年第5号
84542010,炉外精炼设备,O,,台/千克,税委会公告2026年第5号
84542090,其他,,,台/千克,税委会公告2026年第5号
84543010,冷室压铸机,3O,,台/千克,税委会公告2026年第5号
84543021,方坯连铸机,,,台/千克,税委会公告2026年第5号
84543022,板坯连铸机,O,,台/千克,税委会公告2026年第5号
84543029,其他,O,,台/千克,税委会公告2026年第5号
84543090,其他,3,,台/千克,税委会公告2026年第5号
84549010,炉外精炼设备用,,,千克,税委会公告2026年第5号
84549021,结晶器,,,千克,税委会公告2026年第5号
84549022,振动装置,,,千克,税委会公告2026年第5号
84549029,其他,,,千克,税委会公告2026年第5号
84549090,其他,,,千克,税委会公告2026年第5号
84551010,热轧管机,,,台/千克,税委会公告2026年第5号
84551020,冷轧管机,O,,台/千克,税委会公告2026年第5号
84551030,定减径轧管机,O,,台/千克,税委会公告2026年第5号
84551090,其他,O,,台/千克,税委会公告2026年第5号
84552110,板材热轧机,,,台/千克,税委会公告2026年第5号
84552120,型钢轧机,O,,台/千克,税委会公告2026年第5号
84552130,线材轧机,O,,台/千克,税委会公告2026年第5号
84552190,其他,O,,台/千克,税委会公告2026年第5号
84552210,板材冷轧机,O,,台/千克,税委会公告2026年第5号
84552290,其他,,,台/千克,税委会公告2026年第5号
84553000,轧机用轧辊,,,个/千克,税委会公告2026年第5号
84559000,其他零件,,,千克,税委会公告2026年第5号
84561100,用激光处理的,3,,台/千克,税委会公告2026年第5号
84561200,用其他光或光子束处理的,,,台/千克,税委会公告2026年第5号
84562000,用超声波处理的,,,台/千克,税委会公告2026年第5号
84563010,数控的,3O,,台/千克,税委会公告2026年第5号
84563090,其他,3,,台/千克,税委会公告2026年第5号
84564010,等离子切割机,A,L,台/千克,税委会公告2026年第5号
84564090,其他,,,台/千克,税委会公告2026年第5号
84565000,水射流切割机,,,台/千克,税委会公告2026年第5号
84569000,其他,,,台/千克,税委会公告2026年第5号
84571010,立式,O,,台/千克,税委会公告2026年第5号
84571020,卧式,O,,台/千克,税委会公告2026年第5号
84571030,龙门式,O,,台/千克,税委会公告2026年第5号
84571091,铣车复合,O,,台/千克,税委会公告2026年第5号
84571099,其他,O,,台/千克,税委会公告2026年第5号
84572000,单工位组合机床,O,,台/千克,税委会公告2026年第5号
84573000,多工位组合机床,O,,台/千克,税委会公告2026年第5号
84581100,数控的,3O,,台/千克,税委会公告2026年第5号
84581900,其他,,,台/千克,税委会公告2026年第5号
84589110,立式,3O,,台/千克,税委会公告2026年第5号
84589120,其他,3O,,台/千克,税委会公告2026年第5号
84589900,其他,,,台/千克,税委会公告2026年第5号
84591000,直线移动式动力头机床,,,台/千克,税委会公告2026年第5号
84592100,数控的,O,,台/千克,税委会公告2026年第5号
84592900,其他,,,台/千克,税委会公告2026年第5号
84593100,数控的,O,,台/千克,税委会公告2026年第5号
84593900,其他,,,台/千克,税委会公告2026年第5号
84594100,数控的,O,,台/千克,税委会公告2026年第5号
84594900,其他,,,台/千克,税委会公告2026年第5号
84595100,数控的,O,,台/千克,税委会公告2026年第5号
84595900,其他,,,台/千克,税委会公告2026年第5号
84596110,龙门铣床,O,,台/千克,税委会公告2026年第5号
84596190,其他,O,,台/千克,税委会公告2026年第5号
84596910,龙门铣床,,,台/千克,税委会公告2026年第5号
84596990,其他,,,台/千克,税委会公告2026年第5号
84597000,其他加工螺纹的机床,,,台/千克,税委会公告2026年第5号
84601210,在任一坐标的定位精度至少是0.01毫米,O,,台/千克,税委会公告2026年第5号
84601290,其他,,,台/千克,税委会公告2026年第5号
84601910,在任一坐标的定位精度至少是0.01毫米,,,台/千克,税委会公告2026年第5号
84601990,其他,,,台/千克,税委会公告2026年第5号
84602210,在任一坐标的定位精度至少是0.01毫米,O,,台/千克,税委会公告2026年第5号
84602290,其他,,,台/千克,税委会公告2026年第5号
84602311,曲轴磨床,O,,台/千克,税委会公告2026年第5号
84602319,其他,O,,台/千克,税委会公告2026年第5号
84602390,其他,,,台/千克,税委会公告2026年第5号
84602411,内圆磨床,O,,台/千克,税委会公告2026年第5号
84602419,其他,O,,台/千克,税委会公告2026年第5号
84602490,其他,,,台/千克,税委会公告2026年第5号
84602911,外圆磨床,,,台/千克,税委会公告2026年第5号
84602912,内圆磨床,,,台/千克,税委会公告2026年第5号
84602913,轧辊磨床,,,台/千克,税委会公告2026年第5号
84602919,其他,,,台/千克,税委会公告2026年第5号
84602990,其他,,,台/千克,税委会公告2026年第5号
84603100,数控的,,,台/千克,税委会公告2026年第5号
84603900,其他,,,台/千克,税委会公告2026年第5号
84604010,珩磨,,,台/千克,税委会公告2026年第5号
84604020,研磨,,,台/千克,税委会公告2026年第5号
84609010,砂轮机,,,台/千克,税委会公告2026年第5号
84609020,抛光机床,,,台/千克,税委会公告2026年第5号
84609090,其他,,,台/千克,税委会公告2026年第5号
84612010,牛头刨床,,,台/千克,税委会公告2026年第5号
84612020,插床,,,台/千克,税委会公告2026年第5号
84613000,拉床,,,台/千克,税委会公告2026年第5号
84614011,齿轮磨床,O,,台/千克,税委会公告2026年第5号
84614019,其他,O,,台/千克,税委会公告2026年第5号
84614090,其他,,,台/千克,税委会公告2026年第5号
84615000,锯床或切断机,3,,台/千克,税委会公告2026年第5号
84619011,龙门刨床,,,台/千克,税委会公告2026年第5号
84619019,其他,,,台/千克,税委会公告2026年第5号
84619090,其他,,,台/千克,税委会公告2026年第5号
84621110,数控的,,,台/千克,税委会公告2026年第5号
84621190,其他,,,台/千克,税委会公告2026年第5号
84621910,数控的,,,台/千克,税委会公告2026年第5号
84621990,其他,,,台/千克,税委会公告2026年第5号
84622210,数控的,,,台/千克,税委会公告2026年第5号
84622290,其他,,,台/千克,税委会公告2026年第5号
84622300,数控折弯机,,,台/千克,税委会公告2026年第5号
84622400,数控多边折弯机,,,台/千克,税委会公告2026年第5号
84622500,数控卷板机,,,台/千克,税委会公告2026年第5号
84622610,矫直机,,,台/千克,税委会公告2026年第5号
84622690,其他,,,台/千克,税委会公告2026年第5号
84622910,矫直机,,,台/千克,税委会公告2026年第5号
84622990,其他,,,台/千克,税委会公告2026年第5号
84623210,数控的,,,台/千克,税委会公告2026年第5号
84623290,其他,,,台/千克,税委会公告2026年第5号
84623300,数控剪切机床,,,台/千克,税委会公告2026年第5号
84623900,其他,,,台/千克,税委会公告2026年第5号
84624211,自动模式数控步冲压力机,,,台/千克,税委会公告2026年第5号
84624212,其他,,,台/千克,税委会公告2026年第5号
84624290,其他,,,台/千克,税委会公告2026年第5号
84624900,其他,,,台/千克,税委会公告2026年第5号
84625100,数控的,,,台/千克,税委会公告2026年第5号
84625900,其他,,,台/千克,税委会公告2026年第5号
84626110,数控的,,,台/千克,税委会公告2026年第5号
84626190,其他,,,台/千克,税委会公告2026年第5号
84626210,数控的,,,台/千克,税委会公告2026年第5号
84626290,其他,,,台/千克,税委会公告2026年第5号
84626300,伺服压力机,,,台/千克,税委会公告2026年第5号
84626910,数控的,,,台/千克,税委会公告2026年第5号
84626990,其他,,,台/千克,税委会公告2026年第5号
84629010,数控的,,,台/千克,税委会公告2026年第5号
84629090,其他,,,台/千克,税委会公告2026年第5号
84631011,拉拔力为300吨及以下,,,台/千克,税委会公告2026年第5号
84631019,其他,,,台/千克,税委会公告2026年第5号
84631020,拔丝机,,,台/千克,税委会公告2026年第5号
84631090,其他,,,台/千克,税委会公告2026年第5号
84632000,螺纹滚轧机,,,台/千克,税委会公告2026年第5号
84633000,金属丝加工机,,,台/千克,税委会公告2026年第5号
84639000,其他,,,台/千克,税委会公告2026年第5号
84641010,圆盘锯,,,台/千克,税委会公告2026年第5号
84641020,钢丝锯,,,台/千克,税委会公告2026年第5号
84641090,其他,,,台/千克,税委会公告2026年第5号
84642010,玻璃研磨或抛光机床,,,台/千克,税委会公告2026年第5号
84642090,其他,,,台/千克,税委会公告2026年第5号
84649011,切割机,,,台/千克,税委会公告2026年第5号
84649012,刻花机,,,台/千克,税委会公告2026年第5号
84649019,其他,,,台/千克,税委会公告2026年第5号
84649090,其他,,,台/千克,税委会公告2026年第5号
84651000,不需更换工具即可进行不同机械加工的机器,,,台/千克,税委会公告2026年第5号
84652010,以刨、铣、钻孔、研磨、抛光、凿榫及其他切削为主的加工中心，加工木材及类似硬质材料的,,,台/千克,税委会公告2026年第5号
84652090,其他,,,台/千克,税委会公告2026年第5号
84659100,锯床,,,台/千克,税委会公告2026年第5号
84659200,刨、铣或切削成形机器,,,台/千克,税委会公告2026年第5号
84659300,研磨、砂磨或抛光机器,,,台/千克,税委会公告2026年第5号
84659400,弯曲或装配机器,,,台/千克,税委会公告2026年第5号
84659500,钻孔或凿榫机器,,,台/千克,税委会公告2026年第5号
84659600,剖开、切片或刮削机器,,,台/千克,税委会公告2026年第5号
84659900,其他,,,台/千克,税委会公告2026年第5号
84661000,工具夹具及自启板牙切头,,,千克,税委会公告2026年第5号
84662000,工件夹具,3,,千克,税委会公告2026年第5号
84663000,分度头及其他专用于机器的附件,,,千克,税委会公告2026年第5号
84669100,税目84.64所列机器用,,,千克,税委会公告2026年第5号
84669200,税目84.65所列机器用,,,千克,税委会公告2026年第5号
84669310,刀库及自动换刀装置,,,千克,税委会公告2026年第5号
84669390,其他,,,千克,税委会公告2026年第5号
84669400,税目84.62或84.63所列机器用,,,千克,税委会公告2026年第5号
84671100,旋转式（包括旋转冲击式的）,,,台/千克,税委会公告2026年第5号
84671900,其他,,,台/千克,税委会公告2026年第5号
84672100,各种钻,A,L,台/千克,税委会公告2026年第5号
84672210,链锯,,,台/千克,税委会公告2026年第5号
84672290,其他,,,台/千克,税委会公告2026年第5号
84672910,砂磨工具（包括磨光机、砂光机、砂轮机等）,A,L,台/千克,税委会公告2026年第5号
84672920,电刨,,,台/千克,税委会公告2026年第5号
84672990,其他,A,L,台/千克,税委会公告2026年第5号
84678100,链锯,,,台/千克,税委会公告2026年第5号
84678900,其他,,,台/千克,税委会公告2026年第5号
84679110,电动的,,,千克,税委会公告2026年第5号
84679190,其他,,,千克,税委会公告2026年第5号
84679200,风动工具用,,,千克,税委会公告2026年第5号
84679910,电动工具用,,,千克,税委会公告2026年第5号
84679990,其他,,,千克,税委会公告2026年第5号
84681000,手提喷焊器,,,台/千克,税委会公告2026年第5号
84682000,其他气体焊接或表面回火机器及装置,3,,台/千克,税委会公告2026年第5号
84688000,其他机器及装置,,,台/千克,税委会公告2026年第5号
84689000,零件,,,千克,税委会公告2026年第5号
84701000,不需外接电源的电子计算器及具有计算功能的袖珍式数据记录、重现及显示机器,,,台/千克,税委会公告2026年第5号
84702100,装有打印装置的,,,台/千克,税委会公告2026年第5号
84702900,其他,,,台/千克,税委会公告2026年第5号
84703000,其他计算机器,,,台/千克,税委会公告2026年第5号
84705010,销售点终端出纳机,,L,台/千克,税委会公告2026年第5号
84705090,其他,,L,台/千克,税委会公告2026年第5号
84709000,其他,,,台/千克,税委会公告2026年第5号
84713010,平板电脑,A,L,台/千克,税委会公告2026年第5号
84713090,其他,A,L,台/千克,税委会公告2026年第5号
84714110,巨型机、大型机及中型机,3,,台/千克,税委会公告2026年第5号
84714120,小型机,,L,台/千克,税委会公告2026年第5号
84714140,微型机,A,L,台/千克,税委会公告2026年第5号
84714190,其他,,L,台/千克,税委会公告2026年第5号
84714910,巨型机、大型机及中型机,3,,台/千克,税委会公告2026年第5号
84714920,小型机,,L,台/千克,税委会公告2026年第5号
84714940,微型机,,L,台/千克,税委会公告2026年第5号
84714991,分散型工业过程控制设备,,,台/千克,税委会公告2026年第5号
84714999,其他,,L,台/千克,税委会公告2026年第5号
84715010,巨型机、大型机及中型机的,3,,台/千克,税委会公告2026年第5号
84715020,小型机的,,,台/千克,税委会公告2026年第5号
84715040,微型机的,,,台/千克,税委会公告2026年第5号
84715090,其他,,,台/千克,税委会公告2026年第5号
84716040,巨型机、大型机、中型机及小型机用终端,,,台/千克,税委会公告2026年第5号
84716050,扫描仪,,L,台/千克,税委会公告2026年第5号
84716060,数字化仪,,,台/千克,税委会公告2026年第5号
84716071,键盘,,,个/千克,税委会公告2026年第5号
84716072,鼠标器,,,个/千克,税委会公告2026年第5号
84716090,其他,,,台/千克,税委会公告2026年第5号
84717011,固态硬盘（SSD）,,,台/千克,税委会公告2026年第5号
84717019,其他,,,台/千克,税委会公告2026年第5号
84717020,软盘驱动器,,,台/千克,税委会公告2026年第5号
84717030,光盘驱动器,,,台/千克,税委会公告2026年第5号
84717090,其他,,,台/千克,税委会公告2026年第5号
84718000,自动数据处理设备的其他部件,,,台/千克,税委会公告2026年第5号
84719000,其他,,,台/千克,税委会公告2026年第5号
84721000,胶版复印机、油印机,,L,台/千克,税委会公告2026年第5号
84723010,邮政信件分拣及封装设备,,,台/千克,税委会公告2026年第5号
84723090,其他,,,台/千克,税委会公告2026年第5号
84729010,自动柜员机,,L,台/千克,税委会公告2026年第5号
84729021,打洞机,,,台/千克,税委会公告2026年第5号
84729022,订书机,,,台/千克,税委会公告2026年第5号
84729029,其他,,,台/千克,税委会公告2026年第5号
84729030,碎纸机,,,台/千克,税委会公告2026年第5号
84729040,地址印写机及地址铭牌压印机,,,台/千克,税委会公告2026年第5号
84729050,文字处理机,,,台/千克,税委会公告2026年第5号
84729060,打字机，但税目84.43的打印机除外,,,台/千克,税委会公告2026年第5号
84729090,其他,,,台/千克,税委会公告2026年第5号
84732100,子目8470.10、8470.21或8470.29所列电子计算器的零件、附件,,,千克,税委会公告2026年第5号
84732900,其他,,,千克,税委会公告2026年第5号
84733010,子目8471.4110、8471.4120、8471.4910、8471.4920、8471.5010、8471.5020、8471.6090、8471.7011、8471.7019、8471.7020、8471.7030及8471.7090所列机器及装置的零件、附件,,,千克,税委会公告2026年第5号
84733090,其他,,,千克,税委会公告2026年第5号
84734010,自动柜员机用出钞器和循环出钞器,,,千克,税委会公告2026年第5号
84734020,子目8472.9050、8472.9060所列机器的零件、附件,,,千克,税委会公告2026年第5号
84734090,其他,,,千克,税委会公告2026年第5号
84735000,同样适用于税目84.70至84.72中两个或两个以上税目所列机器的零件、附件,,,千克,税委会公告2026年第5号
84741000,分类、筛选、分离或洗涤机器,,,台/千克,税委会公告2026年第5号
84742010,齿辊式,,,台/千克,税委会公告2026年第5号
84742020,球磨式,,,台/千克,税委会公告2026年第5号
84742090,其他,,,台/千克,税委会公告2026年第5号
84743100,混凝土或砂浆混合机器,,,台/千克,税委会公告2026年第5号
84743200,矿物与沥青的混合机器,,,台/千克,税委会公告2026年第5号
84743900,其他,,,台/千克,税委会公告2026年第5号
84748010,辊压成型机,,,台/千克,税委会公告2026年第5号
84748020,模压成型机,,,台/千克,税委会公告2026年第5号
84748090,其他,,,台/千克,税委会公告2026年第5号
84749000,零件,,,千克,税委会公告2026年第5号
84751000,白炽灯泡、灯管、放电灯管、电子管、闪光灯泡及类似品的封装机器,,,台/千克,税委会公告2026年第5号
84752100,制造光导纤维及其预制棒的机器,,,台/千克,税委会公告2026年第5号
84752911,连续式玻璃热弯炉,,,台/千克,税委会公告2026年第5号
84752912,玻璃纤维拉丝机（光纤拉丝机除外）,,,台/千克,税委会公告2026年第5号
84752919,其他,,,台/千克,税委会公告2026年第5号
84752990,其他,,,台/千克,税委会公告2026年第5号
84759000,零件税目8475.21所列机器的零件,,,千克,税委会公告2026年第5号
84762100,装有加热或制冷装置的,A,R,台/千克,税委会公告2026年第5号
84762900,其他,A,R,台/千克,税委会公告2026年第5号
84768100,装有加热或制冷装置的,,,台/千克,税委会公告2026年第5号
84768900,其他钱币兑换机,,,台/千克,税委会公告2026年第5号
84769000,零件钱币兑换机的零件,,,千克,税委会公告2026年第5号
84771010,注塑机,,,台/千克,税委会公告2026年第5号
84771090,其他,,,台/千克,税委会公告2026年第5号
84772010,塑料造粒机,,,台/千克,税委会公告2026年第5号
84772090,其他,,,台/千克,税委会公告2026年第5号
84773010,挤出吹塑机,,,台/千克,税委会公告2026年第5号
84773020,注射吹塑机,,,台/千克,税委会公告2026年第5号
84773090,其他,,,台/千克,日常维护
84774010,塑料中空成型机,,,台/千克,税委会公告2026年第5号
84774020,塑料压延成型机,,,台/千克,税委会公告2026年第5号
84774090,其他,,,台/千克,税委会公告2026年第5号
84775100,用于充气轮胎模塑或翻新的机器及内胎模塑或用其他方法成型的机器,,,台/千克,税委会公告2026年第5号
84775900,其他,,,台/千克,税委会公告2026年第5号
84778000,其他机器,,,台/千克,税委会公告2026年第5号
84779000,零件,,,千克,税委会公告2026年第5号
84781000,机器,O,,台/千克,税委会公告2026年第5号
84789000,零件,O,,千克,税委会公告2026年第5号
84791021,沥青混凝土摊铺机,O,,台/千克,税委会公告2026年第5号
84791022,稳定土摊铺机,,,台/千克,税委会公告2026年第5号
84791029,其他,O,,台/千克,税委会公告2026年第5号
84791090,其他,,,台/千克,税委会公告2026年第5号
84792000,提取、加工动物油脂、植物固定油脂或微生物油脂的机器,A,R,台/千克,税委会公告2026年第5号
84793000,木碎料板或木纤维板的挤压机及其他木材或软木处理机,,,台/千克,税委会公告2026年第5号
84794000,绳或缆的制造机器,,,台/千克,税委会公告2026年第5号
84795011,协作机器人,,,台/千克,税委会公告2026年第5号
84795019,其他,,,台/千克,税委会公告2026年第5号
84795090,其他,3,,台/千克,税委会公告2026年第5号
84796000,蒸发式空气冷却器,,,台/千克,税委会公告2026年第5号
84797100,用于机场的,,,台/千克,税委会公告2026年第5号
84797900,其他,A,M,台/千克,税委会公告2026年第5号
84798110,绕线机,,,台/千克,税委会公告2026年第5号
84798190,其他,,,台/千克,税委会公告2026年第5号
84798200,混合、搅拌、轧碎、研磨、筛选、均化或乳化机器用于废物和废水处理的混合、搅拌、轧碎、研磨、筛选、均化或乳化机器,3,,台/千克,税委会公告2026年第5号
84798310,处理金属的,3,,台/千克,税委会公告2026年第5号
84798390,其他,3,,台/千克,税委会公告2026年第5号
84798910,船舶用舵机及陀螺稳定器,,,台/千克,税委会公告2026年第5号
84798920,空气增湿器及减湿器,,L,台/千克,税委会公告2026年第5号
84798940,邮政用包裹、印刷品分拣设备,,,台/千克,税委会公告2026年第5号
84798950,放射性废物压实机,,,台/千克,税委会公告2026年第5号
84798961,自动插件机,,,台/千克,税委会公告2026年第5号
84798962,自动贴片机,,,台/千克,税委会公告2026年第5号
84798969,其他,,,台/千克,税委会公告2026年第5号
84798970,智能仿生机器人,A,,台/千克,税委会公告2026年第5号
84798992,自动化立体仓储设备,A,M,台/千克,税委会公告2026年第5号
84798999,其他,,,台/千克,税委会公告2026年第5号
84799010,船舶用舵机及陀螺稳定器用,,,千克,税委会公告2026年第5号
84799020,空气增湿器及减湿器用,,,千克,税委会公告2026年第5号
84799090,其他,3,,千克,税委会公告2026年第5号
84801000,金属铸造用型箱,,,千克,税委会公告2026年第5号
84802000,型模底板,,,千克,税委会公告2026年第5号
84803000,阳模,,,千克,税委会公告2026年第5号
84804110,压铸模,,,千克,税委会公告2026年第5号
84804120,粉末冶金用压模,,,千克,税委会公告2026年第5号
84804190,其他,3,,千克,税委会公告2026年第5号
84804900,其他,3,,千克,税委会公告2026年第5号
84805000,玻璃用型模,,,套/千克,税委会公告2026年第5号
84806000,矿物材料用型模,3,,套/千克,税委会公告2026年第5号
84807110,硫化轮胎用囊式型模,,,套/千克,税委会公告2026年第5号
84807190,其他,,,套/千克,税委会公告2026年第5号
84807900,其他,,,套/千克,税委会公告2026年第5号
84811000,减压阀喷灌设备用减压阀,,,套/千克,税委会公告2026年第5号
84812010,油压的飞机发动机用液压传动阀,,,套/千克,税委会公告2026年第5号
84812020,气压的飞机发动机用气压传动阀,,,套/千克,税委会公告2026年第5号
84813000,止回阀,,,套/千克,税委会公告2026年第5号
84814000,安全阀或溢流阀,,,套/千克,税委会公告2026年第5号
84818021,电磁式,3,,套/千克,税委会公告2026年第5号
84818029,其他,3,,套/千克,税委会公告2026年第5号
84818031,电子膨胀阀,3,,套/千克,税委会公告2026年第5号
84818039,其他飞机发动机用流量阀专用或主要用于半导体器件、集成电路或平板显示器制造设备用的气体流量阀(流量控制范围：满量程的2%-100%),3,,套/千克,税委会公告2026年第5号
84818040,其他阀门废气再循环阀高压涡轮间隙控制阀门飞机发动机用预冷控制阀门其他阀门,3,,套/千克,税委会公告2026年第5号
84818090,其他,,,套/千克,税委会公告2026年第5号
84819010,阀门用,,,千克,税委会公告2026年第5号
84819090,其他,,,千克,税委会公告2026年第5号
84821010,调心球轴承绝缘调心球轴承（高铁电机用，绝缘电阻＞1吉欧姆，直流耐压≥3000伏，额定动载荷≥210000牛顿）,,,套/千克,税委会公告2026年第5号
84821020,深沟球轴承,,,套/千克,税委会公告2026年第5号
84821030,角接触球轴承医疗设备用角接触球轴承（内圈直径≥790毫米，额定载荷≥850千克，转速≥200转每分钟）,,,套/千克,税委会公告2026年第5号
84821040,推力球轴承飞机发动机用推力球轴承（滚珠轴承）,,,套/千克,税委会公告2026年第5号
84821090,其他,,,套/千克,税委会公告2026年第5号
84822000,锥形滚子轴承，包括锥形滚子组件6兆瓦及以上风力发电机用锥形滚子轴承,,,套/千克,税委会公告2026年第5号
84823000,鼓形滚子轴承,,,套/千克,税委会公告2026年第5号
84824000,滚针轴承，包括保持架和滚针组件飞机发动机用滚针轴承其他滚针轴承,,,套/千克,税委会公告2026年第5号
84825000,其他圆柱形滚子轴承，包括保持架和滚子组件飞机发动机主推进轴用滚子轴承二环、三环偏心滚动轴承，飞机发动机主推进轴用滚子轴承除外,,,套/千克,税委会公告2026年第5号
84828000,其他，包括球、柱混合轴承,,,套/千克,税委会公告2026年第5号
84829100,滚珠、滚针及滚柱,,,千克,税委会公告2026年第5号
84829900,其他,,,千克,税委会公告2026年第5号
84831011,柴油机曲轴,,,个/千克,税委会公告2026年第5号
84831019,其他,,,个/千克,税委会公告2026年第5号
84831090,其他飞机发动机用传动轴,,,个/千克,税委会公告2026年第5号
84832000,装有滚珠或滚子轴承的轴承座,,,个/千克,税委会公告2026年第5号
84833000,未装有滚珠或滚子轴承的轴承座；滑动轴承,,,个/千克,税委会公告2026年第5号
84834010,滚子螺杆传动装置飞机水平尾翼螺旋杆,,,个/千克,税委会公告2026年第5号
84834020,行星齿轮减速器,,,个/千克,税委会公告2026年第5号
84834090,其他飞机发动机用齿轮传动装置（齿轮箱）,,,个/千克,税委会公告2026年第5号
84835000,飞轮及滑轮，包括滑轮组,,,个/千克,税委会公告2026年第5号
84836000,"离合器及联轴器（包括万向节）压力机用组合式湿式离合/制动器,离合扭距为60千牛米-300千牛米,制动扭距为30千牛米-100千牛米",,,个/千克,税委会公告2026年第5号
84839000,单独报验的带齿的轮、链轮及其他传动元件；零件车用凸轮轴相位调节器飞机发动机用齿轮箱用单个齿轮,,,千克,税委会公告2026年第5号
84841000,密封垫或类似接合衬垫，用金属片与其他材料制成或用双层或多层金属片制成,,,千克,税委会公告2026年第5号
84842000,机械密封件,3,,千克,税委会公告2026年第5号
84849000,其他,,,千克,税委会公告2026年第5号
84851000,用金属材料的,,,台/千克,税委会公告2026年第5号
84852000,用塑料或橡胶材料的,,,台/千克,税委会公告2026年第5号
84853010,用玻璃材料的,,,台/千克,税委会公告2026年第5号
84853020,用石膏、水泥、陶瓷材料的,,,台/千克,税委会公告2026年第5号
84858010,用纸或纸浆的,,,台/千克,税委会公告2026年第5号
84858020,用木材、软木的,,,台/千克,税委会公告2026年第5号
84858090,其他,,,台/千克,税委会公告2026年第5号
84859010,用金属材料的,,,千克,税委会公告2026年第5号
84859020,用玻璃材料的,,,千克,税委会公告2026年第5号
84859030,用橡胶或塑料材料的,,,千克,税委会公告2026年第5号
84859040,用石膏、水泥、陶瓷材料的,,,千克,税委会公告2026年第5号
84859050,用纸或纸浆的,,,千克,税委会公告2026年第5号
84859060,用木材、软木的,,,千克,税委会公告2026年第5号
84859090,其他,,,千克,税委会公告2026年第5号
84861010,利用温度变化处理单晶硅的机器及装置,,,台/千克,税委会公告2026年第5号
84861020,研磨设备,,,台/千克,税委会公告2026年第5号
84861030,切割设备,,,台/千克,税委会公告2026年第5号
84861040,化学机械抛光设备（CMP）,,,台/千克,税委会公告2026年第5号
84861090,其他,,,台/千克,税委会公告2026年第5号
84862010,氧化、扩散、退火及其他热处理设备,,,台/千克,税委会公告2026年第5号
84862021,化学气相沉积装置（CVD）,,,台/千克,税委会公告2026年第5号
84862022,物理气相沉积装置（PVD）,,,台/千克,税委会公告2026年第5号
84862029,其他,,,台/千克,税委会公告2026年第5号
84862031,分步重复光刻机（步进光刻机）,,,台/千克,税委会公告2026年第5号
84862039,其他,,,台/千克,税委会公告2026年第5号
84862041,等离子体干法刻蚀机,,,台/千克,税委会公告2026年第5号
84862049,其他,,,台/千克,税委会公告2026年第5号
84862050,离子注入机,,,台/千克,税委会公告2026年第5号
84862090,其他,,,台/千克,税委会公告2026年第5号
84863010,扩散、氧化、退火及其他热处理设备,,,台/千克,税委会公告2026年第5号
84863021,化学气相沉积设备（CVD）,,,台/千克,税委会公告2026年第5号
84863022,物理气相沉积设备（PVD）,,,台/千克,税委会公告2026年第5号
84863029,其他,,,台/千克,税委会公告2026年第5号
84863031,分步重复光刻机,,,台/千克,税委会公告2026年第5号
84863039,其他,,,台/千克,税委会公告2026年第5号
84863041,超声波清洗装置,,,台/千克,税委会公告2026年第5号
84863049,其他,,,台/千克,税委会公告2026年第5号
84863090,其他,,,台/千克,税委会公告2026年第5号
84864010,主要用于或专用于制作和修复掩膜版或投影掩膜版的装置,,,台/千克,税委会公告2026年第5号
84864021,塑封机,,,台/千克,税委会公告2026年第5号
84864022,引线键合装置,,,台/千克,税委会公告2026年第5号
84864029,其他,,,台/千克,税委会公告2026年第5号
84864031,集成电路工厂专用的自动搬运机器人,,,台/千克,税委会公告2026年第5号
84864039,其他,,,台/千克,税委会公告2026年第5号
84869010,升降、搬运、装卸机器用（自动搬运设备用除外）,,,千克,税委会公告2026年第5号
84869020,引线键合装置用,,,千克,税委会公告2026年第5号
84869091,带背板的溅射靶材组件,3,,千克,税委会公告2026年第5号
84869099,其他,,,千克,税委会公告2026年第5号
84871000,船用推进器及桨叶,,,千克,税委会公告2026年第5号
84879000,其他,,,千克,税委会公告2026年第5号
85011010,玩具用,,,台/千克,税委会公告2026年第5号
85011091,微电机，机座尺寸在20毫米及以上，但不超过39毫米摄像机、摄录一体机用精密微型电机(0.5瓦≤功率≤10瓦，20毫米≤直径≤39毫米）,,,台/千克,税委会公告2026年第5号
85011099,其他摄像机、摄录一体机用精密微型电机(0.5瓦≤功率≤10瓦，5毫米≤直径＜20毫米或39毫米＜直径≤40毫米）,,,台/千克,税委会公告2026年第5号
85012000,交直流两用电动机，输出功率超过37.5瓦,3,L,台/千克,税委会公告2026年第5号
85013100,输出功率不超过750瓦,,L,台/千克,税委会公告2026年第5号
85013200,输出功率超过750瓦，但不超过75千瓦,3,L,台/千克,税委会公告2026年第5号
85013300,输出功率超过75千瓦，但不超过375千瓦,3,,台/千克,税委会公告2026年第5号
85013400,输出功率超过375千瓦,3,,台/千克,税委会公告2026年第5号
85014000,其他单相交流电动机,3,L,台/千克,税委会公告2026年第5号
85015100,输出功率不超过750瓦,,L,台/千克,税委会公告2026年第5号
85015200,输出功率超过750瓦，但不超过75千瓦,3,L,台/千克,税委会公告2026年第5号
85015300,输出功率超过75千瓦,3,,台/千克,税委会公告2026年第5号
85016100,输出功率不超过75千伏安,3,,台/千克,税委会公告2026年第5号
85016200,输出功率超过75千伏安，但不超过375千伏安,,,台/千克,税委会公告2026年第5号
85016300,输出功率超过375千伏安，但不超过750千伏安,,,台/千克,税委会公告2026年第5号
85016410,输出功率超过750千伏安，但不超过350兆伏安由使用可再生燃料锅炉和涡轮机组驱动的交流发电机，750千伏安＜输出功率≤350兆伏安,O,,台/千克,税委会公告2026年第5号
85016420,输出功率超过350兆伏安，但不超过665兆伏安由使用可再生燃料锅炉和涡轮机组驱动的交流发电机，350兆伏安＜输出功率≤665兆伏安,,,台/千克,税委会公告2026年第5号
85016430,输出功率超过665兆伏安由使用可再生燃料锅炉和涡轮机组驱动的交流发电机，输出功率＞665兆伏安,,,台/千克,税委会公告2026年第5号
85017100,输出功率不超过50瓦,,L,台/千克,税委会公告2026年第5号
85017210,输出功率超过50瓦，但不超过750瓦,,L,台/千克,税委会公告2026年第5号
85017220,输出功率超过750瓦，但不超过75千瓦,,L,台/千克,税委会公告2026年第5号
85017230,输出功率超过75千瓦，但不超过375千瓦,,,台/千克,税委会公告2026年第5号
85017240,输出功率超过375千瓦,,,台/千克,税委会公告2026年第5号
85018010,输出功率不超过75千伏安,,,台/千克,税委会公告2026年第5号
85018020,输出功率超过75千伏安，但不超过375千伏安,,,台/千克,税委会公告2026年第5号
85018030,输出功率超过375千伏安，但不超过750千伏安,,,台/千克,税委会公告2026年第5号
85018041,输出功率超过750千伏安，但不超过350兆伏安,O,,台/千克,税委会公告2026年第5号
85018042,输出功率超过350兆伏安，但不超过665兆伏安,O,,台/千克,税委会公告2026年第5号
85018043,输出功率超过665兆伏安,,,台/千克,税委会公告2026年第5号
85021100,输出功率不超过75千伏安,,,台/千克,税委会公告2026年第5号
85021200,输出功率超过75千伏安，但不超过375千伏安,O,,台/千克,税委会公告2026年第5号
85021310,输出功率超过375千伏安，但不超过2兆伏安,O,,台/千克,税委会公告2026年第5号
85021320,输出功率超过2兆伏安,O,,台/千克,税委会公告2026年第5号
85022000,装有点燃式活塞内燃发动机的发电机组以沼气为燃料的装有点燃式活塞内燃发动机的发电机组（功率≥1000千瓦，发电效率≥40%）,,,台/千克,税委会公告2026年第5号
85023100,风力驱动的,,,台/千克,税委会公告2026年第5号
85023900,其他依靠可再生能源（太阳能、小水电、潮汐、沼气、地热能、生物质/余热驱动的汽轮机）生产电力的发电机组,,,台/千克,税委会公告2026年第5号
85024000,旋转式变流机,,,台/千克,税委会公告2026年第5号
85030010,子目8501.1010及8501.1091所列电动机用,,,千克,税委会公告2026年第5号
85030020,子目8501.6420及8501.6430所列发电机用,,,千克,税委会公告2026年第5号
85030030,子目8502.3100所列发电机组用,,,千克,税委会公告2026年第5号
85030090,其他由使用可再生燃料锅炉和涡轮机组驱动的输出功率超过750千伏安的交流发电机的零件；依靠可再生能源（太阳能、小水电、潮汐、沼气、地热能、生物质/余热驱动的汽轮机）生产电力的发电机组的零件飞机发动机用交流发电机定子燃料电池用膜电极组件（主要由质子交换膜、催化剂和气体扩散层构成）,3,,千克,税委会公告2026年第5号
85041010,电子镇流器,,L,个/千克,税委会公告2026年第5号
85041090,其他,,L,个/千克,税委会公告2026年第5号
85042100,额定容量不超过650千伏安,,,个/千克,税委会公告2026年第5号
85042200,额定容量超过650千伏安，但不超过10兆伏安,,,个/千克,税委会公告2026年第5号
85042311,额定容量超过10兆伏安，但小于220兆伏安,,,个/千克,税委会公告2026年第5号
85042312,额定容量在220兆伏安及以上，但小于330兆伏安,,,个/千克,税委会公告2026年第5号
85042313,额定容量在330兆伏安及以上，但小于400兆伏安,,,个/千克,税委会公告2026年第5号
85042321,额定容量在400兆伏安及以上，但小于500兆伏安,,,个/千克,税委会公告2026年第5号
85042329,其他,,,个/千克,税委会公告2026年第5号
85043110,互感器,,,个/千克,税委会公告2026年第5号
85043190,其他,,,个/千克,税委会公告2026年第5号
85043210,互感器,,,个/千克,税委会公告2026年第5号
85043290,其他,,,个/千克,税委会公告2026年第5号
85043310,互感器,,,个/千克,税委会公告2026年第5号
85043390,其他,,,个/千克,税委会公告2026年第5号
85043410,互感器,,,个/千克,税委会公告2026年第5号
85043490,其他,,,个/千克,税委会公告2026年第5号
85044013,税目84.71所列机器用,A,L,个/千克,税委会公告2026年第5号
85044014,其他直流稳压电源，功率小于1千瓦，精度低于万分之一,,L,个/千克,税委会公告2026年第5号
85044015,其他交流稳压电源，功率小于10千瓦，精度低于千分之一,,,个/千克,税委会公告2026年第5号
85044019,其他,3,,个/千克,税委会公告2026年第5号
85044020,不间断供电电源,,,个/千克,税委会公告2026年第5号
85044030,逆变器,3,,个/千克,税委会公告2026年第5号
85044091,具有变流功能的半导体模块,,,个/千克,税委会公告2026年第5号
85044099,其他,3,,个/千克,税委会公告2026年第5号
85045000,其他电感器,,,个/千克,税委会公告2026年第5号
85049011,子目8504.2321、8504.2329所列变压器用,,,千克,税委会公告2026年第5号
85049019,其他,,,千克,税委会公告2026年第5号
85049020,稳压电源及不间断供电电源用,,,千克,税委会公告2026年第5号
85049090,其他,,,千克,税委会公告2026年第5号
85051110,稀土永磁体,,,千克,税委会公告2026年第5号
85051190,其他,,,千克,税委会公告2026年第5号
85051900,其他,3,,千克,税委会公告2026年第5号
85052000,电磁联轴节、离合器及制动器,,,千克,税委会公告2026年第5号
85059010,电磁起重吸盘,,,个/千克,税委会公告2026年第5号
85059090,其他税目84.86项下晶体生长设备及拉晶机用超导磁体专门或主要用于核磁共振成像装置的电磁体，但税目90.18所列电磁铁除外,3,,个/千克,税委会公告2026年第5号
85061011,扣式,,,个/千克,财政部 海关总署 税务总局公告2026年第20号
85061012,圆柱式,,,个/千克,财政部 海关总署 税务总局公告2026年第20号
85061019,其他,,,个/千克,财政部 海关总署 税务总局公告2026年第20号
85061090,其他,,,个/千克,财政部 海关总署 税务总局公告2026年第20号
85063000,氧化汞的,89,,个/千克,财政部 海关总署 税务总局公告2026年第20号
85064000,氧化银的,,,个/千克,财政部 海关总署 税务总局公告2026年第20号
85065000,锂的,A,M,个/千克,财政部 海关总署 税务总局公告2026年第20号
85066000,锌空气的,,,个/千克,财政部 海关总署 税务总局公告2026年第20号
85068000,其他原电池及原电池组,,,个/千克,财政部 海关总署 税务总局公告2026年第20号
85069010,子目8506.1000所列电池用,,,千克,税委会公告2026年第5号
85069090,其他,,,千克,税委会公告2026年第5号
85071000,铅酸蓄电池，用于启动活塞式发动机,,,个/千克,财政部 海关总署 税务总局公告2026年第20号
85072000,其他铅酸蓄电池,,,个/千克,财政部 海关总署 税务总局公告2026年第20号
85073000,镍镉蓄电池飞机用镍镉蓄电池,,,个/千克,财政部 海关总署 税务总局公告2026年第20号
85075000,镍氢蓄电池,,,个/千克,财政部 海关总署 税务总局公告2026年第20号
85076000,锂离子蓄电池飞机用锂离子蓄电池,A,LM,个/千克,税委会公告2026年第5号
85078030,全钒液流电池,,,个/千克,财政部 海关总署 税务总局公告2026年第20号
85078090,其他,,,个/千克,税委会公告2026年第5号
85079010,铅酸蓄电池用,,,千克,税委会公告2026年第5号
85079090,其他,,,千克,税委会公告2026年第5号
85081110,清洁机器人,,L,台/千克,税委会公告2026年第5号
85081190,其他,,L,台/千克,税委会公告2026年第5号
85081910,清洁机器人,,L,台/千克,税委会公告2026年第5号
85081990,其他,,L,台/千克,税委会公告2026年第5号
85086000,其他真空吸尘器,,L,台/千克,税委会公告2026年第5号
85087010,子目8508.1110、8508.1190所列吸尘器用,,,千克,税委会公告2026年第5号
85087090,其他,,,千克,税委会公告2026年第5号
85094010,水果或蔬菜的榨汁机,A,LR,台/千克,税委会公告2026年第5号
85094090,其他,A,LR,台/千克,税委会公告2026年第5号
85098010,地板打蜡机,,,台/千克,税委会公告2026年第5号
85098020,厨房废物处理器,,,台/千克,税委会公告2026年第5号
85098030,电动牙刷,A,,台/千克,税委会公告2026年第5号
85098090,其他,A,L,台/千克,税委会公告2026年第5号
85099000,零件,,,千克,税委会公告2026年第5号
85101000,剃须刀,,,个/千克,税委会公告2026年第5号
85102000,毛发推剪,,,个/千克,税委会公告2026年第5号
85103000,脱毛器,,,个/千克,税委会公告2026年第5号
85109000,零件,,,千克,税委会公告2026年第5号
85111000,火花塞,,,个/千克,税委会公告2026年第5号
85112010,机车、航空器及船舶用,,,个/千克,税委会公告2026年第5号
85112090,其他,,,个/千克,税委会公告2026年第5号
85113010,机车、航空器及船舶用,,,个/千克,税委会公告2026年第5号
85113090,其他,,,个/千克,税委会公告2026年第5号
85114010,机车、航空器及船舶用飞机辅助动力装置电源启动马达,,,个/千克,税委会公告2026年第5号
85114091,输出功率在132.39千瓦（180马力）及以上的发动机用启动电机,,,个/千克,税委会公告2026年第5号
85114099,其他,,,个/千克,税委会公告2026年第5号
85115010,机车、航空器及船舶用,,,个/千克,税委会公告2026年第5号
85115090,其他,,,个/千克,税委会公告2026年第5号
85118000,其他装置,,,个/千克,税委会公告2026年第5号
85119010,本税目所列供机车、航空器及船舶用的各种装置的零件飞机发动机用三相交流发电机用壳体,,,千克,税委会公告2026年第5号
85119090,其他,,,千克,税委会公告2026年第5号
85121000,自行车用照明或视觉信号装置,,,个/千克,税委会公告2026年第5号
85122010,机动车辆用照明装置,,L,个/千克,税委会公告2026年第5号
85122090,其他,,L,个/千克,税委会公告2026年第5号
85123011,喇叭、蜂鸣器,,,个/千克,税委会公告2026年第5号
85123012,防盗报警器,,,个/千克,税委会公告2026年第5号
85123019,其他,,,个/千克,税委会公告2026年第5号
85123090,其他,,,个/千克,税委会公告2026年第5号
85124000,风挡刮水器、除霜器及去雾器,,,个/千克,税委会公告2026年第5号
85129000,零件,,,千克,税委会公告2026年第5号
85131010,手电筒,,,个/千克,税委会公告2026年第5号
85131090,其他,,,个/千克,税委会公告2026年第5号
85139010,手电筒用,,,千克,税委会公告2026年第5号
85139090,其他,,,千克,税委会公告2026年第5号
85141100,热等静压机,3,,台/千克,税委会公告2026年第5号
85141910,可控气氛热处理炉,,,台/千克,税委会公告2026年第5号
85141990,其他,,,台/千克,税委会公告2026年第5号
85142000,通过感应或介质损耗工作的炉及烘箱,3,,台/千克,税委会公告2026年第5号
85143100,电子束炉,3,,台/千克,税委会公告2026年第5号
85143200,等离子及真空电弧炉,3,,台/千克,税委会公告2026年第5号
85143900,其他,3,,台/千克,税委会公告2026年第5号
85144000,其他通过感应或介质损耗对材料进行热处理的设备,,,台/千克,税委会公告2026年第5号
85149010,炼钢电炉用,,,千克,税委会公告2026年第5号
85149090,其他,,,千克,税委会公告2026年第5号
85151100,烙铁及焊枪,,,个/千克,税委会公告2026年第5号
85151900,其他专门或主要用于印刷电路组件制造的其他波峰焊接机器,,,台/千克,税委会公告2026年第5号
85152120,机器人,O,,台/千克,税委会公告2026年第5号
85152191,直缝焊管机,,,台/千克,税委会公告2026年第5号
85152199,其他,O,,台/千克,税委会公告2026年第5号
85152900,其他,,,台/千克,税委会公告2026年第5号
85153120,机器人,AO,L,台/千克,税委会公告2026年第5号
85153191,螺旋焊管机,,L,台/千克,税委会公告2026年第5号
85153199,其他,AO,L,台/千克,税委会公告2026年第5号
85153900,其他,A,L,台/千克,税委会公告2026年第5号
85158010,激光焊接机器人,,,台/千克,税委会公告2026年第5号
85158090,其他,3,,台/千克,税委会公告2026年第5号
85159000,零件税目85.15所列货品的零件（专门或主要用于印刷电路组件制造的其他波峰焊接机器的零件除外）专门或主要用于印刷电路组件制造的其他波峰焊接机器的零件,,,千克,税委会公告2026年第5号
85161010,储存式电热水器,A,L,个/千克,税委会公告2026年第5号
85161020,即热式电热水器,A,L,个/千克,税委会公告2026年第5号
85161090,其他,A,L,个/千克,税委会公告2026年第5号
85162100,储存式散热器,,,个/千克,税委会公告2026年第5号
85162910,土壤加热器,,,个/千克,税委会公告2026年第5号
85162920,辐射式空间加热器,,L,个/千克,税委会公告2026年第5号
85162931,风扇式,,L,个/千克,税委会公告2026年第5号
85162932,充液式,,L,个/千克,税委会公告2026年第5号
85162939,其他,,L,个/千克,税委会公告2026年第5号
85162990,其他,,L,个/千克,税委会公告2026年第5号
85163100,吹风机,A,LM,个/千克,税委会公告2026年第5号
85163200,其他理发器具,A,LM,个/千克,税委会公告2026年第5号
85163300,干手器,A,LM,个/千克,税委会公告2026年第5号
85164000,电熨斗,A,LM,个/千克,税委会公告2026年第5号
85165000,微波炉,A,LMR,台/千克,税委会公告2026年第5号
85166010,电磁炉,A,L,个/千克,税委会公告2026年第5号
85166030,电饭锅,A,LR,个/千克,税委会公告2026年第5号
85166040,电炒锅,A,R,个/千克,税委会公告2026年第5号
85166050,电烤箱,A,LM,个/千克,税委会公告2026年第5号
85166090,其他,A,LM,个/千克,税委会公告2026年第5号
85167110,滴液式咖啡机,A,LR,个/千克,税委会公告2026年第5号
85167120,蒸馏渗滤式咖啡机,A,LR,个/千克,税委会公告2026年第5号
85167130,泵压式咖啡机,A,LR,个/千克,税委会公告2026年第5号
85167190,其他,A,LR,个/千克,税委会公告2026年第5号
85167210,家用自动面包机,A,LMR,个/千克,税委会公告2026年第5号
85167220,片式烤面包机（多士炉）,A,LMR,个/千克,税委会公告2026年第5号
85167290,其他,A,LMR,个/千克,税委会公告2026年第5号
85167910,电热饮水机,A,L,台/千克,税委会公告2026年第5号
85167990,其他,A,L,个/千克,税委会公告2026年第5号
85168000,加热电阻器,,,个/千克,税委会公告2026年第5号
85169010,土壤加热器及加热电阻器用,,,千克,税委会公告2026年第5号
85169090,其他,,,千克,税委会公告2026年第5号
85171100,无绳电话机,2A,L,台/千克,税委会公告2026年第5号
85171300,智能手机,A,L,台/千克,税委会公告2026年第5号
85171410,手持（包括车载）式无线电话机,A,L,台/千克,税委会公告2026年第5号
85171420,对讲机,,,台/千克,税委会公告2026年第5号
85171490,其他,,L,台/千克,税委会公告2026年第5号
85171800,其他,2,,台/千克,税委会公告2026年第5号
85176110,移动通信基站,O,,台/千克,税委会公告2026年第5号
85176190,其他,O,,台/千克,税委会公告2026年第5号
85176211,局用电话交换机；长途电话交换机；电报交换机,,,台/千克,税委会公告2026年第5号
85176212,移动通信交换机,O,,台/千克,税委会公告2026年第5号
85176219,其他电话交换机,,,台/千克,税委会公告2026年第5号
85176221,光端机及脉冲编码调制设备（PCM）,O,L,台/千克,税委会公告2026年第5号
85176222,波分复用光传输设备,O,L,台/千克,税委会公告2026年第5号
85176229,其他,AO,L,台/千克,税委会公告2026年第5号
85176231,通信网络时钟同步设备,,L,台/千克,税委会公告2026年第5号
85176232,以太网络交换机,,,台/千克,税委会公告2026年第5号
85176233,IP电话信号转换设备,,,台/千克,税委会公告2026年第5号
85176234,调制解调器,,,台/千克,税委会公告2026年第5号
85176235,集线器,A,L,台/千克,税委会公告2026年第5号
85176236,路由器,,,台/千克,税委会公告2026年第5号
85176237,有线网络接口卡,3,,台/千克,税委会公告2026年第5号
85176239,其他,3O,,台/千克,税委会公告2026年第5号
85176292,无线网络接口卡,,L,台/千克,税委会公告2026年第5号
85176293,无线接入固定台,,L,台/千克,税委会公告2026年第5号
85176294,无线耳机,,,个/千克,税委会公告2026年第5号
85176295,无线路由器,,,台/千克,税委会公告2026年第5号
85176299,其他,3,,台/千克,税委会公告2026年第5号
85176910,其他无线设备,,,台/千克,税委会公告2026年第5号
85176990,其他有线设备,,L,台/千克,税委会公告2026年第5号
85177100,各种天线和天线反射器及其零件,,,千克,税委会公告2026年第5号
85177910,数字式程控电话或电报交换机用,,,千克,税委会公告2026年第5号
85177920,光端机及脉冲编码调制设备（PCM）用,,,千克,税委会公告2026年第5号
85177930,智能手机及其他手持（包括车载）式无线电话机用（天线除外）,,,千克,税委会公告2026年第5号
85177940,对讲机用（天线除外）,,,千克,税委会公告2026年第5号
85177950,光通信设备的激光收发模块,,,千克,税委会公告2026年第5号
85177990,其他,,,千克,税委会公告2026年第5号
85181000,传声器（麦克风）及其座架,,,个/千克,税委会公告2026年第5号
85182100,单喇叭音箱,,,个/千克,税委会公告2026年第5号
85182200,多喇叭音箱,,,个/千克,税委会公告2026年第5号
85182900,其他,,,个/千克,税委会公告2026年第5号
85183000,耳机、耳塞机，不论是否装有传声器，由传声器及一个或多个扬声器组成的组合机,,,个/千克,税委会公告2026年第5号
85184000,音频扩大器,,,台/千克,税委会公告2026年第5号
85185000,电气扩音机组,,L,套/千克,税委会公告2026年第5号
85189000,零件,,,千克,税委会公告2026年第5号
85192000,用硬币、钞票、银行卡、代币或其他支付方式使其工作的设备,,,台/千克,税委会公告2026年第5号
85193000,转盘（唱机唱盘）,,,台/千克,税委会公告2026年第5号
85198111,未装有声音录制装置的盒式磁带型声音重放装置，编辑节目用放声机除外,A,L,台/千克,税委会公告2026年第5号
85198112,装有声音重放装置的盒式磁带型录音机,A,L,台/千克,税委会公告2026年第5号
85198119,其他,6A,L,台/千克,税委会公告2026年第5号
85198121,激光唱机，未装有声音录制装置,A,L,台/千克,税委会公告2026年第5号
85198129,其他,6A,L,台/千克,税委会公告2026年第5号
85198131,装有声音重放装置的闪速存储器型声音录制设备,6A,L,台/千克,税委会公告2026年第5号
85198139,其他,6A,L,台/千克,税委会公告2026年第5号
85198910,不带录制装置的其他唱机，不论是否带有扬声器,A,L,台/千克,税委会公告2026年第5号
85198990,其他声音录制或重放设备,6A,L,台/千克,税委会公告2026年第5号
85211011,广播级,,,台/千克,税委会公告2026年第5号
85211019,其他,,,台/千克,税委会公告2026年第5号
85211020,放像机,,,台/千克,税委会公告2026年第5号
85219011,视频高密光盘（VCD）播放机,A,L,台/千克,税委会公告2026年第5号
85219012,数字化视频光盘（DVD）播放机,A,L,台/千克,税委会公告2026年第5号
85219019,其他,A,L,台/千克,税委会公告2026年第5号
85219090,其他,,,台/千克,税委会公告2026年第5号
85221000,拾音头,,,个/千克,税委会公告2026年第5号
85229010,转盘或唱机用,,,千克,税委会公告2026年第5号
85229021,走带机构（机芯），不论是否装有磁头,,,千克,税委会公告2026年第5号
85229022,磁头,,,个/千克,税委会公告2026年第5号
85229023,磁头零件,,,千克,税委会公告2026年第5号
85229029,其他,,,千克,税委会公告2026年第5号
85229031,激光视盘机的机芯,,,千克,税委会公告2026年第5号
85229039,其他,,,千克,税委会公告2026年第5号
85229091,车载音频转播器或发射器,,,台/千克,税委会公告2026年第5号
85229099,其他,,,千克,税委会公告2026年第5号
85232110,未录制,,,个/千克,税委会公告2026年第5号
85232120,已录制,,,个/千克,税委会公告2026年第5号
85232911,未录制,,,个/千克,税委会公告2026年第5号
85232919,其他,,,个/千克,税委会公告2026年第5号
85232921,未录制的宽度不超过4毫米的磁带,,,盘/千克,税委会公告2026年第5号
85232922,未录制的宽度超过4毫米，但不超过6.5毫米的磁带,,,盘/千克,税委会公告2026年第5号
85232923,未录制的宽度超过6.5毫米的磁带,,,盘/千克,税委会公告2026年第5号
85232928,重放声音或图像信息的磁带,V,,盘/千克,税委会公告2026年第5号
85232929,已录制的其他磁带,V,,盘/千克,税委会公告2026年第5号
85232990,其他,V,,盘/千克,税委会公告2026年第5号
85234100,未录制,,,张/千克,税委会公告2026年第5号
85234910,仅用于重放声音信息的已录制光盘,V,,张/千克,税委会公告2026年第5号
85234920,用于重放声音、图像以外信息的，税目84.71所列机器用,V,,张/千克,税委会公告2026年第5号
85234990,其他,V,,张/千克,税委会公告2026年第5号
85235110,未录制,,,个/千克,税委会公告2026年第5号
85235120,已录制,V,,个/千克,税委会公告2026年第5号
85235210,未录制,,,个/千克,税委会公告2026年第5号
85235290,其他,,,个/千克,税委会公告2026年第5号
85235910,未录制,,,个/千克,税委会公告2026年第5号
85235920,已录制,V,,个/千克,税委会公告2026年第5号
85238011,已录制,b,,张/千克,税委会公告2026年第5号
85238019,其他,,,张/千克,税委会公告2026年第5号
85238021,未录制,,,张/千克,税委会公告2026年第5号
85238029,其他,V,,张/千克,税委会公告2026年第5号
85238091,未录制,,,张/千克,税委会公告2026年第5号
85238099,其他,V,,张/千克,税委会公告2026年第5号
85241100,液晶的,,,个/千克,税委会公告2026年第5号
85241200,有机发光二极管的（OLED）,,,个/千克,税委会公告2026年第5号
85241910,电视机用等离子显像组件,,,个/千克,税委会公告2026年第5号
85241921,电视机用,,,个/千克,税委会公告2026年第5号
85241929,其他,,,个/千克,税委会公告2026年第5号
85241990,其他未切割的电子墨水屏,,,个/千克,税委会公告2026年第5号
85249110,专用于或主要用于税目85.17所列装置的,,,个/千克,税委会公告2026年第5号
85249120,专用于或主要用于税目85.19、85.21、85.25、85.26或85.27所列设备的,,,个/千克,税委会公告2026年第5号
85249130,专用于或主要用于税目85.35、85.36或85.37所列装置的,,,个/千克,税委会公告2026年第5号
85249140,专用于或主要用于税目87.01至87.05所列车辆的,6,,个/千克,税委会公告2026年第5号
85249190,其他专用于平板电脑和笔记本电脑的带触摸屏的液晶模组,,,个/千克,税委会公告2026年第5号
85249210,专用于或主要用于税目85.17所列装置的,,,个/千克,税委会公告2026年第5号
85249220,专用于或主要用于税目85.19、85.21、85.25、85.26或85.27所列设备的,,,个/千克,税委会公告2026年第5号
85249230,专用于或主要用于税目85.35、85.36或85.37所列装置的,,,个/千克,税委会公告2026年第5号
85249240,专用于或主要用于税目87.01至87.05所列车辆的,6,,个/千克,税委会公告2026年第5号
85249250,电视接收机用,,,个/千克,税委会公告2026年第5号
85249260,专用于或主要用于税目85.28所列其他监视器的,,,个/千克,税委会公告2026年第5号
85249290,其他专用或主要用于扩展现实（XR）设备的有机发光二极管平板显示模组（尺寸＜1.5英寸，设计亮度＞3000坎德拉每平方米，像素密度（PPI）＞3000）,,,个/千克,税委会公告2026年第5号
85249910,电视机用等离子显像组件,,,个/千克,税委会公告2026年第5号
85249921,电视机用,,,个/千克,税委会公告2026年第5号
85249929,其他,,,个/千克,税委会公告2026年第5号
85249990,其他专用于或主要用于税目85.31、85.43所列装置用电子墨水屏,,,个/千克,税委会公告2026年第5号
85255000,发送设备,O,,台/千克,税委会公告2026年第5号
85256010,卫星地面站设备,O,,台/千克,税委会公告2026年第5号
85256090,其他,,,台/千克,税委会公告2026年第5号
85258110,电视摄像机,,,台/千克,税委会公告2026年第5号
85258120,数字照相机,,,台/千克,税委会公告2026年第5号
85258130,视频摄录一体机,,,台/千克,税委会公告2026年第5号
85258210,电视摄像机,3,,台/千克,税委会公告2026年第5号
85258220,数字照相机,,,台/千克,税委会公告2026年第5号
85258230,视频摄录一体机,,,台/千克,税委会公告2026年第5号
85258310,电视摄像机,,,台/千克,税委会公告2026年第5号
85258320,数字照相机,,,台/千克,税委会公告2026年第5号
85258330,视频摄录一体机,,,台/千克,税委会公告2026年第5号
85258911,其他，特种用途的,3,,台/千克,税委会公告2026年第5号
85258912,非特种用途的广播级,,,台/千克,税委会公告2026年第5号
85258919,非特种用途的其他类型,,,台/千克,税委会公告2026年第5号
85258921,其他，特种用途的,3,,台/千克,税委会公告2026年第5号
85258922,非特种用途的单镜头反光型,,,台/千克,税委会公告2026年第5号
85258923,非特种用途的，其他可换镜头的,,,台/千克,税委会公告2026年第5号
85258929,非特种用途的其他类型,,,台/千克,税委会公告2026年第5号
85258931,其他，特种用途的,3,,台/千克,税委会公告2026年第5号
85258932,非特种用途的广播级,,,台/千克,税委会公告2026年第5号
85258933,非特种用途的家用型,,,台/千克,税委会公告2026年第5号
85258939,非特种用途的其他类型,,,台/千克,税委会公告2026年第5号
85261010,导航用,3,,台/千克,税委会公告2026年第5号
85261090,其他,,,台/千克,税委会公告2026年第5号
85269110,机动车辆用,,,台/千克,税委会公告2026年第5号
85269190,其他,,,台/千克,税委会公告2026年第5号
85269200,无线电遥控设备,3O,,台/千克,税委会公告2026年第5号
85271200,袖珍盒式磁带收放机,,,台/千克,税委会公告2026年第5号
85271300,其他收录（放）音组合机,,,台/千克,税委会公告2026年第5号
85271900,其他,,,台/千克,税委会公告2026年第5号
85272100,收录（放）音组合机具备接收和转换数字广播数据系统信号功能需外接电源的汽车用收录(放)音组合机,,,台/千克,税委会公告2026年第5号
85272900,其他,,,台/千克,税委会公告2026年第5号
85279100,收录（放）音组合机,,,台/千克,税委会公告2026年第5号
85279200,带时钟的收音机,,,台/千克,税委会公告2026年第5号
85279900,其他,,,台/千克,税委会公告2026年第5号
85284200,可直接连接且设计用于税目84.71的自动数据处理设备的,6,L,台/千克,税委会公告2026年第5号
85284910,彩色的,6,,台/千克,税委会公告2026年第5号
85284990,单色的,6,,台/千克,税委会公告2026年第5号
85285211,专用于或主要用于税目84.71的自动数据处理设备的,,L,台/千克,税委会公告2026年第5号
85285212,其他，彩色的,6,L,台/千克,税委会公告2026年第5号
85285219,其他，单色的,6,L,台/千克,税委会公告2026年第5号
85285291,专用于或主要用于税目84.71的自动数据处理设备的，彩色的,,L,台/千克,税委会公告2026年第5号
85285292,其他，彩色的,6,L,台/千克,税委会公告2026年第5号
85285299,其他，单色的,6,L,台/千克,税委会公告2026年第5号
85285910,彩色的航空器用显示器,6,,台/千克,税委会公告2026年第5号
85285990,单色的,6,,台/千克,税委会公告2026年第5号
85286210,专用于或主要用于税目84.71的自动数据处理设备的,,L,台/千克,税委会公告2026年第5号
85286220,其他，彩色的,6,L,台/千克,税委会公告2026年第5号
85286290,其他，单色的,,L,台/千克,税委会公告2026年第5号
85286910,彩色的,6,L,台/千克,税委会公告2026年第5号
85286990,单色的,,L,台/千克,税委会公告2026年第5号
85287110,彩色卫星电视接收机,O,L,台/千克,税委会公告2026年第5号
85287180,其他彩色的,,L,台/千克,税委会公告2026年第5号
85287190,单色的,,,台/千克,税委会公告2026年第5号
85287211,模拟电视接收机,6,L,台/千克,税委会公告2026年第5号
85287212,数字电视接收机,6,L,台/千克,税委会公告2026年第5号
85287219,其他,6,L,台/千克,税委会公告2026年第5号
85287221,模拟电视接收机,,L,台/千克,税委会公告2026年第5号
85287222,数字电视接收机,,L,台/千克,税委会公告2026年第5号
85287229,其他,,L,台/千克,税委会公告2026年第5号
85287231,模拟电视接收机,,L,台/千克,税委会公告2026年第5号
85287232,数字电视接收机,,L,台/千克,税委会公告2026年第5号
85287239,其他,,L,台/千克,税委会公告2026年第5号
85287291,模拟电视接收机,,L,台/千克,税委会公告2026年第5号
85287292,数字电视接收机,,L,台/千克,税委会公告2026年第5号
85287299,其他,,L,台/千克,税委会公告2026年第5号
85287300,其他，单色的,6,,台/千克,税委会公告2026年第5号
85291010,雷达设备及无线电导航设备用,,,千克,税委会公告2026年第5号
85291020,无线电收音机及其组合机、电视接收机用,,,千克,税委会公告2026年第5号
85291090,其他,,,千克/个,税委会公告2026年第5号
85299010,电视发送、差转设备及卫星电视地面接收转播设备用,O,L,千克/个,税委会公告2026年第5号
85299020,税目85.24所列设备用,,,千克/个,税委会公告2026年第5号
85299041,特种用途的,,,千克,税委会公告2026年第5号
85299042,非特种用途的取像模块,,,千克,税委会公告2026年第5号
85299049,其他,,,千克,税委会公告2026年第5号
85299050,雷达设备及无线电导航设备用,,,千克,税委会公告2026年第5号
85299060,无线电收音机及其组合机用,,,千克,税委会公告2026年第5号
85299081,彩色电视接收机用,,,千克,税委会公告2026年第5号
85299089,其他,,,千克,税委会公告2026年第5号
85299090,其他,,,千克/个,税委会公告2026年第5号
85301000,铁道或电车道用的设备,,,个/千克,税委会公告2026年第5号
85308000,其他设备,,,个/千克,税委会公告2026年第5号
85309000,零件,,,千克,税委会公告2026年第5号
85311000,防盗或防火报警器及类似装置,A,L,个/千克,税委会公告2026年第5号
85312000,装有液晶装置（LCD）或发光二极管（LED）的显示板,,,个/千克,税委会公告2026年第5号
85318010,蜂鸣器,,,个/千克,税委会公告2026年第5号
85318090,其他,,,个/千克,税委会公告2026年第5号
85319010,防盗或防火报警器及类似装置用,,,千克,税委会公告2026年第5号
85319090,其他,,,千克,税委会公告2026年第5号
85321000,固定电容器，用于50/60赫兹电路，其额定无功功率不低于0.5千乏（电力电容器）,,,千克/千个,税委会公告2026年第5号
85322110,片式,,,千克/千个,税委会公告2026年第5号
85322190,其他,,,千克/千个,税委会公告2026年第5号
85322210,片式,,,千克/千个,税委会公告2026年第5号
85322290,其他,,,千克/千个,税委会公告2026年第5号
85322300,单层瓷介电容器,,,千克/千个,税委会公告2026年第5号
85322410,片式,,,千克/千个,税委会公告2026年第5号
85322490,其他,,,千克/千个,税委会公告2026年第5号
85322510,片式,,,千克/千个,税委会公告2026年第5号
85322590,其他,,,千克/千个,税委会公告2026年第5号
85322900,其他,,,千克/千个,税委会公告2026年第5号
85323000,可变或可调（微调）电容器,,,千克/千个,税委会公告2026年第5号
85329010,子目8532.1000所列电容器用,,,千克,税委会公告2026年第5号
85329090,其他,,,千克,税委会公告2026年第5号
85331000,固定碳质电阻器，合成或薄膜式,,,千克/千个,税委会公告2026年第5号
85332110,片式,,,千克/千个,税委会公告2026年第5号
85332190,其他,,,千克/千个,税委会公告2026年第5号
85332900,其他,,,千克/千个,税委会公告2026年第5号
85333100,额定功率不超过20瓦,,,千克/千个,税委会公告2026年第5号
85333900,其他,,,千克/千个,税委会公告2026年第5号
85334000,其他可变电阻器，包括变阻器及电位器,,,千克/千个,税委会公告2026年第5号
85339000,零件,,,千克,税委会公告2026年第5号
85340010,4层以上的,,,块/千克,税委会公告2026年第5号
85340090,其他,,,块/千克,税委会公告2026年第5号
85351000,熔断器,A,L,个/千克,税委会公告2026年第5号
85352100,用于电压低于72.5千伏的线路,A,L,个/千克,税委会公告2026年第5号
85352910,用于电压在72.5千伏及以上，但不高于220千伏的线路,,,个/千克,税委会公告2026年第5号
85352920,用于电压高于220千伏，但不高于750千伏的线路,,,个/千克,税委会公告2026年第5号
85352990,其他,,,个/千克,税委会公告2026年第5号
85353010,用于电压在72.5千伏及以上，但不高于220千伏的线路,89,,个/千克,税委会公告2026年第5号
85353020,用于电压高于220千伏，但不高于750千伏的线路,89,,个/千克,税委会公告2026年第5号
85353090,其他,89,,个/千克,税委会公告2026年第5号
85354000,避雷器、电压限幅器及电涌抑制器,,,个/千克,税委会公告2026年第5号
85359000,其他受电弓250千米/小时及以上高速动车组用高压电缆接头,3,,千克,税委会公告2026年第5号
85361000,熔断器,A,L,个/千克,税委会公告2026年第5号
85362000,自动断路器,A,L,个/千克,税委会公告2026年第5号
85363000,其他电路保护装置,A,L,个/千克,税委会公告2026年第5号
85364110,用于电压不超过36伏的线路,89,,个/千克,税委会公告2026年第5号
85364190,其他,89,,个/千克,税委会公告2026年第5号
85364900,其他,89,,个/千克,税委会公告2026年第5号
85365000,其他开关,89,,个/千克,税委会公告2026年第5号
85366100,灯座,,,个/千克,税委会公告2026年第5号
85366900,其他,,L,个/千克,税委会公告2026年第5号
85367000,光导纤维、光导纤维束或光缆用连接器,,,千克,税委会公告2026年第5号
85369011,工作电压不超过36伏的,,,千克,税委会公告2026年第5号
85369019,其他,A,L,千克,税委会公告2026年第5号
85369090,其他,A,L,千克,税委会公告2026年第5号
85371011,可编程序控制器机床用可编程序控制器（PLC）,3,,个/千克,税委会公告2026年第5号
85371019,其他机床用数控单元（包括单独进口的CNC操作单元）,,,个/千克,税委会公告2026年第5号
85371090,其他电梯用控制柜及控制柜专用印刷电路板飞机用控制模块,A,L,个/千克,税委会公告2026年第5号
85372010,全封闭组合式高压开关装置，用于电压在500千伏及以上的线路,,,台/千克,税委会公告2026年第5号
85372090,其他,,,千克,税委会公告2026年第5号
85381010,子目8537.2010所列货品用,,,千克,税委会公告2026年第5号
85381090,其他,,,千克,税委会公告2026年第5号
85389000,其他,,L,千克,税委会公告2026年第5号
85391000,封闭式聚光灯,,,只/千克,税委会公告2026年第5号
85392110,科研、医疗专用,,,只/千克,税委会公告2026年第5号
85392120,火车、航空器及船舶用,,,只/千克,税委会公告2026年第5号
85392130,机动车辆用,,,只/千克,税委会公告2026年第5号
85392190,其他,,,只/千克,税委会公告2026年第5号
85392210,科研、医疗专用,,,只/千克,税委会公告2026年第5号
85392290,其他,,,只/千克,税委会公告2026年第5号
85392910,科研、医疗专用,,,只/千克,税委会公告2026年第5号
85392920,火车、航空器及船舶用,,,只/千克,税委会公告2026年第5号
85392930,机动车辆用,,,只/千克,税委会公告2026年第5号
85392991,12伏及以下的,,,只/千克,税委会公告2026年第5号
85392999,其他,,,只/千克,税委会公告2026年第5号
85393110,科研、医疗专用,,,只/千克,税委会公告2026年第5号
85393120,火车、航空器及船舶用,,,只/千克,税委会公告2026年第5号
85393191,紧凑型,89,,只/千克,税委会公告2026年第5号
85393199,其他,89,,只/千克,税委会公告2026年第5号
85393230,钠蒸气灯,,,只/千克,税委会公告2026年第5号
85393240,汞蒸气灯税目84.86项下光刻设备用超高压汞灯,89,,只/千克,税委会公告2026年第5号
85393290,其他,,,只/千克,税委会公告2026年第5号
85393910,科研、医疗专用,,,只/千克,税委会公告2026年第5号
85393920,火车、航空器及船舶用,,,只/千克,税委会公告2026年第5号
85393990,其他用于平板显示器背光源的冷阴极管荧光灯,,,只/千克,税委会公告2026年第5号
85394100,弧光灯,,,只/千克,税委会公告2026年第5号
85394900,其他,,,只/千克,税委会公告2026年第5号
85395100,发光二极管（LED）模块,,,个/千克,税委会公告2026年第5号
85395210,发光二极管（LED）灯泡,,,只/千克,税委会公告2026年第5号
85395220,发光二极管（LED）灯管,,,只/千克,税委会公告2026年第5号
85399010,发光二极管（LED）模块的,,,千克,税委会公告2026年第5号
85399090,其他,,,千克,税委会公告2026年第5号
85401100,彩色的,6,,只/千克,税委会公告2026年第5号
85401200,单色的,6,,只/千克,税委会公告2026年第5号
85402010,电视摄像管,,,只/千克,税委会公告2026年第5号
85402090,其他,,,只/千克,税委会公告2026年第5号
85404010,彩色的数据/图形显示管，屏幕荧光点间距小于0.4毫米,6,,只/千克,税委会公告2026年第5号
85404020,单色的数据/图形显示管,6,,只/千克,税委会公告2026年第5号
85406010,雷达显示管,,,只/千克,税委会公告2026年第5号
85406090,其他,6,,只/千克,税委会公告2026年第5号
85407100,磁控管医用直线加速器用磁控管,,,只/千克,税委会公告2026年第5号
85407910,速调管,,,只/千克,税委会公告2026年第5号
85407990,其他,,,只/千克,税委会公告2026年第5号
85408100,接收管或放大管,,,只/千克,税委会公告2026年第5号
85408900,其他,3,,只/千克,税委会公告2026年第5号
85409110,电视显像管用,,,千克,税委会公告2026年第5号
85409120,雷达显示管用,,,千克,税委会公告2026年第5号
85409190,其他,,,千克,税委会公告2026年第5号
85409910,电视摄像管用,,,千克,税委会公告2026年第5号
85409990,其他,,,千克,税委会公告2026年第5号
85411000,二极管，但光敏二极管或发光二极管除外,,,个/千克,税委会公告2026年第5号
85412100,耗散功率小于1瓦的,,,个/千克,税委会公告2026年第5号
85412900,其他,,,个/千克,税委会公告2026年第5号
85413000,半导体开关元件、两端交流开关元件及三端双向可控硅开关元件，但光敏器件除外,,,个/千克,税委会公告2026年第5号
85414100,发光二极管（LED）,3,,个/千克,税委会公告2026年第5号
85414200,未装在组件内或组装成块的光电池,,,个/千克,日常维护
85414300,已装在组件内或组装成块的光电池,,,个/千克,日常维护
85414900,其他,,,个/千克,税委会公告2026年第5号
85415111,检测湿度、气压及其组合指标的,,,个/千克,税委会公告2026年第5号
85415112,用于检测温度、电量、理化指标的；利用光学检测其他指标的,,,个/千克,税委会公告2026年第5号
85415113,液体或气体的流量、液位、压力或其他变化量的,,,个/千克,税委会公告2026年第5号
85415119,其他,,,个/千克,税委会公告2026年第5号
85415121,电动机,,,个/千克,税委会公告2026年第5号
85415129,其他,,,个/千克,税委会公告2026年第5号
85415130,振荡器,,,个/千克,税委会公告2026年第5号
85415140,谐振器半导体基滤波器,,,个/千克,税委会公告2026年第5号
85415900,其他,,,个/千克,税委会公告2026年第5号
85416000,已装配的压电晶体,,,个/千克,税委会公告2026年第5号
85419000,零件,,,千克,税委会公告2026年第5号
85423111,具有变流功能的半导体模块,,,个/千克,税委会公告2026年第5号
85423119,其他,3,,个/千克,税委会公告2026年第5号
85423190,其他,3,,个/千克,税委会公告2026年第5号
85423210,多元件集成电路,,,个/千克,税委会公告2026年第5号
85423290,其他,,,个/千克,税委会公告2026年第5号
85423310,多元件集成电路,,,个/千克,税委会公告2026年第5号
85423390,其他,,,个/千克,税委会公告2026年第5号
85423910,多元件集成电路,,,个/千克,税委会公告2026年第5号
85423990,其他,,,个/千克,税委会公告2026年第5号
85429000,零件,,,千克,税委会公告2026年第5号
85431000,粒子加速器,3,,台/千克,税委会公告2026年第5号
85432010,输出信号频率在1500兆赫兹以下的通用信号发生器,,,台/千克,税委会公告2026年第5号
85432090,其他,3,,台/千克,税委会公告2026年第5号
85433000,电镀、电解或电泳设备及装置,3,,台/千克,税委会公告2026年第5号
85434000,电子烟及类似的个人电子雾化设备,,,台/千克,税委会公告2026年第5号
85437091,金属、矿藏探测器,,,台/千克,税委会公告2026年第5号
85437092,高、中频放大器,,,台/千克,税委会公告2026年第5号
85437093,电篱网激发器,,,台/千克,税委会公告2026年第5号
85437099,其他,,,台/千克,税委会公告2026年第5号
85439010,粒子加速器用,,,千克,税委会公告2026年第5号
85439021,输出信号频率在1500兆赫兹以下的通用信号发生器用,,,千克,税委会公告2026年第5号
85439029,其他,,,千克,税委会公告2026年第5号
85439030,金属、矿藏探测器用,,,千克,税委会公告2026年第5号
85439040,高、中频放大器用,,,千克,税委会公告2026年第5号
85439090,其他,,,千克,税委会公告2026年第5号
85441100,铜制,,,千克/米,税委会公告2026年第5号
85441900,其他,,,千克/米,税委会公告2026年第5号
85442000,同轴电缆及其他同轴电导体,,,千克,税委会公告2026年第5号
85443020,机动车辆用,,,千克,税委会公告2026年第5号
85443090,其他,,,千克,税委会公告2026年第5号
85444211,电缆,,,千克/米,税委会公告2026年第5号
85444219,其他,,,千克,税委会公告2026年第5号
85444221,电缆,A,L,千克/米,税委会公告2026年第5号
85444229,其他,A,L,千克,税委会公告2026年第5号
85444911,电缆,,,千克/米,税委会公告2026年第5号
85444919,其他,,,千克,税委会公告2026年第5号
85444921,电缆,A,L,千克/米,税委会公告2026年第5号
85444929,其他,,,千克,税委会公告2026年第5号
85446012,额定电压不超过35千伏250千米/小时及以上高速动车组用高压电缆,,,千克/米,税委会公告2026年第5号
85446013,额定电压超过35千伏，但不超过110千伏,,,千克/米,税委会公告2026年第5号
85446014,额定电压超过110千伏，但不超过220千伏,,,千克/米,税委会公告2026年第5号
85446019,其他,,,千克/米,税委会公告2026年第5号
85446090,其他额定电压为500千伏及以上的气体绝缘金属封闭输电线,,,千克,税委会公告2026年第5号
85447000,光缆,,,千克/米,税委会公告2026年第5号
85451100,炉用,,,千克,税委会公告2026年第5号
85451900,其他燃料电池用碳电极片,,,千克,税委会公告2026年第5号
85452000,碳刷,,,千克,税委会公告2026年第5号
85459000,其他,,,千克,税委会公告2026年第5号
85461000,玻璃制,,,千克,税委会公告2026年第5号
85462010,输变电线路绝缘瓷套管,,,千克,税委会公告2026年第5号
85462090,"其他输变电架空线路用长棒形瓷绝缘子瓷件(单支长度为1-2米,实芯)",,,千克,税委会公告2026年第5号
85469000,其他,,,千克,税委会公告2026年第5号
85471000,陶瓷制绝缘零件,,,千克,税委会公告2026年第5号
85472000,塑料制绝缘零件,,L,千克,税委会公告2026年第5号
85479010,内衬绝缘材料的贱金属制线路导管及其接头,,,千克,税委会公告2026年第5号
85479090,其他,,L,千克,税委会公告2026年第5号
85480000,机器或设备的本章其他税目未列名的电气零件电磁干扰滤波器非电磁干扰滤波器触摸感应数据输入装置(即触摸屏)无显示的性能，安装于有显示屏的设备中，通过检测显示区域内触摸动作的发生及位置进行工作。触摸感应可通过电阻、静电电容、声学脉冲识别、红外光或其他触摸感应技术来获得,3,,千克,税委会公告2026年第5号
85491100,铅酸蓄电池的废物、废料；废铅酸蓄电池,9,,千克,税委会公告2026年第5号
85491200,其他，含铅、镉或汞的,9,,千克,税委会公告2026年第5号
85491300,按化学类型分拣且不含铅、镉或汞的,9,,千克,税委会公告2026年第5号
85491400,未分拣且不含铅、镉或汞的,9,,千克,税委会公告2026年第5号
85491900,其他,9,,千克,税委会公告2026年第5号
85492100,含有原电池、原电池组、蓄电池、汞开关、源于阴极射线管的玻璃或其他活化玻璃，或含有镉、汞、铅或多氯联苯（PCBs）的电气或电子元件,9,,千克,税委会公告2026年第5号
85492900,其他,9,,千克,税委会公告2026年第5号
85493100,含有原电池、原电池组、蓄电池、汞开关、源于阴极射线管的玻璃或其他活化玻璃，或含有镉、汞、铅或多氯联苯（PCBs）的电气或电子元件,9,,千克,税委会公告2026年第5号
85493900,其他,9,,千克,税委会公告2026年第5号
85499100,含有原电池、原电池组、蓄电池、汞开关、源于阴极射线管的玻璃或其他活化玻璃，或含有镉、汞、铅或多氯联苯（PCBs）的电气或电子元件,9,,千克,税委会公告2026年第5号
85499900,其他,9,,千克,税委会公告2026年第5号
86011011,微型机控制的,,,辆/千克,税委会公告2026年第5号
86011019,其他,,,辆/千克,税委会公告2026年第5号
86011020,交流电机驱动的,,,辆/千克,税委会公告2026年第5号
86011090,其他,,,辆/千克,税委会公告2026年第5号
86012000,由蓄电池驱动,,,辆/千克,税委会公告2026年第5号
86021010,微型机控制的,,,辆/千克,税委会公告2026年第5号
86021090,其他,,,辆/千克,税委会公告2026年第5号
86029000,其他,,,辆/千克,税委会公告2026年第5号
86031000,由外部电力驱动,,,辆/千克,税委会公告2026年第5号
86039000,其他,,,辆/千克,税委会公告2026年第5号
86040011,隧道限界检查车,,,辆/千克,税委会公告2026年第5号
86040012,钢轨在线打磨列车,,,辆/千克,税委会公告2026年第5号
86040019,其他,,,辆/千克,税委会公告2026年第5号
86040091,电气化接触网架线机（轨行式）,,,辆/千克,税委会公告2026年第5号
86040099,其他,,,辆/千克,税委会公告2026年第5号
86050010,铁道客车,,,辆/千克,税委会公告2026年第5号
86050090,其他,,,辆/千克,税委会公告2026年第5号
86061000,油罐货车及类似车,,,辆/千克,税委会公告2026年第5号
86063000,自卸货车，但子目8606.1000的货品除外,,,辆/千克,税委会公告2026年第5号
86069100,带篷及封闭的,,,辆/千克,税委会公告2026年第5号
86069200,敞篷的，厢壁固定且高度超过60厘米,,,辆/千克,税委会公告2026年第5号
86069900,其他,,,辆/千克,税委会公告2026年第5号
86071100,驾驶转向架,,,套/千克,税委会公告2026年第5号
86071200,其他转向架,,,套/千克,税委会公告2026年第5号
86071910,轴,,,根/千克,税委会公告2026年第5号
86071990,其他,,,千克,税委会公告2026年第5号
86072100,空气制动器及其零件,,,千克,税委会公告2026年第5号
86072900,其他,,,千克,税委会公告2026年第5号
86073000,钩、其他联结器、缓冲器及其零件,,,千克,税委会公告2026年第5号
86079100,机车用,,,千克,税委会公告2026年第5号
86079910,铁道或电车道车辆用车体及端墙、侧墙、底架、车顶、脚蹬、翻板,,,千克,税委会公告2026年第5号
86079990,其他,,,千克,税委会公告2026年第5号
86080010,轨道自动计轴设备,,,千克/台,税委会公告2026年第5号
86080090,其他,,,千克,税委会公告2026年第5号
86090011,保温式,AB,PQ,个/千克,税委会公告2026年第5号
86090012,罐式,AB,PQ,个/千克,税委会公告2026年第5号
86090019,其他,AB,PQ,个/千克,税委会公告2026年第5号
86090021,保温式,AB,PQ,个/千克,税委会公告2026年第5号
86090022,罐式,AB,PQ,个/千克,税委会公告2026年第5号
86090029,其他,AB,PQ,个/千克,税委会公告2026年第5号
86090030,45、48、53英尺的,AB,PQ,个/千克,税委会公告2026年第5号
86090090,其他,AB,PQ,个/千克,税委会公告2026年第5号
87011000,单轴拖拉机,6,,辆/千克,税委会公告2026年第5号
87012100,仅装有压燃式活塞内燃发动机（柴油或半柴油发动机）的车辆,46Axy,LM,辆/千克,税委会公告2026年第5号
87012200,同时装有压燃式活塞内燃发动机（柴油或半柴油发动机）及驱动电动机的车辆,46Axy,LM,辆/千克,税委会公告2026年第5号
87012300,同时装有点燃式活塞内燃发动机及驱动电动机的车辆,46Axy,LM,辆/千克,税委会公告2026年第5号
87012400,仅装有驱动电动机的车辆,46Axy,LM,辆/千克,税委会公告2026年第5号
87012900,其他,46Axy,LM,辆/千克,税委会公告2026年第5号
87013000,履带式牵引车、拖拉机,6A,M,辆/千克,税委会公告2026年第5号
87019110,拖拉机,6A,LM,辆/千克,年初维护
87019190,其他,6A,LM,辆/千克,税委会公告2026年第5号
87019210,拖拉机,6A,LM,辆/千克,年初维护
87019290,其他,6A,LM,辆/千克,税委会公告2026年第5号
87019310,拖拉机,6A,M,辆/千克,年初维护
87019390,其他,6A,LM,辆/千克,税委会公告2026年第5号
87019410,拖拉机,6A,M,辆/千克,年初维护
87019490,其他,6A,LM,辆/千克,税委会公告2026年第5号
87019510,拖拉机功率超过190千瓦的轮式拖拉机,6A,M,辆/千克,年初维护
87019590,其他,6A,LM,辆/千克,税委会公告2026年第5号
87021020,机坪客车,6AO,M,辆/千克,税委会公告2026年第5号
87021091,30座及以上（大型客车）,46AOxy,LM,辆/千克,税委会公告2026年第5号
87021092,20座及以上，但不超过29座,46AOxy,LM,辆/千克,税委会公告2026年第5号
87021093,10座及以上，但不超过19座,46AOxy,LM,辆/千克,税委会公告2026年第5号
87022010,机坪客车,6AO,M,辆/千克,税委会公告2026年第5号
87022091,30座及以上（大型客车）,46AOxy,LM,辆/千克,税委会公告2026年第5号
87022092,20座及以上，但不超过29座,46AOxy,LM,辆/千克,税委会公告2026年第5号
87022093,10座及以上，但不超过19座,46AOxy,LM,辆/千克,税委会公告2026年第5号
87023010,30座及以上（大型客车）,46AOxy,LM,辆/千克,税委会公告2026年第5号
87023020,20座及以上，但不超过29座,46AOxy,LM,辆/千克,税委会公告2026年第5号
87023030,10座及以上，但不超过19座,46AOxy,LM,辆/千克,税委会公告2026年第5号
87024010,30座及以上（大型客车）,6AO,M,辆/千克,税委会公告2026年第5号
87024020,20座及以上，但不超过29座,46AOxy,LM,辆/千克,税委会公告2026年第5号
87024030,10座及以上，但不超过19座,46AOxy,LM,辆/千克,税委会公告2026年第5号
87029010,30座及以上（大型客车）,46AOxy,LM,辆/千克,税委会公告2026年第5号
87029020,20座及以上，但不超过29座,46AOxy,LM,辆/千克,税委会公告2026年第5号
87029030,10座及以上，但不超过19座,46AOxy,LM,辆/千克,税委会公告2026年第5号
87031011,全地形车,46xy,,辆/千克,税委会公告2026年第5号
87031019,其他,6,,辆/千克,税委会公告2026年第5号
87031090,其他,6,,辆/千克,税委会公告2026年第5号
87032130,小轿车,46AOxy,LM,辆/千克,税委会公告2026年第5号
87032140,越野车（4轮驱动）,46AOxy,LM,辆/千克,税委会公告2026年第5号
87032150,9座及以下的小客车,46AOxy,LM,辆/千克,税委会公告2026年第5号
87032190,其他,46AOxy,LM,辆/千克,税委会公告2026年第5号
87032230,小轿车,46AOxy,LM,辆/千克,税委会公告2026年第5号
87032240,越野车（4轮驱动）,46AOxy,LM,辆/千克,税委会公告2026年第5号
87032250,9座及以下的小客车,46AOxy,LM,辆/千克,税委会公告2026年第5号
87032290,其他,46AOxy,LM,辆/千克,税委会公告2026年第5号
87032341,小轿车,46AOxy,LM,辆/千克,税委会公告2026年第5号
87032342,越野车（4轮驱动）,46AOxy,LM,辆/千克,税委会公告2026年第5号
87032343,9座及以下的小客车,46AOxy,LM,辆/千克,税委会公告2026年第5号
87032349,其他,46AOxy,LM,辆/千克,税委会公告2026年第5号
87032351,小轿车,46AOxy,LM,辆/千克,税委会公告2026年第5号
87032352,越野车（4轮驱动）,46AOxy,LM,辆/千克,税委会公告2026年第5号
87032353,9座及以下的小客车,46AOxy,LM,辆/千克,税委会公告2026年第5号
87032359,其他,46AOxy,LM,辆/千克,税委会公告2026年第5号
87032361,小轿车,46AOxy,LM,辆/千克,税委会公告2026年第5号
87032362,越野车（4轮驱动）,46AOxy,LM,辆/千克,税委会公告2026年第5号
87032363,9座及以下的小客车,46AOxy,LM,辆/千克,税委会公告2026年第5号
87032369,其他,46AOxy,LM,辆/千克,税委会公告2026年第5号
87032411,小轿车,46AOxy,LM,辆/千克,税委会公告2026年第5号
87032412,越野车（4轮驱动）,46AOxy,LM,辆/千克,税委会公告2026年第5号
87032413,9座及以下的小客车,46AOxy,LM,辆/千克,税委会公告2026年第5号
87032419,其他,46AOxy,LM,辆/千克,税委会公告2026年第5号
87032421,小轿车,46AOxy,LM,辆/千克,税委会公告2026年第5号
87032422,越野车（4轮驱动）,46AOxy,LM,辆/千克,税委会公告2026年第5号
87032423,9座及以下的小客车,46AOxy,LM,辆/千克,税委会公告2026年第5号
87032429,其他,46AOxy,LM,辆/千克,税委会公告2026年第5号
87033111,小轿车,46AOxy,LM,辆/千克,税委会公告2026年第5号
87033119,其他,46AOxy,LM,辆/千克,税委会公告2026年第5号
87033121,小轿车,46AOxy,LM,辆/千克,税委会公告2026年第5号
87033122,越野车（4轮驱动）,46AOxy,LM,辆/千克,税委会公告2026年第5号
87033123,9座及以下的小客车,46AOxy,LM,辆/千克,税委会公告2026年第5号
87033129,其他,46AOxy,LM,辆/千克,税委会公告2026年第5号
87033211,小轿车,46AOxy,LM,辆/千克,税委会公告2026年第5号
87033212,越野车（4轮驱动）,46AOxy,LM,辆/千克,税委会公告2026年第5号
87033213,9座及以下的小客车,46AOxy,LM,辆/千克,税委会公告2026年第5号
87033219,其他,46AOxy,LM,辆/千克,税委会公告2026年第5号
87033221,小轿车,46AOxy,LM,辆/千克,税委会公告2026年第5号
87033222,越野车（4轮驱动）,46AOxy,LM,辆/千克,税委会公告2026年第5号
87033223,9座及以下的小客车,46AOxy,LM,辆/千克,税委会公告2026年第5号
87033229,其他,46AOxy,LM,辆/千克,税委会公告2026年第5号
87033311,小轿车,46AOxy,LM,辆/千克,税委会公告2026年第5号
87033312,越野车（4轮驱动）,46AOxy,LM,辆/千克,税委会公告2026年第5号
87033313,9座及以下的小客车,46AOxy,LM,辆/千克,税委会公告2026年第5号
87033319,其他,46AOxy,LM,辆/千克,税委会公告2026年第5号
87033321,小轿车,46AOxy,LM,辆/千克,税委会公告2026年第5号
87033322,越野车（4轮驱动）,46AOxy,LM,辆/千克,税委会公告2026年第5号
87033323,9座及以下的小客车,46AOxy,LM,辆/千克,税委会公告2026年第5号
87033329,其他,46AOxy,LM,辆/千克,税委会公告2026年第5号
87033361,小轿车,46AOxy,LM,辆/千克,税委会公告2026年第5号
87033362,越野车（4轮驱动）,46AOxy,LM,辆/千克,税委会公告2026年第5号
87033363,9座及以下的小客车,46AOxy,LM,辆/千克,税委会公告2026年第5号
87033369,其他,46AOxy,LM,辆/千克,税委会公告2026年第5号
87034011,小轿车,46AOxy,LM,辆/千克,税委会公告2026年第5号
87034012,越野车（4轮驱动）,46AOxy,LM,辆/千克,税委会公告2026年第5号
87034013,9座及以下的小客车,46AOxy,LM,辆/千克,税委会公告2026年第5号
87034019,其他,46AOxy,LM,辆/千克,税委会公告2026年第5号
87034021,小轿车,46AOxy,LM,辆/千克,税委会公告2026年第5号
87034022,越野车（4轮驱动）,46AOxy,LM,辆/千克,税委会公告2026年第5号
87034023,9座及以下的小客车,46AOxy,LM,辆/千克,税委会公告2026年第5号
87034029,其他,46AOxy,LM,辆/千克,税委会公告2026年第5号
87034031,小轿车,46AOxy,LM,辆/千克,税委会公告2026年第5号
87034032,越野车（4轮驱动）,46AOxy,LM,辆/千克,税委会公告2026年第5号
87034033,9座及以下的小客车,46AOxy,LM,辆/千克,税委会公告2026年第5号
87034039,其他,46AOxy,LM,辆/千克,税委会公告2026年第5号
87034041,小轿车,46AOxy,LM,辆/千克,税委会公告2026年第5号
87034042,越野车（4轮驱动）,46AOxy,LM,辆/千克,税委会公告2026年第5号
87034043,9座及以下的小客车,46AOxy,LM,辆/千克,税委会公告2026年第5号
87034051,小轿车,46AOxy,LM,辆/千克,税委会公告2026年第5号
87034052,越野车（4轮驱动）,46AOxy,LM,辆/千克,税委会公告2026年第5号
87034053,9座及以下的小客车,46AOxy,LM,辆/千克,税委会公告2026年第5号
87034059,其他,46AOxy,LM,辆/千克,税委会公告2026年第5号
87034061,小轿车,46AOxy,LM,辆/千克,税委会公告2026年第5号
87034062,越野车（4轮驱动）,46AOxy,LM,辆/千克,税委会公告2026年第5号
87034063,9座及以下的小客车,46AOxy,LM,辆/千克,税委会公告2026年第5号
87034069,其他,46AOxy,LM,辆/千克,税委会公告2026年第5号
87034071,小轿车,46AOxy,LM,辆/千克,税委会公告2026年第5号
87034072,越野车（4轮驱动）,46AOxy,LM,辆/千克,税委会公告2026年第5号
87034073,9座及以下的小客车,46AOxy,LM,辆/千克,税委会公告2026年第5号
87034079,其他,46AOxy,LM,辆/千克,税委会公告2026年第5号
87035011,小轿车,46AOxy,LM,辆/千克,税委会公告2026年第5号
87035019,其他,46AOxy,LM,辆/千克,税委会公告2026年第5号
87035021,小轿车,46AOxy,LM,辆/千克,税委会公告2026年第5号
87035022,越野车（4轮驱动）,46AOxy,LM,辆/千克,税委会公告2026年第5号
87035023,9座及以下的小客车,46AOxy,LM,辆/千克,税委会公告2026年第5号
87035029,其他,46AOxy,LM,辆/千克,税委会公告2026年第5号
87035031,小轿车,46AOxy,LM,辆/千克,税委会公告2026年第5号
87035032,越野车（4轮驱动）,46AOxy,LM,辆/千克,税委会公告2026年第5号
87035033,9座及以下的小客车,46AOxy,LM,辆/千克,税委会公告2026年第5号
87035039,其他,46AOxy,LM,辆/千克,税委会公告2026年第5号
87035041,小轿车,46AOxy,LM,辆/千克,税委会公告2026年第5号
87035042,越野车（4轮驱动）,46AOxy,LM,辆/千克,税委会公告2026年第5号
87035043,9座及以下的小客车,46AOxy,LM,辆/千克,税委会公告2026年第5号
87035049,其他,46AOxy,LM,辆/千克,税委会公告2026年第5号
87035051,小轿车,46AOxy,LM,辆/千克,税委会公告2026年第5号
87035052,越野车（4轮驱动）,46AOxy,LM,辆/千克,税委会公告2026年第5号
87035053,9座及以下的小客车,46AOxy,LM,辆/千克,税委会公告2026年第5号
87035059,其他,46AOxy,LM,辆/千克,税委会公告2026年第5号
87035061,小轿车,46AOxy,LM,辆/千克,税委会公告2026年第5号
87035062,越野车（4轮驱动）,46AOxy,LM,辆/千克,税委会公告2026年第5号
87035063,9座及以下的小客车,46AOxy,LM,辆/千克,税委会公告2026年第5号
87035069,其他,46AOxy,LM,辆/千克,税委会公告2026年第5号
87035071,小轿车,46AOxy,LM,辆/千克,税委会公告2026年第5号
87035072,越野车（4轮驱动）,46AOxy,LM,辆/千克,税委会公告2026年第5号
87035073,9座及以下的小客车,46AOxy,LM,辆/千克,税委会公告2026年第5号
87035079,其他,46AOxy,LM,辆/千克,税委会公告2026年第5号
87036011,小轿车,46AO,LM,辆/千克,税委会公告2026年第5号
87036012,越野车（4轮驱动）,46AO,LM,辆/千克,税委会公告2026年第5号
87036013,9座及以下的小客车,46AO,LM,辆/千克,税委会公告2026年第5号
87036019,其他,46AO,LM,辆/千克,税委会公告2026年第5号
87036021,小轿车,46AO,LM,辆/千克,税委会公告2026年第5号
87036022,越野车（4轮驱动）,46AO,LM,辆/千克,税委会公告2026年第5号
87036023,9座及以下的小客车,46AO,LM,辆/千克,税委会公告2026年第5号
87036029,其他,46AO,LM,辆/千克,税委会公告2026年第5号
87036031,小轿车,46AO,LM,辆/千克,税委会公告2026年第5号
87036032,越野车（4轮驱动）,46AO,LM,辆/千克,税委会公告2026年第5号
87036033,9座及以下的小客车,46AO,LM,辆/千克,税委会公告2026年第5号
87036039,其他,46AO,LM,辆/千克,税委会公告2026年第5号
87036041,小轿车,46AO,LM,辆/千克,税委会公告2026年第5号
87036042,越野车（4轮驱动）,46AO,LM,辆/千克,税委会公告2026年第5号
87036043,9座及以下的小客车,46AO,LM,辆/千克,税委会公告2026年第5号
87036049,其他,46AO,LM,辆/千克,税委会公告2026年第5号
87036051,小轿车,46AO,LM,辆/千克,税委会公告2026年第5号
87036052,越野车（4轮驱动）,46AO,LM,辆/千克,税委会公告2026年第5号
87036053,9座及以下的小客车,46AO,LM,辆/千克,税委会公告2026年第5号
87036059,其他,46AO,LM,辆/千克,税委会公告2026年第5号
87036061,小轿车,46AO,LM,辆/千克,税委会公告2026年第5号
87036062,越野车（4轮驱动）,46AO,LM,辆/千克,税委会公告2026年第5号
87036063,9座及以下的小客车,46AO,LM,辆/千克,税委会公告2026年第5号
87036069,其他,46AO,LM,辆/千克,税委会公告2026年第5号
87036071,小轿车,46AO,LM,辆/千克,税委会公告2026年第5号
87036072,越野车（4轮驱动）,46AO,LM,辆/千克,税委会公告2026年第5号
87036073,9座及以下的小客车,46AO,LM,辆/千克,税委会公告2026年第5号
87036079,其他,46AO,LM,辆/千克,税委会公告2026年第5号
87037011,小轿车,46AO,LM,辆/千克,税委会公告2026年第5号
87037012,越野车（4轮驱动）,46AO,LM,辆/千克,税委会公告2026年第5号
87037013,9座及以下的小客车,46AO,LM,辆/千克,税委会公告2026年第5号
87037019,其他,46AO,LM,辆/千克,税委会公告2026年第5号
87037021,小轿车,46AO,LM,辆/千克,税委会公告2026年第5号
87037022,越野车（4轮驱动）,46AO,LM,辆/千克,税委会公告2026年第5号
87037023,9座及以下的小客车,46AO,LM,辆/千克,税委会公告2026年第5号
87037029,其他,46AO,LM,辆/千克,税委会公告2026年第5号
87037031,小轿车,46AO,LM,辆/千克,税委会公告2026年第5号
87037032,越野车（4轮驱动）,46AO,LM,辆/千克,税委会公告2026年第5号
87037033,9座及以下的小客车,46AO,LM,辆/千克,税委会公告2026年第5号
87037039,其他,46AO,LM,辆/千克,税委会公告2026年第5号
87037041,小轿车,46AO,LM,辆/千克,税委会公告2026年第5号
87037042,越野车（4轮驱动）,46AO,LM,辆/千克,税委会公告2026年第5号
87037043,9座及以下的小客车,46AO,LM,辆/千克,税委会公告2026年第5号
87037049,其他,46AO,LM,辆/千克,税委会公告2026年第5号
87037051,小轿车,46AO,LM,辆/千克,税委会公告2026年第5号
87037052,越野车（4轮驱动）,46AO,LM,辆/千克,税委会公告2026年第5号
87037053,9座及以下的小客车,46AO,LM,辆/千克,税委会公告2026年第5号
87037059,其他,46AO,LM,辆/千克,税委会公告2026年第5号
87037061,小轿车,46AO,LM,辆/千克,税委会公告2026年第5号
87037062,越野车（4轮驱动）,46AO,LM,辆/千克,税委会公告2026年第5号
87037063,9座及以下的小客车,46AO,LM,辆/千克,税委会公告2026年第5号
87037069,其他,46AO,LM,辆/千克,税委会公告2026年第5号
87037071,小轿车,46AO,LM,辆/千克,税委会公告2026年第5号
87037072,越野车（4轮驱动）,46AO,LM,辆/千克,税委会公告2026年第5号
87037073,9座及以下的小客车,46AO,LM,辆/千克,税委会公告2026年第5号
87037079,其他,46AO,LM,辆/千克,税委会公告2026年第5号
87038010,具有车辆识别代号（VIN码）,46Axy,M,辆/千克,税委会公告2026年第5号
87038090,其他,46Axy,M,辆/千克,税委会公告2026年第5号
87039000,其他,6O,,辆/千克,税委会公告2026年第5号
87041030,电动轮货运自卸车,6A,M,辆/千克,税委会公告2026年第5号
87041090,其他,6A,M,辆/千克,税委会公告2026年第5号
87042100,车辆总重量不超过5吨,46AOxy,LM,辆/千克,税委会公告2026年第5号
87042230,车辆总重量超过5吨，但小于14吨,46Axy,LM,辆/千克,税委会公告2026年第5号
87042240,车辆总重量在14吨及以上，但不超过20吨,46Axy,LM,辆/千克,税委会公告2026年第5号
87042300,车辆总重量超过20吨仅装柴油或半柴油发动机的车辆总重量≥31吨清障车专用底盘仅装柴油或半柴油发动机的固井水泥车、压裂车、混砂车、连续油管车、液氮泵车用底盘（车辆总重量＞35吨，装驾驶室）,46AOxy,LM,辆/千克,税委会公告2026年第5号
87043100,车辆总重量不超过5吨,46AOxy,LM,辆/千克,税委会公告2026年第5号
87043230,车辆总重量超过5吨，但不超过8吨,46Axy,LM,辆/千克,税委会公告2026年第5号
87043240,车辆总重量超过8吨,46Axy,LM,辆/千克,税委会公告2026年第5号
87044100,车辆总重量不超过5吨,46AOxy,LM,辆/千克,税委会公告2026年第5号
87044210,车辆总重量超过5吨，但小于14吨,46Axy,LM,辆/千克,税委会公告2026年第5号
87044220,车辆总重量在14吨及以上，但不超过20吨,46Axy,LM,辆/千克,税委会公告2026年第5号
87044300,车辆总重量超过20吨,46AOxy,LM,辆/千克,税委会公告2026年第5号
87045100,车辆总重量不超过5吨,46AOxy,LM,辆/千克,税委会公告2026年第5号
87045210,车辆总重量超过5吨，但不超过8吨,46Axy,LM,辆/千克,税委会公告2026年第5号
87045220,车辆总重量超过8吨,46Axy,LM,辆/千克,税委会公告2026年第5号
87046000,仅装有驱动电动机的其他货车,46Axy,LM,辆/千克,税委会公告2026年第5号
87049000,其他,46Axy,LM,辆/千克,税委会公告2026年第5号
87051021,最大起重重量不超过50吨,6A,LM,辆/千克,税委会公告2026年第5号
87051022,最大起重重量超过50吨，但不超过100吨,6A,LM,辆/千克,税委会公告2026年第5号
87051023,最大起重重量超过100吨,6A,LM,辆/千克,税委会公告2026年第5号
87051091,最大起重重量不超过50吨,6A,LM,辆/千克,税委会公告2026年第5号
87051092,最大起重重量超过50吨，但不超过100吨,6A,LM,辆/千克,税委会公告2026年第5号
87051093,最大起重重量超过100吨,6A,LM,辆/千克,税委会公告2026年第5号
87052000,钻探车,6A,LM,辆/千克,税委会公告2026年第5号
87053010,装有云梯的救火车,6A,M,辆/千克,税委会公告2026年第5号
87053090,其他,6A,M,辆/千克,税委会公告2026年第5号
87054000,混凝土搅拌车,6A,LM,辆/千克,税委会公告2026年第5号
87059010,无线电通信车,6A,LM,辆/千克,税委会公告2026年第5号
87059020,放射线检查车,6A,LM,辆/千克,税委会公告2026年第5号
87059030,环境监测车,6A,LM,辆/千克,税委会公告2026年第5号
87059040,医疗车,6A,LM,辆/千克,税委会公告2026年第5号
87059051,航空电源车（频率为400赫兹）,6,,辆/千克,税委会公告2026年第5号
87059059,其他,6A,LM,辆/千克,税委会公告2026年第5号
87059060,飞机加油车、调温车、除冰车,6A,M,辆/千克,税委会公告2026年第5号
87059070,道路（包括跑道）扫雪车,6A,LM,辆/千克,税委会公告2026年第5号
87059080,石油测井车、压裂车、混砂车,6A,LM,辆/千克,税委会公告2026年第5号
87059091,混凝土泵车,6A,LM,辆/千克,税委会公告2026年第5号
87059099,其他,6A,LM,辆/千克,税委会公告2026年第5号
87060010,非公路用自卸车底盘,6,,台/千克,税委会公告2026年第5号
87060021,车辆总重量在14吨及以上的,46AOxy,LM,台/千克,税委会公告2026年第5号
87060022,车辆总重量在14吨以下的,46AOxy,LM,台/千克,税委会公告2026年第5号
87060030,大型客车底盘,46Oxy,,台/千克,税委会公告2026年第5号
87060040,汽车起重机底盘,6AO,LM,台/千克,税委会公告2026年第5号
87060090,其他,46AOxy,LM,台/千克,税委会公告2026年第5号
87071000,税目87.03所列车辆用,6,,台/千克,税委会公告2026年第5号
87079010,子目8702.1092、8702.1093、8702.9020及8702.9030所列车辆用,6,,台/千克,税委会公告2026年第5号
87079090,其他,6,,台/千克,税委会公告2026年第5号
87081000,缓冲器（保险杠）及其零件,6,,千克,税委会公告2026年第5号
87082100,座椅安全带,6A,LM,千克,税委会公告2026年第5号
87082211,电动的,6,L,千克/套,税委会公告2026年第5号
87082212,手动的,6,L,千克/套,税委会公告2026年第5号
87082290,其他,6,L,千克/套,税委会公告2026年第5号
87082930,车窗玻璃升降器,6,,千克,税委会公告2026年第5号
87082951,侧围,6,,千克,税委会公告2026年第5号
87082952,车门,6,,千克/个,税委会公告2026年第5号
87082953,发动机罩盖,6,,千克,税委会公告2026年第5号
87082954,前围,6,,千克,税委会公告2026年第5号
87082955,行李箱盖（或背门）,6,,千克,税委会公告2026年第5号
87082956,后围,6,,千克,税委会公告2026年第5号
87082957,翼子板（或叶子板）,6,,千克,税委会公告2026年第5号
87082959,其他,6,,千克,税委会公告2026年第5号
87082990,其他,6,,千克,税委会公告2026年第5号
87083010,装在蹄片上的制动摩擦片,6,L,千克,税委会公告2026年第5号
87083021,税目87.01、税号8704.1030及8704.1090所列车辆用,6,,千克,税委会公告2026年第5号
87083029,其他,6,,千克,税委会公告2026年第5号
87083091,税目87.01所列车辆用,6,L,千克,税委会公告2026年第5号
87083092,税号8702.1091及8702.9010所列车辆用,6,L,千克,税委会公告2026年第5号
87083093,税号8704.1030及8704.1090所列车辆用,6,,千克,税委会公告2026年第5号
87083094,税号8704.2100、8704.2230、8704.3100及8704.3230所列车辆用,6,L,千克,税委会公告2026年第5号
87083095,税号8704.2240、8704.2300及8704.3240所列车辆用,6,L,千克,税委会公告2026年第5号
87083096,税目87.05所列车辆用,6,L,千克,税委会公告2026年第5号
87083099,其他纯电动或混合动力汽车用电动制动器（由制动器电子控制单元、踏板行程模拟器、制动执行器等组成）,6,L,千克/个,税委会公告2026年第5号
87084010,税目87.01所列车辆用发动机功率65千瓦及以上的动力换挡拖拉机用变速箱,6,,个/千克,税委会公告2026年第5号
87084020,税号8702.1091及8702.9010所列车辆用,6,,个/千克,税委会公告2026年第5号
87084030,税号8704.1030及8704.1090所列车辆用扭矩＞1500牛米的非公路自卸车用变速箱,6,,个/千克,税委会公告2026年第5号
87084040,税号8704.2100、8704.2230、8704.3100及8704.3230所列车辆用,6,,个/千克,税委会公告2026年第5号
87084050,税号8704.2240、8704.2300及8704.3240所列车辆用,6,,个/千克,税委会公告2026年第5号
87084060,税目87.05所列车辆用特殊用途的机动车辆用自动变速箱及其零件,6,,个/千克,税委会公告2026年第5号
87084091,税目87.03所列车辆用自动换挡变速箱及其零件税目87.03所列车辆用自动变速箱用液力变矩器税目87.03所列车辆用自动变速箱用铝阀芯税目87.03所列车辆用无级变速箱用钢带,6,,个/千克,税委会公告2026年第5号
87084099,其他,6,,个/千克,税委会公告2026年第5号
87085071,税目87.01所列车辆用发动机功率65千瓦及以上的动力换挡拖拉机用驱动桥,6,,个/千克,税委会公告2026年第5号
87085072,税号8702.1091及8702.9010所列车辆用,6,,个/千克,税委会公告2026年第5号
87085073,税号8704.1030及8704.1090所列车辆用,6,,个/千克,税委会公告2026年第5号
87085074,税号8704.2100、8704.2230、8704.3100及8704.3230所列车辆用,6,,个/千克,税委会公告2026年第5号
87085075,税号8704.2240、8704.2300及8704.3240所列车辆用,6,,个/千克,税委会公告2026年第5号
87085076,税目87.05所列车辆用,6,,个/千克,税委会公告2026年第5号
87085079,其他,6,,个/千克,税委会公告2026年第5号
87085081,税目87.01所列车辆用,6,,千克,税委会公告2026年第5号
87085082,税号8702.1091及8702.9010所列车辆用,6,,千克,税委会公告2026年第5号
87085083,税号8704.1030及8704.1090所列车辆用,6,,千克,税委会公告2026年第5号
87085084,税号8704.2100、8704.2230、8704.3100及8704.3230所列车辆用,6,,千克,税委会公告2026年第5号
87085085,税号8704.2240、8704.2300及8704.3240所列车辆用,6,,千克,税委会公告2026年第5号
87085086,税目87.05所列车辆用,6,,千克,税委会公告2026年第5号
87085089,其他,6,,千克/个,税委会公告2026年第5号
87087010,税目87.01所列车辆用,6,,千克,税委会公告2026年第5号
87087020,税号8702.1091及8702.9010所列车辆用,6,,千克,税委会公告2026年第5号
87087030,税号8704.1030及8704.1090所列车辆用,6,,千克,税委会公告2026年第5号
87087040,税号8704.2100、8704.2230、8704.3100及8704.3230所列车辆用,6,,千克,税委会公告2026年第5号
87087050,税号8704.2240、8704.2300及8704.3240所列车辆用,6,,千克,税委会公告2026年第5号
87087060,税目87.05所列车辆用,6,,千克,税委会公告2026年第5号
87087091,铝合金制的,6,,千克,税委会公告2026年第5号
87087099,其他,6,,千克,税委会公告2026年第5号
87088010,税目87.03所列车辆用,6,,千克,税委会公告2026年第5号
87088090,其他,6,,千克,税委会公告2026年第5号
87089110,水箱散热器,6,,个/千克,税委会公告2026年第5号
87089120,机油冷却器,6,,个/千克,税委会公告2026年第5号
87089190,其他,6,,个/千克,税委会公告2026年第5号
87089200,消声器（消音器）、排气管及其零件,6,,千克,税委会公告2026年第5号
87089310,税目87.01所列车辆用发动机功率65千瓦及以上的动力换挡拖拉机用离合器,6,,千克,税委会公告2026年第5号
87089320,税号8702.1091及8702.9010所列车辆用,6,,千克,税委会公告2026年第5号
87089330,税号8704.1030及8704.1090所列车辆用,6,,千克,税委会公告2026年第5号
87089340,税号8704.2100、8704.2230、8704.3100及8704.3230所列车辆用,6,,千克,税委会公告2026年第5号
87089350,税号8704.2240、8704.2300及8704.3240所列车辆用,6,,千克,税委会公告2026年第5号
87089360,税目87.05所列车辆用,6,,千克,税委会公告2026年第5号
87089390,其他,6,,千克,税委会公告2026年第5号
87089410,税目87.01所列车辆用,6,,千克,税委会公告2026年第5号
87089420,税号8702.1091及8702.9010所列车辆用,6,,千克,税委会公告2026年第5号
87089430,税号8704.1030及8704.1090所列车辆用,6,,千克,税委会公告2026年第5号
87089440,税号8704.2100、8704.2230、8704.3100及8704.3230所列车辆用,6,,千克,税委会公告2026年第5号
87089450,税号8704.2240、8704.2300及8704.3240所列车辆用,6,,千克,税委会公告2026年第5号
87089460,税目87.05所列车辆用转向器,6,,千克,税委会公告2026年第5号
87089490,其他,6,,千克,税委会公告2026年第5号
87089500,带充气系统的安全气囊及其零件,6,,千克,税委会公告2026年第5号
87089910,税目87.01所列车辆用,6,,千克,税委会公告2026年第5号
87089921,车架,6,,千克,税委会公告2026年第5号
87089929,其他,6,,千克,税委会公告2026年第5号
87089931,车架,6,,千克,税委会公告2026年第5号
87089939,其他,6,,千克,税委会公告2026年第5号
87089941,车架,6,,千克,税委会公告2026年第5号
87089949,其他,6,,千克,税委会公告2026年第5号
87089951,车架,6,,千克,税委会公告2026年第5号
87089959,其他,6,L,千克,税委会公告2026年第5号
87089960,税目87.05所列车辆用,6,,千克,税委会公告2026年第5号
87089991,车架,6,,千克/个,税委会公告2026年第5号
87089992,传动轴,6,,千克,税委会公告2026年第5号
87089999,其他,6,,千克,税委会公告2026年第5号
87091110,牵引车,6,,辆/千克,税委会公告2026年第5号
87091190,其他,6,,辆/千克,税委会公告2026年第5号
87091910,牵引车,6,,辆/千克,税委会公告2026年第5号
87091990,其他,6,,辆/千克,税委会公告2026年第5号
87099000,零件,6,,千克,税委会公告2026年第5号
87100010,整车,6,,辆/千克,税委会公告2026年第5号
87100090,零件,6,,千克,税委会公告2026年第5号
87111000,装有活塞内燃发动机，气缸容量（排气量）不超过50毫升,46Axy,LM,辆/千克,税委会公告2026年第5号
87112010,气缸容量超过50毫升，但不超过100毫升,46Axy,LM,辆/千克,税委会公告2026年第5号
87112020,气缸容量超过100毫升，但不超过125毫升,46Axy,LM,辆/千克,税委会公告2026年第5号
87112030,气缸容量超过125毫升，但不超过150毫升,46Axy,LM,辆/千克,税委会公告2026年第5号
87112040,气缸容量超过150毫升，但不超过200毫升,46Axy,LM,辆/千克,税委会公告2026年第5号
87112050,气缸容量超过200毫升，但不超过250毫升,46Axy,LM,辆/千克,税委会公告2026年第5号
87113010,气缸容量超过250毫升，但不超过400毫升,46Axy,LM,辆/千克,税委会公告2026年第5号
87113020,气缸容量超过400毫升，但不超过500毫升,46Axy,LM,辆/千克,税委会公告2026年第5号
87114000,装有活塞内燃发动机，气缸容量（排气量）超过500毫升，但不超过800毫升,46Axy,LM,辆/千克,税委会公告2026年第5号
87115000,装有活塞内燃发动机，气缸容量（排气量）超过800毫升,46Axy,LM,辆/千克,税委会公告2026年第5号
87116000,装有驱动电动机的,6A,LM,辆/千克,税委会公告2026年第5号
87119000,其他,6A,LM,辆/千克,税委会公告2026年第5号
87120020,竞赛型自行车,6,,辆/千克,税委会公告2026年第5号
87120030,山地自行车,6,,辆/千克,税委会公告2026年第5号
87120041,16、18及20英寸,6,,辆/千克,税委会公告2026年第5号
87120049,其他,6,,辆/千克,税委会公告2026年第5号
87120081,16英寸及以下,6,L,辆/千克,税委会公告2026年第5号
87120089,其他,6,L,辆/千克,税委会公告2026年第5号
87120090,其他,6,L,辆/千克,税委会公告2026年第5号
87131000,非机械驱动,6,,辆/千克,税委会公告2026年第5号
87139000,其他,6,,辆/千克,税委会公告2026年第5号
87141000,摩托车（包括机器脚踏两用车）用,46xy,,千克,税委会公告2026年第5号
87142000,残疾人车辆用,6,,千克,税委会公告2026年第5号
87149100,车架、轮叉及其零件,6,,千克,税委会公告2026年第5号
87149210,轮圈,6,,千克,税委会公告2026年第5号
87149290,辐条,6,,千克,税委会公告2026年第5号
87149310,轮毂,6,,千克,税委会公告2026年第5号
87149320,飞轮,6,,千克,税委会公告2026年第5号
87149390,其他,6,,千克,税委会公告2026年第5号
87149400,制动器（包括倒轮制动毂及毂闸）及其零件,6,,千克,税委会公告2026年第5号
87149500,鞍座,6,,千克/个,税委会公告2026年第5号
87149610,脚蹬及其零件,6,,千克,税委会公告2026年第5号
87149620,曲柄链轮及其零件,6,,千克,税委会公告2026年第5号
87149900,其他,6,,千克,税委会公告2026年第5号
87150000,婴孩车及其零件,6A,LM,千克,税委会公告2026年第5号
87161000,供居住或野营用厢式挂车及半挂车,6A,LM,辆/千克,税委会公告2026年第5号
87162000,农用自装或自卸式挂车及半挂车,6,,辆/千克,税委会公告2026年第5号
87163110,油罐挂车及半挂车,6A,LM,辆/千克,税委会公告2026年第5号
87163190,其他,6A,LM,辆/千克,税委会公告2026年第5号
87163910,货柜挂车及半挂车,6A,LM,辆/千克,税委会公告2026年第5号
87163990,其他,6A,LM,辆/千克,税委会公告2026年第5号
87164000,其他挂车及半挂车,6A,LM,辆/千克,税委会公告2026年第5号
87168000,其他车辆,6,,辆/千克,税委会公告2026年第5号
87169000,零件,6,,千克,税委会公告2026年第5号
88010010,滑翔机及悬挂滑翔机,,,架/千克,税委会公告2026年第5号
88010090,其他,3,,架/千克,税委会公告2026年第5号
88021100,空载重量不超过2000千克,O,,架/千克,税委会公告2026年第5号
88021210,空载重量超过2000千克，但不超过7000千克,O,,架/千克,税委会公告2026年第5号
88021220,空载重量超过7000千克,O,,架/千克,税委会公告2026年第5号
88022000,飞机及其他航空器，空载重量不超过2000千克,O,,架/千克,税委会公告2026年第5号
88023000,飞机及其他航空器，空载重量超过2000千克，但不超过15000千克,O,,架/千克,税委会公告2026年第5号
88024010,空载重量超过15000千克，但不超过45000千克,O,,架/千克,税委会公告2026年第5号
88024020,空载重量超过45000千克,O,,架/千克,税委会公告2026年第5号
88026000,航天器（包括卫星）及其运载工具、亚轨道运载工具通信卫星,,,架/千克,税委会公告2026年第5号
88040000,降落伞（包括可操纵降落伞及滑翔伞）、旋翼降落伞及其零件、附件,,,千克,税委会公告2026年第5号
88051000,航空器的发射装置及其零件；甲板停机装置或类似装置及其零件,,,千克,税委会公告2026年第5号
88052100,空战模拟器及其零件,,,千克,税委会公告2026年第5号
88052900,其他,O,,千克,税委会公告2026年第5号
88061000,设计用于旅客运输的,3O,,架/千克,税委会公告2026年第5号
88062110,航拍无人机,,,架/千克,税委会公告2026年第5号
88062190,其他,O,,架/千克,税委会公告2026年第5号
88062210,航拍无人机,,,架/千克,税委会公告2026年第5号
88062290,其他,3O,,架/千克,税委会公告2026年第5号
88062310,航拍无人机,,,架/千克,税委会公告2026年第5号
88062390,其他,3O,,架/千克,税委会公告2026年第5号
88062410,航拍无人机,,,架/千克,税委会公告2026年第5号
88062490,其他,3O,,架/千克,税委会公告2026年第5号
88062910,航拍无人机,,,架/千克,税委会公告2026年第5号
88062990,其他,3O,,架/千克,税委会公告2026年第5号
88069110,航拍无人机,,,架/千克,税委会公告2026年第5号
88069190,其他,O,,架/千克,税委会公告2026年第5号
88069210,航拍无人机,,,架/千克,税委会公告2026年第5号
88069290,其他,3O,,架/千克,税委会公告2026年第5号
88069310,航拍无人机,,,架/千克,税委会公告2026年第5号
88069390,其他,3O,,架/千克,税委会公告2026年第5号
88069410,航拍无人机,,,架/千克,税委会公告2026年第5号
88069490,其他,3O,,架/千克,税委会公告2026年第5号
88069900,其他,3O,,架/千克,税委会公告2026年第5号
88071000,推进器、水平旋翼及其零件,,,千克,税委会公告2026年第5号
88072000,起落架及其零件,,,千克,税委会公告2026年第5号
88073000,飞机、直升机及无人驾驶航空器的其他零件,,,千克,税委会公告2026年第5号
88079000,其他,,,千克,税委会公告2026年第5号
89011010,机动船舶,O,,艘/千克,税委会公告2026年第5号
89011090,非机动船舶,,,艘/千克,税委会公告2026年第5号
89012011,载重量不超过10万吨,O,,艘/千克,税委会公告2026年第5号
89012012,载重量超过10万吨，但不超过30万吨,,,艘/千克,税委会公告2026年第5号
89012013,载重量超过30万吨,,,艘/千克,税委会公告2026年第5号
89012021,载重量不超过15万吨,O,,艘/千克,税委会公告2026年第5号
89012022,载重量超过15万吨，但不超过30万吨,,,艘/千克,税委会公告2026年第5号
89012023,载重量超过30万吨,,,艘/千克,税委会公告2026年第5号
89012031,容积在20000立方米及以下,O,,艘/千克,税委会公告2026年第5号
89012032,容积在20000立方米以上,,,艘/千克,税委会公告2026年第5号
89012041,容积在20000立方米及以下,,,艘/千克,税委会公告2026年第5号
89012042,容积在20000立方米以上,,,艘/千克,税委会公告2026年第5号
89012090,其他,O,,艘/千克,税委会公告2026年第5号
89013000,冷藏船，但子目8901.20的船舶除外,,,艘/千克,税委会公告2026年第5号
89019021,可载标准集装箱在6000箱及以下,O,,艘/千克,税委会公告2026年第5号
89019022,可载标准集装箱在6000箱以上,,,艘/千克,税委会公告2026年第5号
89019031,载重量在2万吨及以下,O,,艘/千克,税委会公告2026年第5号
89019032,载重量在2万吨以上,,,艘/千克,税委会公告2026年第5号
89019041,载重量不超过15万吨,3O,,艘/千克,税委会公告2026年第5号
89019042,载重量超过15万吨，但不超过30万吨,,,艘/千克,税委会公告2026年第5号
89019043,载重量超过30万吨,,,艘/千克,税委会公告2026年第5号
89019050,机动多用途船,,,艘/千克,税委会公告2026年第5号
89019080,其他，机动的,O,,艘/千克,税委会公告2026年第5号
89019090,非机动的,O,,艘/千克,税委会公告2026年第5号
89020010,机动船舶,O,,艘/千克,税委会公告2026年第5号
89020090,非机动船舶,,,艘/千克,税委会公告2026年第5号
89031100,装有或设计装有发动机，空载（净）重量（不包括发动机）不超过100千克,,,艘/千克,税委会公告2026年第5号
89031200,未设计装有发动机且空载（净）重量不超过100千克,,,艘/千克,税委会公告2026年第5号
89031900,其他,,,艘/千克,税委会公告2026年第5号
89032100,长度不超过7.5米,,,艘/千克,税委会公告2026年第5号
89032200,长度超过7.5米但不超过24米,,,艘/千克,税委会公告2026年第5号
89032300,长度超过24米,,,艘/千克,税委会公告2026年第5号
89033100,长度不超过7.5米,,,艘/千克,税委会公告2026年第5号
89033200,长度超过7.5米但不超过24米,,,艘/千克,税委会公告2026年第5号
89033300,长度超过24米,,,艘/千克,税委会公告2026年第5号
89039300,长度不超过7.5米,,,艘/千克,税委会公告2026年第5号
89039900,其他,,,艘/千克,税委会公告2026年第5号
89040000,拖轮及顶推船,,,艘/千克,税委会公告2026年第5号
89051000,挖泥船,3,,艘/千克,税委会公告2026年第5号
89052000,浮动或潜水式钻探或生产平台,,,座/千克,税委会公告2026年第5号
89059010,浮船坞,,,艘/千克,税委会公告2026年第5号
89059090,其他,,,艘/千克,税委会公告2026年第5号
89061000,军舰,,,艘/千克,税委会公告2026年第5号
89069010,机动船舶,,,艘/千克,税委会公告2026年第5号
89069020,非机动船舶,,,艘/千克,税委会公告2026年第5号
89069030,未制成或不完整的船舶，包括船舶分段,,,艘/千克,税委会公告2026年第5号
89071000,充气筏,,,艘/千克,税委会公告2026年第5号
89079000,其他,,,个/千克,税委会公告2026年第5号
89080000,供拆卸的船舶及其他浮动结构体,9AB,PQ,艘/千克,税委会公告2026年第5号
90011000,光导纤维、光导纤维束及光缆,,,千克,税委会公告2026年第5号
90012000,偏振材料制的片及板,,,千克,税委会公告2026年第5号
90013000,隐形眼镜片,,,片/千克,税委会公告2026年第5号
90014010,变色镜片,,,片/千克,税委会公告2026年第5号
90014091,太阳镜片,,,片/千克,税委会公告2026年第5号
90014099,其他,,,片/千克,税委会公告2026年第5号
90015010,变色镜片,,,片/千克,税委会公告2026年第5号
90015091,太阳镜片,,,片/千克,税委会公告2026年第5号
90015099,其他,,,片/千克,税委会公告2026年第5号
90019010,彩色滤光片,,,千克/片,税委会公告2026年第5号
90019090,其他,,,千克,税委会公告2026年第5号
90021110,子目9006.3000、9006.5921、9006.5929所列照相机用,,,千克/个,税委会公告2026年第5号
90021120,缩微阅读机用,,,千克/个,税委会公告2026年第5号
90021131,单反相机镜头,,,千克/个,税委会公告2026年第5号
90021139,其他,,,千克/个,税委会公告2026年第5号
90021190,其他彩色投影机和数字光处理器的镜头及镜头组件,,,千克/个,税委会公告2026年第5号
90021910,摄影机或放映机用,,,千克/个,税委会公告2026年第5号
90021990,其他,,,千克/个,税委会公告2026年第5号
90022010,照相机用,3,,千克/个,税委会公告2026年第5号
90022090,其他,3,,千克/个,税委会公告2026年第5号
90029010,照相机用,,,千克/个,税委会公告2026年第5号
90029090,其他,3,,千克/个,税委会公告2026年第5号
90031100,塑料制,,,千克/副,税委会公告2026年第5号
90031910,金属材料制,,,千克/副,税委会公告2026年第5号
90031920,天然材料制,FE,,千克/副,税委会公告2026年第5号
90031990,其他,,,千克/副,税委会公告2026年第5号
90039000,零件,,,千克,税委会公告2026年第5号
90041000,太阳镜,,,千克/副,税委会公告2026年第5号
90049010,变色镜,,,千克/副,税委会公告2026年第5号
90049090,其他,,,千克/副,税委会公告2026年第5号
90051000,双筒望远镜,,,个/千克,税委会公告2026年第5号
90058010,天文望远镜及其他天文仪器,,,台/千克,税委会公告2026年第5号
90058090,其他,,,台/千克,税委会公告2026年第5号
90059010,天文望远镜及其他天文仪器用,,,千克,税委会公告2026年第5号
90059090,其他,,,千克,税委会公告2026年第5号
90063000,水下、航空测量或体内器官检查用的特种照相机；法庭或犯罪学用的比较照相机,,,台/千克,税委会公告2026年第5号
90064000,一次成像照相机,,,台/千克,税委会公告2026年第5号
90065310,通过镜头取景［单镜头反光式（SLR）］,,,台/千克,税委会公告2026年第5号
90065390,其他,,,台/千克,税委会公告2026年第5号
90065910,激光照相排版设备,,,台/千克,税委会公告2026年第5号
90065921,电子分色机,,,台/千克,税委会公告2026年第5号
90065929,其他,,,台/千克,税委会公告2026年第5号
90065930,通过镜头取景［单镜头反光式（SLR）］，使用胶片宽度小于35毫米,,,台/千克,税委会公告2026年第5号
90065941,缩微照相机，使用缩微胶卷、胶片或其他缩微品的,,,台/千克,税委会公告2026年第5号
90065949,其他,,,台/千克,税委会公告2026年第5号
90065990,其他,,,架/千克,税委会公告2026年第5号
90066100,放电式（电子式）闪光灯装置照相手机用闪光灯组件,,,个/千克,税委会公告2026年第5号
90066910,闪光灯泡,,,个/千克,税委会公告2026年第5号
90066990,其他,,,个/千克,税委会公告2026年第5号
90069110,税号9006.3000、9006.5921、9006.5929所列照相机用,,,千克,税委会公告2026年第5号
90069120,一次成像照相机用,,,千克,税委会公告2026年第5号
90069191,自动调焦组件,,,千克/套,税委会公告2026年第5号
90069192,快门组件,,,千克/套,税委会公告2026年第5号
90069199,其他,,,千克,税委会公告2026年第5号
90069900,其他,,,千克,税委会公告2026年第5号
90071010,高速摄影机,,,台/千克,税委会公告2026年第5号
90071090,其他,,,台/千克,税委会公告2026年第5号
90072010,数字式,,,台/千克,税委会公告2026年第5号
90072090,其他,,,台/千克,税委会公告2026年第5号
90079100,摄影机用,,,千克,税委会公告2026年第5号
90079200,放映机用2K及以上分辨率的硬盘式数字电影放映机用零附件,,,千克,税委会公告2026年第5号
90085010,幻灯机,,,台/千克,税委会公告2026年第5号
90085020,缩微胶卷、缩微胶片或其他缩微品的阅读机，不论是否可以进行复制,,,台/千克,税委会公告2026年第5号
90085031,正射投影仪,,,台/千克,税委会公告2026年第5号
90085039,其他,,,台/千克,税委会公告2026年第5号
90085040,照片（电影片除外）放大机及缩片机,,,台/千克,税委会公告2026年第5号
90089010,缩微阅读机用,,,千克,税委会公告2026年第5号
90089020,照片放大机及缩片机用,,,千克,税委会公告2026年第5号
90089090,其他,,,千克,税委会公告2026年第5号
90101010,电影用,,,台/千克,税委会公告2026年第5号
90101020,特种照相用,,,台/千克,税委会公告2026年第5号
90101091,彩色胶卷用,,,台/千克,税委会公告2026年第5号
90101099,其他,,,台/千克,税委会公告2026年第5号
90105010,负片显示器,,,台/千克,税委会公告2026年第5号
90105021,电影用,,,台/千克,税委会公告2026年第5号
90105022,特种照相用,,,台/千克,税委会公告2026年第5号
90105029,其他,,,台/千克,税委会公告2026年第5号
90106000,银幕及其他投影屏幕,,,个/千克,税委会公告2026年第5号
90109010,电影用,,,千克,税委会公告2026年第5号
90109020,特种照相用,,,千克,税委会公告2026年第5号
90109090,其他,,,千克,税委会公告2026年第5号
90111000,立体显微镜,,,台/千克,税委会公告2026年第5号
90112000,显微照相、显微电影摄影及显微投影用的其他显微镜,,,台/千克,税委会公告2026年第5号
90118000,其他显微镜,,,台/千克,税委会公告2026年第5号
90119000,零件、附件,,,千克,税委会公告2026年第5号
90121000,显微镜，但光学显微镜除外；衍射设备,,,台/千克,税委会公告2026年第5号
90129000,零件、附件,,,千克,税委会公告2026年第5号
90131000,武器用望远镜瞄准具；潜望镜式望远镜；作为本章或第十六类的机器、设备、仪器或器具部件的望远镜设计用为本章或第十六类的机器、设备、仪器或器具部件的望远镜,,,个/千克,税委会公告2026年第5号
90132000,激光器，但激光二极管除外,3,,个/千克,税委会公告2026年第5号
90138010,放大镜,,,个/千克,税委会公告2026年第5号
90138020,光学门眼,,,个/千克,税委会公告2026年第5号
90138090,其他光刻机用光斑调节装置,,,个/千克,税委会公告2026年第5号
90139010,税号9013.1000及9013.2000所列货品用零件及附件，但武器用望远镜瞄准器具或潜望镜式望远镜用零件及附件除外,,,千克,税委会公告2026年第5号
90139090,其他,,,千克,税委会公告2026年第5号
90141000,定向罗盘,,,个/千克,税委会公告2026年第5号
90142010,自动驾驶仪,3,,个/千克,税委会公告2026年第5号
90142090,其他,,,个/千克,税委会公告2026年第5号
90148000,其他仪器及装置,3,,个/千克,税委会公告2026年第5号
90149010,自动驾驶仪用,,,千克,税委会公告2026年第5号
90149090,其他,,,千克,税委会公告2026年第5号
90151010,激光雷达,,,台/千克,税委会公告2026年第5号
90151090,其他,,,台/千克,税委会公告2026年第5号
90152000,经纬仪及视距仪,,,台/千克,税委会公告2026年第5号
90153000,水平仪,,,台/千克,税委会公告2026年第5号
90154000,摄影测量用仪器及装置,,,台/千克,税委会公告2026年第5号
90158000,其他仪器及装置,,,台/千克,税委会公告2026年第5号
90159000,零件、附件,,,千克,税委会公告2026年第5号
90160010,感量为0.1毫克或更精密的天平,,,台/千克,税委会公告2026年第5号
90160090,其他,,,台/千克,税委会公告2026年第5号
90171000,绘图台及绘图机，不论是否自动,,,台/千克,税委会公告2026年第5号
90172000,其他绘图、划线或数学计算器具,,,个/千克,税委会公告2026年第5号
90173000,千分尺、卡尺及量规,,,个/千克,税委会公告2026年第5号
90178000,其他仪器及器具,,,个/千克,税委会公告2026年第5号
90179000,零件、附件,,,千克,税委会公告2026年第5号
90181100,心电图记录仪,6O,,台/千克,税委会公告2026年第5号
90181210,Ｂ型超声波诊断仪,6OA,M,台/千克,税委会公告2026年第5号
90181291,彩色超声波诊断仪,6OA,M,台/千克,税委会公告2026年第5号
90181299,其他,6A,M,台/千克,税委会公告2026年第5号
90181310,成套装置,6OA,M,套/千克,税委会公告2026年第5号
90181390,零件,6,,个/千克,税委会公告2026年第5号
90181400,闪烁摄影装置,6A,M,台/千克,税委会公告2026年第5号
90181930,病员监护仪,6A,M,台/千克,税委会公告2026年第5号
90181941,听力计,6A,M,台/千克,税委会公告2026年第5号
90181949,其他,6A,M,台/千克,税委会公告2026年第5号
90181990,其他,6A,M,台/千克,年初维护
90182000,紫外线及红外线装置,6A,M,台/千克,税委会公告2026年第5号
90183100,注射器，不论是否装有针头,6A,M,个/千克,税委会公告2026年第5号
90183210,管状金属针头,6A,M,千克,税委会公告2026年第5号
90183220,缝合用针,6A,M,千克,税委会公告2026年第5号
90183900,其他,6A,M,个/千克,税委会公告2026年第5号
90184100,牙钻机，不论是否与其他牙科设备组装在同一底座上,6A,M,台/千克,税委会公告2026年第5号
90184910,装有牙科设备的牙科用椅,6A,M,台/千克,税委会公告2026年第5号
90184990,其他,6A,M,台/千克,税委会公告2026年第5号
90185000,眼科用其他仪器及器具,6A,M,千克,税委会公告2026年第5号
90189010,听诊器,6,,个/千克,税委会公告2026年第5号
90189020,血压测量仪器及器具电血压测量仪器及器具,6A,M,个/千克,税委会公告2026年第5号
90189030,内窥镜,6A,M,台/千克,税委会公告2026年第5号
90189040,肾脏透析设备（人工肾）,6A,M,台/千克,税委会公告2026年第5号
90189050,透热疗法设备,6A,M,台/千克,税委会公告2026年第5号
90189060,输血设备,6A,M,台/千克,税委会公告2026年第5号
90189070,麻醉设备电麻醉设备,6A,M,台/千克,税委会公告2026年第5号
90189080,手术机器人,6A,M,台/千克,税委会公告2026年第5号
90189091,宫内节育器,6A,M,个/千克,税委会公告2026年第5号
90189099,其他医用可解脱弹簧圈颅内取栓支架伞形下腔静脉滤器电外科或电子医疗仪器及器具及其零件及附件,6A,M,台/千克,税委会公告2026年第5号
90191010,按摩器具,A,M,台/千克,税委会公告2026年第5号
90191090,其他,,,台/千克,税委会公告2026年第5号
90192010,有创呼吸机,A,M,台/千克,税委会公告2026年第5号
90192020,无创呼吸机,A,M,台/千克,税委会公告2026年第5号
90192090,其他,A,M,台/千克,税委会公告2026年第5号
90200000,其他呼吸器具及防毒面具，但不包括既无机械零件又无可互换过滤器的防护面具,,L,千克,税委会公告2026年第5号
90211000,矫形或骨折用器具,,,千克,税委会公告2026年第5号
90212100,假牙,,,千克,税委会公告2026年第5号
90212900,其他,,,千克,税委会公告2026年第5号
90213100,人造关节,,,千克/套,税委会公告2026年第5号
90213900,其他人造血管人工心脏瓣膜,,,千克/个,税委会公告2026年第5号
90214000,助听器，不包括零件、附件,,,个/千克,税委会公告2026年第5号
90215000,心脏起搏器，不包括零件、附件,A,M,个/千克,税委会公告2026年第5号
90219011,血管支架,,,千克/个,税委会公告2026年第5号
90219019,其他,,,千克/个,税委会公告2026年第5号
90219090,其他,,,千克,税委会公告2026年第5号
90221200,X射线断层检查仪,6OA,M,台/千克,税委会公告2026年第5号
90221300,其他，牙科用,6OA,M,台/千克,税委会公告2026年第5号
90221400,其他，医疗、外科或兽医用,6OA,M,台/千克,税委会公告2026年第5号
90221910,低剂量X射线安全检查设备,A,M,台/千克,税委会公告2026年第5号
90221920,X射线无损探伤检测仪,A,M,台/千克,税委会公告2026年第5号
90221990,其他,3A,M,台/千克,税委会公告2026年第5号
90222110,应用α射线、β射线、γ射线的,6A,M,台/千克,税委会公告2026年第5号
90222190,其他应用除α射线、β射线、γ射线以外的离子射线的医疗、外科、牙科或兽医用设备,6A,M,台/千克,税委会公告2026年第5号
90222910,γ射线无损探伤检测仪,A,M,台/千克,税委会公告2026年第5号
90222990,其他,3A,M,台/千克,税委会公告2026年第5号
90223000,X射线管,A,M,个/千克,税委会公告2026年第5号
90229010,X射线影像增强器,AO,M,个/千克,税委会公告2026年第5号
90229090,其他医用直线加速器用高压固态调制器系统、多叶光栅模块射线发生器的零部件数字化X射线摄影系统平板探测器X射线断层检查仪专用探测器X射线断层检查仪专用闪烁体、光电转换模块、准直器X射线断层检查仪用高压发生器（功率不低于100千瓦）应用除α射线、β射线、γ射线以外的离子射线的医疗、外科、牙科或兽医用设备的零件及附件,,,个/千克,税委会公告2026年第5号
90230010,教习头,,,千克,税委会公告2026年第5号
90230090,其他,,,千克,税委会公告2026年第5号
90241010,电子万能试验机,,,台/千克,税委会公告2026年第5号
90241020,硬度计,,,台/千克,税委会公告2026年第5号
90241090,其他,,,台/千克,税委会公告2026年第5号
90248000,其他机器及器具,,,台/千克,税委会公告2026年第5号
90249000,零件、附件,,,千克,税委会公告2026年第5号
90251100,液体温度计，可直接读数,89,,个/千克,税委会公告2026年第5号
90251910,工业用,,,个/千克,税委会公告2026年第5号
90251990,其他,,,个/千克,税委会公告2026年第5号
90258000,其他仪器,89,,个/千克,税委会公告2026年第5号
90259000,零件、附件,,,千克/个,税委会公告2026年第5号
90261000,测量、检验液体流量或液位的仪器及装置,,,个/千克,税委会公告2026年第5号
90262010,压力/差压变送器,,,个/千克,税委会公告2026年第5号
90262090,其他,3,,个/千克,税委会公告2026年第5号
90268010,测量气体流量的仪器及装置,,,个/千克,税委会公告2026年第5号
90268090,其他,,,个/千克,税委会公告2026年第5号
90269000,零件、附件,,,千克,税委会公告2026年第5号
90271000,气体或烟雾分析仪,3,,台/千克,税委会公告2026年第5号
90272011,气相色谱仪,,,台/千克,税委会公告2026年第5号
90272012,液相色谱仪,,,台/千克,税委会公告2026年第5号
90272019,其他,,,台/千克,税委会公告2026年第5号
90272020,电泳仪,,,台/千克,税委会公告2026年第5号
90273000,使用光学射线（紫外线、可见光、红外线）的分光仪、分光光度计及摄谱仪,,,台/千克,税委会公告2026年第5号
90275010,基因测序仪,6,,台/千克,税委会公告2026年第5号
90275090,其他,6,,台/千克,税委会公告2026年第5号
90278110,集成电路生产用氦质谱检漏台,,,台/千克,税委会公告2026年第5号
90278120,质谱联用仪,,,台/千克,税委会公告2026年第5号
90278190,其他,3,,台/千克,税委会公告2026年第5号
90278910,曝光表,,,个/千克,税委会公告2026年第5号
90278990,其他,6,,台/千克,税委会公告2026年第5号
90279000,检镜切片机；零件、附件,,,千克,税委会公告2026年第5号
90281010,煤气表,,,个/千克,税委会公告2026年第5号
90281090,其他,,,个/千克,税委会公告2026年第5号
90282010,水表,,,个/千克,税委会公告2026年第5号
90282090,其他,,,个/千克,税委会公告2026年第5号
90283011,单相感应式,,,个/千克,税委会公告2026年第5号
90283012,三相感应式,,,个/千克,税委会公告2026年第5号
90283013,单相电子式（静止式）,,,个/千克,税委会公告2026年第5号
90283014,三相电子式（静止式）,,,个/千克,税委会公告2026年第5号
90283019,其他,,,个/千克,税委会公告2026年第5号
90283090,其他,,,个/千克,税委会公告2026年第5号
90289010,工业用,,,千克,税委会公告2026年第5号
90289090,其他,,,千克,税委会公告2026年第5号
90291010,转数计,,,个/千克,税委会公告2026年第5号
90291020,车费计、里程计,,,个/千克,税委会公告2026年第5号
90291090,其他,,,个/千克,税委会公告2026年第5号
90292010,车辆用速度计,,,个/千克,税委会公告2026年第5号
90292090,其他,,,个/千克,税委会公告2026年第5号
90299000,零件、附件,,,千克,税委会公告2026年第5号
90301000,离子射线的测量或检验仪器及装置,,,台/千克,税委会公告2026年第5号
90302010,测试频率在300兆赫兹以下的通用示波器,,,台/千克,税委会公告2026年第5号
90302090,其他,,,台/千克,税委会公告2026年第5号
90303110,量程在五位半及以下的数字万用表,,,台/千克,税委会公告2026年第5号
90303190,其他,,,台/千克,税委会公告2026年第5号
90303200,万用表，带记录装置,,,台/千克,税委会公告2026年第5号
90303310,量程在五位半及以下的数字电流表、电压表,,,台/千克,税委会公告2026年第5号
90303320,电阻测试仪,,,台/千克,税委会公告2026年第5号
90303390,其他,,,台/千克,税委会公告2026年第5号
90303900,其他，带记录装置,,,台/千克,税委会公告2026年第5号
90304010,测试频率在12.4千兆赫兹以下的数字式频率计,,,台/千克,税委会公告2026年第5号
90304090,其他,,,台/千克,税委会公告2026年第5号
90308200,测试或检验半导体晶圆或器件（包括集成电路）用,,,台/千克,税委会公告2026年第5号
90308410,电感及电容测试仪,,,台/千克,税委会公告2026年第5号
90308490,其他,,,台/千克,税委会公告2026年第5号
90308910,电感及电容测试仪,,,台/千克,税委会公告2026年第5号
90308990,其他,3,,台/千克,税委会公告2026年第5号
90309000,零件、附件,,,千克,税委会公告2026年第5号
90311000,机械零件平衡试验机,3,,台/千克,税委会公告2026年第5号
90312000,试验台,3,,台/千克,税委会公告2026年第5号
90314100,制造半导体器件（包括集成电路）时检验半导体晶圆、器件（包括集成电路）或检测光掩模或光栅用,,,台/千克,税委会公告2026年第5号
90314910,轮廓投影仪,,,台/千克,税委会公告2026年第5号
90314920,光栅测量装置,,,台/千克,税委会公告2026年第5号
90314990,其他,,,台/千克,税委会公告2026年第5号
90318010,光纤通信及光纤性能测试仪,,,台/千克,税委会公告2026年第5号
90318020,坐标测量仪,,,台/千克,税委会公告2026年第5号
90318031,超声波探伤检测仪,,,台/千克,税委会公告2026年第5号
90318032,磁粉探伤检测仪,,,台/千克,税委会公告2026年第5号
90318033,涡流探伤检测仪,,,台/千克,税委会公告2026年第5号
90318039,其他,,,台/千克,税委会公告2026年第5号
90318090,其他,3,,台/千克,税委会公告2026年第5号
90319000,零件、附件,,,千克,税委会公告2026年第5号
90321000,恒温器,,,台/千克,税委会公告2026年第5号
90322000,恒压器,,,台/千克,税委会公告2026年第5号
90328100,液压或气压的,,,台/千克,税委会公告2026年第5号
90328911,列车自动防护系统（ATP）车载设备,,,台/千克,税委会公告2026年第5号
90328912,列车自动运行系统（ATO）车载设备,,,台/千克,税委会公告2026年第5号
90328919,其他,,,台/千克,税委会公告2026年第5号
90328990,其他电喷点火程序控制单元机床用成套数控伺服装置（包括CNC操作单元，带有配套的伺服放大器和伺服电机）印刷机用成套数控伺服传动装置（包括运动控制器或可编程序自动控制器、人机界面单元，带有配套的伺服驱动器和伺服电机）三坐标测量机用自动控制柜飞机自动驾驶系统（包括自动驾驶、电子控制飞行、自动故障分析、警告系统配平系统及推力监控设备及其相关仪表）具有可再生能源和智能电网应用的自动电压和电流调节器；非液压或气压的自动调控流量、液位和湿度的仪器发动机气门正时控制（VTC）模块光刻机用电机控制器,,,台/千克,税委会公告2026年第5号
90329000,零件、附件飞机自动驾驶系统（包括自动驾驶、电子控制飞行、自动故障分析、警告系统配平系统及推力监控设备及其相关仪表）的零件飞机发动机燃油控制器用电路板,,,千克,税委会公告2026年第5号
90330000,"第九十章所列机器、器具、仪器或装置用的本章其他税目未列名的零件、附件用于90章下列环境产品，包括太阳能定日镜、其他测量海洋、水文、气象或地球物理用仪器及设备，测量，检验液体流量或液位的仪器，测量、检验压力的仪器及装置，税目90.26中其他税目未列名的液体或气体测量仪器及装置，气体或烟雾分析仪，色谱仪和电泳仪，使用光学射线（紫外线，可见光，红外线）的分光仪、分光光度计及摄谱仪以及其他理化分析仪器及装置，用于测量、记录、分析和评估环境样品或对环境的影响的理化分析仪器及装置，检镜切片机，轮廓投影仪，光栅测量装置，其他光学测量或检验仪器和器具，测振仪，手振动仪，具有可再生能源和智能电网应用的自动电压和电流调节器，自动调控流量、液位和湿度的仪器,且在其他税目未列名的零附件",,,千克,税委会公告2026年第5号
91011100,仅有机械指示器的,,,只/千克,税委会公告2026年第5号
91011910,仅有光电显示器的,,,只/千克,税委会公告2026年第5号
91011990,其他,,,只/千克,税委会公告2026年第5号
91012100,自动上弦的,EF,,只/千克,税委会公告2026年第5号
91012900,其他,EF,,只/千克,税委会公告2026年第5号
91019100,电力驱动的,,,只/千克,税委会公告2026年第5号
91019900,其他,,,只/千克,税委会公告2026年第5号
91021100,仅有机械指示器的,,,只/千克,税委会公告2026年第5号
91021200,仅有光电显示器的,,,只/千克,税委会公告2026年第5号
91021900,其他,,,只/千克,税委会公告2026年第5号
91022100,自动上弦的,EF,,只/千克,税委会公告2026年第5号
91022900,其他,EF,,只/千克,税委会公告2026年第5号
91029100,电力驱动的,,,只/千克,税委会公告2026年第5号
91029900,其他,,,只/千克,税委会公告2026年第5号
91031000,电力驱动的,,,只/千克,税委会公告2026年第5号
91039000,其他,,,只/千克,税委会公告2026年第5号
91040000,仪表板钟及车辆、航空器、航天器或船舶用的类似钟,,,只/千克,税委会公告2026年第5号
91051100,电力驱动的,,,只/千克,税委会公告2026年第5号
91051900,其他,,,只/千克,税委会公告2026年第5号
91052100,电力驱动的,,,只/千克,税委会公告2026年第5号
91052900,其他,,,只/千克,税委会公告2026年第5号
91059110,天文钟,,,只/千克,税委会公告2026年第5号
91059190,其他,,,只/千克,税委会公告2026年第5号
91059900,其他,,,只/千克,税委会公告2026年第5号
91061000,考勤钟、时刻记录器,,,只/千克,税委会公告2026年第5号
91069000,其他,,,只/千克,税委会公告2026年第5号
91070000,装有钟、表机芯或同步电动机的定时开关,,,个/千克,税委会公告2026年第5号
91081100,仅有机械指示器或有可装机械指示器的装置的,,,只/千克,税委会公告2026年第5号
91081200,仅有光电显示器的,,,只/千克,税委会公告2026年第5号
91081900,其他,,,只/千克,税委会公告2026年第5号
91082000,自动上弦的,,,只/千克,税委会公告2026年第5号
91089010,表面尺寸在33.8毫米及以下,,,只/千克,税委会公告2026年第5号
91089090,其他,,,只/千克,税委会公告2026年第5号
91091000,电力驱动的,,,只/千克,税委会公告2026年第5号
91099000,其他,,,只/千克,税委会公告2026年第5号
91101100,未组装或部分组装的完整机芯（机芯套装件）,,,只/千克,税委会公告2026年第5号
91101200,已组装的不完整机芯,,,千克,税委会公告2026年第5号
91101900,未组装的不完整机芯,,,千克,税委会公告2026年第5号
91109010,未组装或部分组装的完整机芯,,,千克/只,税委会公告2026年第5号
91109090,其他,,,千克,税委会公告2026年第5号
91111000,贵金属表壳或包贵金属表壳,J,,只/千克,税委会公告2026年第5号
91112000,贱金属表壳，不论是否镀金或镀银,,,只/千克,税委会公告2026年第5号
91118000,其他表壳,,,只/千克,税委会公告2026年第5号
91119000,零件,,,千克,税委会公告2026年第5号
91122000,壳,,,只/千克,税委会公告2026年第5号
91129000,零件,,,千克,税委会公告2026年第5号
91131000,贵金属或包贵金属制,J,,千克,税委会公告2026年第5号
91132000,贱金属制，不论是否镀金或镀银,,,千克,税委会公告2026年第5号
91139000,其他,FE,,千克,税委会公告2026年第5号
91143000,钟面或表面,,,千克,税委会公告2026年第5号
91144000,夹板及横担（过桥）,,,千克,税委会公告2026年第5号
91149010,宝石轴承,,,千克,税委会公告2026年第5号
91149020,发条，包括游丝,,,千克,税委会公告2026年第5号
91149090,其他,,,千克,税委会公告2026年第5号
92011000,竖式钢琴,,,台/千克,税委会公告2026年第5号
92012000,大钢琴计税价格50000美元及以上的大钢琴,,,台/千克,税委会公告2026年第5号
92019000,其他,,,台/千克,税委会公告2026年第5号
92021000,弓弦乐器计税价格15000美元及以上的弓弦乐器,FE,,个/千克,税委会公告2026年第5号
92029000,其他,FE,,个/千克,税委会公告2026年第5号
92051000,铜管乐器计税价格2000美元及以上的铜管乐器,,,个/千克,税委会公告2026年第5号
92059010,键盘管风琴；簧风琴及类似的游离金属簧片键盘乐器,,,台/千克,税委会公告2026年第5号
92059020,手风琴及类似乐器,,,个/千克,税委会公告2026年第5号
92059030,口琴,,,个/千克,税委会公告2026年第5号
92059090,其他计税价格10000美元及以上的其他管乐器,,,只/千克,税委会公告2026年第5号
92060000,打击乐器（例如，鼓、木琴、铙、钹、响板、响葫芦）,EF,,个/千克,税委会公告2026年第5号
92071000,键盘乐器，但手风琴除外,,L,个/千克,税委会公告2026年第5号
92079000,其他,EF,,个/千克,税委会公告2026年第5号
92081000,百音盒,,,个/千克,税委会公告2026年第5号
92089000,其他,,,个/千克,税委会公告2026年第5号
92093000,乐器用的弦,,,千克,税委会公告2026年第5号
92099100,钢琴的零件、附件,EF,,千克,税委会公告2026年第5号
92099200,税目92.02所列乐器的零件、附件,EF,,千克,税委会公告2026年第5号
92099400,税目92.07所列乐器的零件、附件,EF,,千克,税委会公告2026年第5号
92099910,节拍器、音叉及定音管,,,千克,税委会公告2026年第5号
92099920,百音盒的机械装置,,,千克,税委会公告2026年第5号
92099990,其他,EF,,千克,税委会公告2026年第5号
93011010,自推进的,,,座/千克,税委会公告2026年第5号
93011090,其他,,,座/千克,税委会公告2026年第5号
93012000,火箭发射装置；火焰喷射器；手榴弹发射器；鱼雷发射管及类似发射装置,,,个/千克,税委会公告2026年第5号
93019000,其他,,,支/千克,税委会公告2026年第5号
93020000,左轮手枪及其他手枪，但税目93.03或93.04的货品除外,,,支/千克,税委会公告2026年第5号
93031000,前装枪,,,支/千克,税委会公告2026年第5号
93032000,其他运动、狩猎或打靶用猎枪，包括组合式滑膛来复枪,,,支/千克,税委会公告2026年第5号
93033000,其他运动、狩猎或打靶用步枪,,,支/千克,税委会公告2026年第5号
93039000,其他,k,,支/千克,税委会公告2026年第5号
93040000,其他武器（例如，弹簧枪、气枪、气手枪、警棍），但不包括税目93.07的货品,,,支/千克,税委会公告2026年第5号
93051000,左轮手枪或其他手枪用,,,千克,税委会公告2026年第5号
93052000,税目93.03的猎枪或步枪用,,,千克,税委会公告2026年第5号
93059100,税目93.01的军用武器用,,,千克,税委会公告2026年第5号
93059900,其他,,,千克,税委会公告2026年第5号
93062100,猎枪子弹,,,千克,税委会公告2026年第5号
93062900,其他,,,千克,税委会公告2026年第5号
93063080,铆接机或类似工具用或弩枪式无痛捕杀器用子弹及其零件,,,千克,税委会公告2026年第5号
93063090,其他,,,千克,税委会公告2026年第5号
93069000,其他,,,千克,税委会公告2026年第5号
93070010,军用,FE,,千克/件,税委会公告2026年第5号
93070090,其他,FE,,千克/件,税委会公告2026年第5号
94011000,飞机用坐具,,,个/千克,税委会公告2026年第5号
94012010,皮革或再生皮革面的,,L,个/千克,税委会公告2026年第5号
94012090,其他,,L,个/千克,税委会公告2026年第5号
94013100,木制的,EF,,个/千克,税委会公告2026年第5号
94013900,其他,,,个/千克,税委会公告2026年第5号
94014110,皮革或再生皮革面的,EF,,个/千克,税委会公告2026年第5号
94014190,其他,EF,,个/千克,税委会公告2026年第5号
94014910,皮革或再生皮革面的,,L,个/千克,税委会公告2026年第5号
94014990,其他,,L,个/千克,税委会公告2026年第5号
94015200,竹制的,ABE,PQ,个/千克,税委会公告2026年第5号
94015300,藤制的,ABEF,PQ,个/千克,税委会公告2026年第5号
94015900,其他,AB,PQ,个/千克,税委会公告2026年第5号
94016110,皮革或再生皮革面的,ABEF,PQ,个/千克,税委会公告2026年第5号
94016190,其他,ABEF,PQ,个/千克,税委会公告2026年第5号
94016900,其他,ABEF,PQ,个/千克,税委会公告2026年第5号
94017110,皮革或再生皮革面的,,,个/千克,税委会公告2026年第5号
94017190,其他,,,个/千克,税委会公告2026年第5号
94017900,其他,,,个/千克,税委会公告2026年第5号
94018010,石制的,,,个/千克,税委会公告2026年第5号
94018090,其他,EF,,个/千克,税委会公告2026年第5号
94019100,木制的,EF,,千克,税委会公告2026年第5号
94019910,机动车辆用座椅调角器,,,套/千克,税委会公告2026年第5号
94019990,其他,,L,千克,税委会公告2026年第5号
94021010,理发用椅及其零件,,,个/千克,税委会公告2026年第5号
94021090,其他,,,个/千克,税委会公告2026年第5号
94029000,其他,,,件/千克,税委会公告2026年第5号
94031000,办公室用金属家具,,,件/千克,税委会公告2026年第5号
94032000,其他金属家具,,,件/千克,税委会公告2026年第5号
94033000,办公室用木家具,ABFE,PQ,件/千克,税委会公告2026年第5号
94034000,厨房用木家具,ABFE,PQ,件/千克,税委会公告2026年第5号
94035010,红木制,ABFE,PQ,件/千克,税委会公告2026年第5号
94035091,天然漆（大漆）漆木家具,AB,MPQ,件/千克,税委会公告2026年第5号
94035099,其他,ABFE,PQ,件/千克,税委会公告2026年第5号
94036010,红木制,ABFE,PQ,件/千克,税委会公告2026年第5号
94036091,天然漆（大漆）漆木家具,AB,MPQ,件/千克,税委会公告2026年第5号
94036099,其他,ABFE,PQ,件/千克,税委会公告2026年第5号
94037000,塑料家具,,,件/千克,税委会公告2026年第5号
94038200,竹制的,ABE,PQ,件/千克,税委会公告2026年第5号
94038300,藤制的,ABEF,PQ,件/千克,税委会公告2026年第5号
94038910,柳条及类似材料制的,AB,PQ,件/千克,税委会公告2026年第5号
94038920,石制的,,,件/千克,税委会公告2026年第5号
94038990,其他,,,件/千克,税委会公告2026年第5号
94039100,木制的,EF,,千克,税委会公告2026年第5号
94039900,其他,,,千克,税委会公告2026年第5号
94041000,弹簧床垫,,,个/千克,税委会公告2026年第5号
94042100,海绵橡胶或泡沫塑料制，不论是否包面,4ABxy,PQ,个/千克,税委会公告2026年第5号
94042900,其他材料制,,,个/千克,税委会公告2026年第5号
94043010,羽毛或羽绒填充的,FE,,个/千克,税委会公告2026年第5号
94043090,其他,,,个/千克,税委会公告2026年第5号
94044010,羽毛或羽绒填充的,EF,,千克/件,税委会公告2026年第5号
94044020,兽毛填充的,EF,,千克/件,税委会公告2026年第5号
94044030,丝棉填充的,,,千克/件,税委会公告2026年第5号
94044040,化纤棉填充的,,,千克/件,税委会公告2026年第5号
94044090,其他,,,千克/件,税委会公告2026年第5号
94049010,羽毛或羽绒填充的,EF,,千克,税委会公告2026年第5号
94049020,兽毛填充的,EF,,千克,税委会公告2026年第5号
94049030,丝棉填充的,,,千克,税委会公告2026年第5号
94049040,化纤棉填充的,,,千克,税委会公告2026年第5号
94049090,其他,,,千克,税委会公告2026年第5号
94051100,设计为仅使用发光二极管（LED）光源的,,L,个/千克,税委会公告2026年第5号
94051900,其他,,L,个/千克,税委会公告2026年第5号
94052100,设计为仅使用发光二极管（LED）光源的,EF,L,台/千克,税委会公告2026年第5号
94052900,其他,EF,L,台/千克,税委会公告2026年第5号
94053100,设计为仅使用发光二极管（LED）光源的,,,套/千克,税委会公告2026年第5号
94053900,其他,,,套/千克,税委会公告2026年第5号
94054100,光伏的，且设计为仅使用发光二极管（LED）光源的,,,台/千克,税委会公告2026年第5号
94054210,探照灯和聚光灯,,,台/千克,税委会公告2026年第5号
94054290,其他,,,千克,税委会公告2026年第5号
94054910,探照灯和聚光灯,,,台/千克,税委会公告2026年第5号
94054990,其他,,,千克,税委会公告2026年第5号
94055000,非电气的灯具及照明装置,,,千克,税委会公告2026年第5号
94056100,设计为仅使用发光二极管（LED）光源的,,L,千克,税委会公告2026年第5号
94056900,其他,,L,千克,税委会公告2026年第5号
94059100,玻璃制,,,千克,税委会公告2026年第5号
94059200,塑料制,,,千克,税委会公告2026年第5号
94059900,其他,,,千克,税委会公告2026年第5号
94061000,木制的,AB,PQ,千克/套,税委会公告2026年第5号
94062000,钢结构模块建筑单元,,,千克/套,税委会公告2026年第5号
94069000,其他,AB,PQ,千克/套,税委会公告2026年第5号
95030010,供儿童乘骑的带轮玩具（例如，三轮车、踏板车、踏板汽车）；玩偶车,,L,辆/千克,税委会公告2026年第5号
95030021,动物,A,LM,个/千克,税委会公告2026年第5号
95030029,其他,A,LM,个/千克,税委会公告2026年第5号
95030060,智力玩具,A,LM,套/千克,税委会公告2026年第5号
95030083,带动力装置的玩具及模型,A,LM,套/千克,税委会公告2026年第5号
95030089,其他,A,LM,个/千克,税委会公告2026年第5号
95030090,零件、附件,A,LM,千克,税委会公告2026年第5号
95042000,台球用品及附件,EF,,千克,税委会公告2026年第5号
95043010,电子游戏机,,,台/千克,税委会公告2026年第5号
95043090,其他,,,台/千克,税委会公告2026年第5号
95044000,游戏纸牌,,,副/千克,税委会公告2026年第5号
95045020,自带视频显示装置的视频游戏控制器及设备,,,台/千克,税委会公告2026年第5号
95045030,其他视频游戏控制器及设备,,,台/千克,税委会公告2026年第5号
95045080,零件及附件,,,个/千克,税委会公告2026年第5号
95049010,其他电子游戏机,,,台/千克,税委会公告2026年第5号
95049021,保龄球自动分瓶机,,,台/千克,税委会公告2026年第5号
95049022,保龄球,,,个/千克,税委会公告2026年第5号
95049023,保龄球瓶,,,个/千克,税委会公告2026年第5号
95049029,其他,,,台/千克,税委会公告2026年第5号
95049030,中国象棋、国际象棋、跳棋等棋类用品,,,副/千克,税委会公告2026年第5号
95049040,麻将及类似桌上游戏用品,,,副/千克,税委会公告2026年第5号
95049090,其他,,,台/千克,税委会公告2026年第5号
95051000,圣诞节用品,AB,PQ,千克,税委会公告2026年第5号
95059000,其他,,,千克,税委会公告2026年第5号
95061100,滑雪屐,,,双/千克,税委会公告2026年第5号
95061200,滑雪屐扣件（滑雪屐带）,,,千克,税委会公告2026年第5号
95061900,其他,,,千克,税委会公告2026年第5号
95062100,帆板,,,个/千克,税委会公告2026年第5号
95062900,其他,,,个/千克,税委会公告2026年第5号
95063100,棍，全套,,,根/千克,税委会公告2026年第5号
95063200,球,,,个/千克,税委会公告2026年第5号
95063900,其他,,,千克,税委会公告2026年第5号
95064010,乒乓球,,,百个/千克,税委会公告2026年第5号
95064090,其他,,,千克,税委会公告2026年第5号
95065100,草地网球拍，不论是否装弦,,,支/千克,税委会公告2026年第5号
95065900,其他,,,支/千克,税委会公告2026年第5号
95066100,草地网球,,,个/千克,税委会公告2026年第5号
95066210,篮球、足球、排球,,,个/千克,税委会公告2026年第5号
95066290,其他,,,个/千克,税委会公告2026年第5号
95066900,其他,,,个/千克,税委会公告2026年第5号
95067010,溜冰鞋,,,双/千克,税委会公告2026年第5号
95067020,旱冰鞋,,,双/千克,税委会公告2026年第5号
95069111,跑步机,,,台/千克,税委会公告2026年第5号
95069119,其他,,,千克,税委会公告2026年第5号
95069190,其他,,,千克,税委会公告2026年第5号
95069910,滑板,,,个/千克,税委会公告2026年第5号
95069990,其他,,,个/千克,税委会公告2026年第5号
95071000,钓鱼竿,AB,PQ,副/千克,税委会公告2026年第5号
95072000,钓鱼钩，不论有无系钩丝,,,千克,税委会公告2026年第5号
95073000,钓线轮,,,个/千克,税委会公告2026年第5号
95079000,其他,,,千克,税委会公告2026年第5号
95081000,流动马戏团及流动动物园,FEAB,PQ,千克,税委会公告2026年第5号
95082100,过山车,AB,PQ,千克,税委会公告2026年第5号
95082200,旋转木马，秋千和旋转平台,AB,PQ,千克,税委会公告2026年第5号
95082300,碰碰车,AB,PQ,千克,税委会公告2026年第5号
95082400,运动模拟器和移动剧场,AB,PQ,千克,税委会公告2026年第5号
95082500,水上乘骑游乐设施,AB,PQ,千克,税委会公告2026年第5号
95082600,水上乐园娱乐设备,AB,PQ,千克,税委会公告2026年第5号
95082900,其他,AB,PQ,千克,税委会公告2026年第5号
95083000,游乐场娱乐设备,AB,PQ,千克,税委会公告2026年第5号
95084000,流动剧团,AB,PQ,千克,税委会公告2026年第5号
96011000,已加工的兽牙及其制品,AFEB,PQ,千克,税委会公告2026年第5号
96019000,其他牛角纽扣坯圆片（濒危动物制除外）,AFEB,PQ,千克,税委会公告2026年第5号
96020010,装药用胶囊,,,千克,税委会公告2026年第5号
96020090,其他,AB,PQ,千克,税委会公告2026年第5号
96031000,用枝条或其他植物材料捆扎而成的帚及刷，不论是否有把,AB,PQ,把/千克,税委会公告2026年第5号
96032100,牙刷，包括齿板刷,A,M,把/千克,税委会公告2026年第5号
96032900,其他,FE,,支/千克,税委会公告2026年第5号
96033010,画笔,FE,,支/千克,税委会公告2026年第5号
96033020,毛笔,FE,,支/千克,税委会公告2026年第5号
96033090,其他,FE,,支/千克,税委会公告2026年第5号
96034011,猪鬃制,,,把/千克,税委会公告2026年第5号
96034019,其他,,,把/千克,税委会公告2026年第5号
96034020,油漆块垫及滚筒,,,个/千克,税委会公告2026年第5号
96035011,作为机器、器具零件的刷,,,个/千克,税委会公告2026年第5号
96035019,其他,,,个/千克,税委会公告2026年第5号
96035091,作为机器、器具零件的刷,FE,,个/千克,税委会公告2026年第5号
96035099,其他,FE,,个/千克,税委会公告2026年第5号
96039010,羽毛掸,AFEB,PQ,个/千克,税委会公告2026年第5号
96039090,其他,AFEB,PQ,个/千克,税委会公告2026年第5号
96040000,手用粗筛、细筛,AB,PQ,个/千克,税委会公告2026年第5号
96050000,个人梳妆、缝纫或清洁鞋靴、衣服用的成套旅行用具,,,套/千克,税委会公告2026年第5号
96061000,揿扣及其零件,,,千克,税委会公告2026年第5号
96062100,塑料制，未用纺织材料包裹,,,千克,税委会公告2026年第5号
96062200,贱金属制，未用纺织材料包裹,,,千克,税委会公告2026年第5号
96062900,其他,FE,,千克,税委会公告2026年第5号
96063000,钮扣芯及钮扣的其他零件；钮扣坯,,,千克,税委会公告2026年第5号
96071100,装有贱金属制齿的,,,米/千克,税委会公告2026年第5号
96071900,其他,,,米/千克,税委会公告2026年第5号
96072000,零件,,,千克,税委会公告2026年第5号
96081000,圆珠笔,,,支/千克,税委会公告2026年第5号
96082000,毡尖和其他渗水式笔尖笔及唛头笔,,,支/千克,税委会公告2026年第5号
96083010,墨汁画笔,,,支/千克,税委会公告2026年第5号
96083020,自来水笔,,,支/千克,税委会公告2026年第5号
96083090,其他,,,支/千克,税委会公告2026年第5号
96084000,活动铅笔,,,支/千克,税委会公告2026年第5号
96085000,由上述两个或多个子目所列物品组成的成套货品,,,套/千克,税委会公告2026年第5号
96086000,圆珠笔芯，由圆珠笔头和墨芯构成,,,支/千克,税委会公告2026年第5号
96089100,钢笔头及笔尖粒,,,支/千克,税委会公告2026年第5号
96089910,机器、仪器用笔,,,支/千克,税委会公告2026年第5号
96089920,蜡纸铁笔；钢笔杆、铅笔杆及类似的笔杆,,,支/千克,税委会公告2026年第5号
96089990,其他,,,千克,税委会公告2026年第5号
96091010,铅笔,,,千克/百支,税委会公告2026年第5号
96091020,颜色铅笔,,,千克,税委会公告2026年第5号
96092000,铅笔芯，黑的或其他颜色的,,,千克,税委会公告2026年第5号
96099000,其他,,,千克,税委会公告2026年第5号
96100000,具有书写或绘画面的石板、黑板及类似板，不论是否镶框,,,千克,税委会公告2026年第5号
96110000,手用日期戳、封缄戳、编号戳及类似印戳（包括标签压印器）；手工操作的排字盘及带有排字盘的手印器,FE,,千克,税委会公告2026年第5号
96121000,色带,,,个/千克,税委会公告2026年第5号
96122000,印台,,,个/千克,税委会公告2026年第5号
96131000,袖珍气体打火机，一次性的,B,N,个/千克,税委会公告2026年第5号
96132000,袖珍气体打火机，可充气的,B,N,个/千克,税委会公告2026年第5号
96138000,其他打火器,B,N,个/千克,税委会公告2026年第5号
96139000,零件,,,千克,税委会公告2026年第5号
96140010,烟斗及烟斗头,ABEF,PQ,个/千克,税委会公告2026年第5号
96140090,其他,FE,,千克,税委会公告2026年第5号
96151100,硬质橡胶或塑料制,,,千克,税委会公告2026年第5号
96151900,其他,FE,,千克,税委会公告2026年第5号
96159000,其他,,,千克,税委会公告2026年第5号
96161000,香水喷雾器或类似的化妆用喷雾器及其座架、喷头,,,千克,税委会公告2026年第5号
96162000,粉扑及粉拍，施敷脂粉或化妆品用,,,千克,税委会公告2026年第5号
96170011,玻璃内胆制,,,个/千克,税委会公告2026年第5号
96170019,其他,,,个/千克,税委会公告2026年第5号
96170090,其他,,,千克/个,税委会公告2026年第5号
96180000,裁缝用人体模型及其他人体活动模型；橱窗装饰用的自动模型及其他活动陈列品,AB,PQ,千克,税委会公告2026年第5号
96190011,供婴儿使用的,A,M,千克,税委会公告2026年第5号
96190019,其他,A,M,千克,税委会公告2026年第5号
96190020,卫生巾（护垫）及卫生棉条,A,M,千克,税委会公告2026年第5号
96190090,其他,A,M,千克,税委会公告2026年第5号
96200010,专用于税目85.19、85.21，子目8525.8、9006.3、9006.5、9007.1或9007.2所列设备的独脚架、双脚架、三脚架及类似品,,,千克,税委会公告2026年第5号
96200090,其他,,,千克,税委会公告2026年第5号
97012100,油画、粉画及其他手绘画,,,幅/千克,税委会公告2026年第5号
97012200,镶嵌画,ABFE,PQ,幅/千克,税委会公告2026年第5号
97012900,其他,ABFE,PQ,幅/千克,税委会公告2026年第5号
97019111,唐卡,,,幅/千克,税委会公告2026年第5号
97019119,其他,,,幅/千克,税委会公告2026年第5号
97019120,复制品,,,幅/千克,税委会公告2026年第5号
97019200,镶嵌画,ABFE,PQ,幅/千克,税委会公告2026年第5号
97019900,其他,ABFE,PQ,幅/千克,税委会公告2026年第5号
97021000,超过100年的,,,幅/千克,税委会公告2026年第5号
97029000,其他,,,幅/千克,税委会公告2026年第5号
97031000,超过100年的,FE,,件/千克,税委会公告2026年第5号
97039000,其他,FE,,件/千克,税委会公告2026年第5号
97040010,邮票,,,千克,税委会公告2026年第5号
97040090,其他,,,千克,税委会公告2026年第5号
97051000,具有考古学、人种学或历史学意义的收集品及珍藏品,ABFE,PQ,千克,税委会公告2026年第5号
97052100,人类标本及其部分,ABV,VW,千克,税委会公告2026年第5号
97052200,灭绝或濒危物种及其部分,ABFE,PQ,千克,税委会公告2026年第5号
97052900,其他,ABz,PQ,千克,税委会公告2026年第5号
97053100,超过100年的,AB,PQ,千克,税委会公告2026年第5号
97053900,其他,AB,PQ,千克,税委会公告2026年第5号
97061000,超过250年的,ABFE,PQ,件/千克,税委会公告2026年第5号
97069000,其他,ABFE,PQ,件/千克,税委会公告2026年第5号
